Time,Device name,Chip Time(),Acceleration X(g),Acceleration Y(g),Acceleration Z(g),Angular velocity X(°/s),Angular velocity Y(°/s),Angular velocity Z(°/s),ShiftX(mm),ShiftY(mm),ShiftZ(mm),SpeedX(mm/s),SpeedY(mm/s),SpeedZ(mm/s),Angle X(°),Angle Y(°),Angle Z(°),Magnetic field X(ʯt),Magnetic field Y(ʯt),Magnetic field Z(ʯt),Temperature(℃),Quaternions 0(),Quaternions 1(),Quaternions 2(),Quaternions 3(),Raw power(),Power Percent(%)()
 11:49:54.207,d2:03:b8:43:8d:44, 2015-01-01 00:04:48.780, -0.124, 0.979, -0.16, -0.427, 0.061, 0, , , , , , , 99.108, 7.136, 8.383, 0.000, 0.000, 0.000,, 0.64917, 0.75452, 0.09579, 6E-05,,,
 11:49:54.257,d2:03:b8:43:8d:44, 2015-01-01 00:04:48.780, -0.121, 0.977, -0.157, -0.427, 0.061, 0.244, , , , , , , 99.108, 7.136, 8.383, 0.000, 0.000, 0.000,, 0.64917, 0.75452, 0.09579, 6E-05,,,
 11:49:54.257,d2:03:b8:43:8d:44, 2015-01-01 00:04:48.780, -0.12, 0.977, -0.156, -0.427, 0.061, 0, , , , , , , 99.108, 7.136, 8.383, 0.000, 0.000, 0.000,, 0.64917, 0.75452, 0.09579, 6E-05,,,
 11:49:54.258,d2:03:b8:43:8d:44, 2015-01-01 00:04:48.780, -0.124, 0.98, -0.156, -0.244, 0.183, -0.244, , , , , , , 99.108, 7.136, 8.383, 0.000, 0.000, 0.000,, 0.64917, 0.75452, 0.09579, 6E-05,,,
 11:49:54.274,d2:03:b8:43:8d:44, 2015-01-01 00:04:48.780, -0.121, 0.979, -0.156, -0.305, 0.122, 0.854, , , , , , , 99.108, 7.136, 8.383, 0.000, 0.000, 0.000,, 0.64917, 0.75452, 0.09579, 6E-05,,,
 11:49:54.274,d2:03:b8:43:8d:44, 2015-01-01 00:04:48.780, -0.123, 0.977, -0.154, -0.061, 0.305, 0.671, , , , , , , 99.108, 7.136, 8.383, 0.000, 0.000, 0.000,, 0.64917, 0.75452, 0.09579, 6E-05,,,
 11:49:54.274,d2:03:b8:43:8d:44, 2015-01-01 00:04:48.780, -0.128, 0.976, -0.155, 0.122, 0.122, 0.183, , , , , , , 99.108, 7.136, 8.383, 0.000, 0.000, 0.000,, 0.64917, 0.75452, 0.09579, 6E-05,,,
 11:49:54.275,d2:03:b8:43:8d:44, 2015-01-01 00:04:48.780, -0.128, 0.979, -0.155, 0.366, 0.122, -0.122, , , , , , , 99.108, 7.136, 8.383, 0.000, 0.000, 0.000,, 0.64917, 0.75452, 0.09579, 6E-05,,,
 11:49:54.275,d2:03:b8:43:8d:44, 2015-01-01 00:04:48.780, -0.123, 0.977, -0.157, 0.366, 0.061, 0.549, , , , , , , 99.108, 7.136, 8.383, 0.000, 0.000, 0.000,, 0.64917, 0.75452, 0.09579, 6E-05,,,
 11:49:54.275,d2:03:b8:43:8d:44, 2015-01-01 00:04:48.780, -0.121, 0.975, -0.158, 0.549, 0.061, -0.061, , , , , , , 99.108, 7.136, 8.383, 0.000, 0.000, 0.000,, 0.64917, 0.75452, 0.09579, 6E-05,,,
 11:49:54.275,d2:03:b8:43:8d:44, 2015-01-01 00:04:48.780, -0.125, 0.977, -0.16, 0.549, 0.061, -0.61, , , , , , , 99.108, 7.136, 8.383, 0.000, 0.000, 0.000,, 0.64917, 0.75452, 0.09579, 6E-05,,,
 11:49:54.276,d2:03:b8:43:8d:44, 2015-01-01 00:04:48.780, -0.122, 0.979, -0.16, 0.549, 0, -0.427, , , , , , , 99.108, 7.136, 8.383, 0.000, 0.000, 0.000,, 0.64917, 0.75452, 0.09579, 6E-05,,,
 11:49:54.276,d2:03:b8:43:8d:44, 2015-01-01 00:04:48.780, -0.121, 0.978, -0.16, 0.366, 0.061, 0.122, , , , , , , 99.108, 7.136, 8.383, 0.000, 0.000, 0.000,, 0.64917, 0.75452, 0.09579, 6E-05,,,
 11:49:54.276,d2:03:b8:43:8d:44, 2015-01-01 00:04:48.780, -0.121, 0.977, -0.16, 0.122, 0.061, 0.244, , , , , , , 99.108, 7.136, 8.383, 0.000, 0.000, 0.000,, 0.64917, 0.75452, 0.09579, 6E-05,,,
 11:49:54.277,d2:03:b8:43:8d:44, 2015-01-01 00:04:48.780, -0.127, 0.978, -0.16, -0.183, 0.366, -0.305, , , , , , , 99.108, 7.136, 8.383, 0.000, 0.000, 0.000,, 0.64917, 0.75452, 0.09579, 6E-05,,,
 11:49:54.277,d2:03:b8:43:8d:44, 2015-01-01 00:04:48.780, -0.128, 0.978, -0.157, -0.305, 0.122, 0, , , , , , , 99.108, 7.136, 8.383, 0.000, 0.000, 0.000,, 0.64917, 0.75452, 0.09579, 6E-05,,,
 11:49:54.277,d2:03:b8:43:8d:44, 2015-01-01 00:04:48.780, -0.128, 0.977, -0.157, -0.366, 0.122, -0.061, , , , , , , 99.108, 7.136, 8.383, 0.000, 0.000, 0.000,, 0.64917, 0.75452, 0.09579, 6E-05,,,
 11:49:54.277,d2:03:b8:43:8d:44, 2015-01-01 00:04:48.780, -0.127, 0.977, -0.156, -0.427, 0, 0, , , , , , , 99.113, 7.136, 8.383, 0.000, 0.000, 0.000,, 0.64917, 0.75452, 0.09579, 6E-05,,,
 11:49:54.278,d2:03:b8:43:8d:44, 2015-01-01 00:04:48.780, -0.125, 0.977, -0.156, -0.427, 0.061, -0.549, , , , , , , 99.113, 7.136, 8.383, 0.000, 0.000, 0.000,, 0.64917, 0.75452, 0.09579, 6E-05,,,
 11:49:54.278,d2:03:b8:43:8d:44, 2015-01-01 00:04:48.780, -0.124, 0.978, -0.155, -0.366, 0.122, -0.244, , , , , , , 99.113, 7.136, 8.383, 0.000, 0.000, 0.000,, 0.64917, 0.75452, 0.09579, 6E-05,,,
 11:49:54.278,d2:03:b8:43:8d:44, 2015-01-01 00:04:48.780, -0.12, 0.978, -0.154, -0.122, 0, -0.061, , , , , , , 99.113, 7.136, 8.383, 0.000, 0.000, 0.000,, 0.64917, 0.75452, 0.09579, 6E-05,,,
 11:49:54.278,d2:03:b8:43:8d:44, 2015-01-01 00:04:48.780, -0.123, 0.979, -0.156, 0.122, 0.122, 0.183, , , , , , , 99.113, 7.136, 8.383, 0.000, 0.000, 0.000,, 0.64917, 0.75452, 0.09579, 6E-05,,,
 11:49:54.279,d2:03:b8:43:8d:44, 2015-01-01 00:04:48.780, -0.121, 0.978, -0.157, 0.366, 0.122, 0.549, , , , , , , 99.113, 7.136, 8.383, 0.000, 0.000, 0.000,, 0.64917, 0.75452, 0.09579, 6E-05,,,
 11:49:54.279,d2:03:b8:43:8d:44, 2015-01-01 00:04:48.780, -0.125, 0.979, -0.158, 0.549, 0.244, 0.61, , , , , , , 99.113, 7.136, 8.383, 0.000, 0.000, 0.000,, 0.64917, 0.75452, 0.09579, 6E-05,,,
 11:49:54.445,d2:03:b8:43:8d:44, 2015-01-01 00:04:48.780, -0.124, 0.976, -0.159, 0.732, 0.305, 0.732, , , , , , , 99.113, 7.136, 8.383, 0.000, 0.000, 0.000,, 0.64914, 0.75455, 0.09579, 6E-05,,,
 11:49:54.501,d2:03:b8:43:8d:44, 2015-01-01 00:04:49.225, -0.126, 0.977, -0.159, 0.793, 0.366, 0.244, , , , , , , 99.113, 7.136, 8.383, 0.000, 0.000, 0.000,, 0.64914, 0.75455, 0.09579, 6E-05,,,
 11:49:54.501,d2:03:b8:43:8d:44, 2015-01-01 00:04:49.225, -0.125, 0.977, -0.16, 0.671, 0.183, 0.244, , , , , , , 99.113, 7.136, 8.383, 0.000, 0.000, 0.000,, 0.64914, 0.75455, 0.09579, 6E-05,,,
 11:49:54.502,d2:03:b8:43:8d:44, 2015-01-01 00:04:49.225, -0.124, 0.977, -0.161, 0.488, 0.122, -0.061, , , , , , , 99.113, 7.136, 8.383, 0.000, 0.000, 0.000,, 0.64914, 0.75455, 0.09579, 6E-05,,,
 11:49:54.518,d2:03:b8:43:8d:44, 2015-01-01 00:04:49.225, -0.122, 0.977, -0.161, 0.061, 0.122, -0.061, , , , , , , 99.113, 7.136, 8.383, 0.000, 0.000, 0.000,, 0.64914, 0.75455, 0.09579, 6E-05,,,
 11:49:54.518,d2:03:b8:43:8d:44, 2015-01-01 00:04:49.225, -0.12, 0.979, -0.159, -0.244, 0.122, -0.427, , , , , , , 99.113, 7.136, 8.383, 0.000, 0.000, 0.000,, 0.64914, 0.75455, 0.09579, 6E-05,,,
 11:49:54.518,d2:03:b8:43:8d:44, 2015-01-01 00:04:49.225, -0.122, 0.98, -0.158, -0.61, 0.183, -0.122, , , , , , , 99.113, 7.136, 8.383, 0.000, 0.000, 0.000,, 0.64914, 0.75455, 0.09579, 6E-05,,,
 11:49:54.518,d2:03:b8:43:8d:44, 2015-01-01 00:04:49.225, -0.122, 0.978, -0.156, -0.793, 0.061, -0.122, , , , , , , 99.113, 7.136, 8.383, 0.000, 0.000, 0.000,, 0.64914, 0.75455, 0.09579, 6E-05,,,
 11:49:54.518,d2:03:b8:43:8d:44, 2015-01-01 00:04:49.225, -0.126, 0.978, -0.156, -0.854, 0.061, -0.122, , , , , , , 99.113, 7.136, 8.383, 0.000, 0.000, 0.000,, 0.64914, 0.75455, 0.09579, 6E-05,,,
 11:49:54.519,d2:03:b8:43:8d:44, 2015-01-01 00:04:49.225, -0.127, 0.977, -0.155, -0.732, 0, -0.122, , , , , , , 99.113, 7.136, 8.383, 0.000, 0.000, 0.000,, 0.64914, 0.75455, 0.09579, 6E-05,,,
 11:49:54.519,d2:03:b8:43:8d:44, 2015-01-01 00:04:49.225, -0.13, 0.977, -0.154, -0.366, -0.061, -0.427, , , , , , , 99.113, 7.136, 8.383, 0.000, 0.000, 0.000,, 0.64914, 0.75455, 0.09579, 6E-05,,,
 11:49:54.519,d2:03:b8:43:8d:44, 2015-01-01 00:04:49.225, -0.125, 0.976, -0.154, 0, -0.061, -0.061, , , , , , , 99.113, 7.136, 8.383, 0.000, 0.000, 0.000,, 0.64914, 0.75455, 0.09579, 6E-05,,,
 11:49:54.519,d2:03:b8:43:8d:44, 2015-01-01 00:04:49.225, -0.125, 0.977, -0.155, 0.366, 0, -0.488, , , , , , , 99.113, 7.136, 8.383, 0.000, 0.000, 0.000,, 0.64914, 0.75455, 0.09579, 6E-05,,,
 11:49:54.520,d2:03:b8:43:8d:44, 2015-01-01 00:04:49.225, -0.125, 0.977, -0.156, 0.732, 0, -0.305, , , , , , , 99.113, 7.136, 8.383, 0.000, 0.000, 0.000,, 0.64914, 0.75455, 0.09579, 6E-05,,,
 11:49:54.520,d2:03:b8:43:8d:44, 2015-01-01 00:04:49.225, -0.124, 0.979, -0.157, 0.793, 0, -0.183, , , , , , , 99.113, 7.136, 8.383, 0.000, 0.000, 0.000,, 0.64914, 0.75455, 0.09579, 6E-05,,,
 11:49:54.520,d2:03:b8:43:8d:44, 2015-01-01 00:04:49.225, -0.123, 0.979, -0.159, 0.732, 0.061, 0.427, , , , , , , 99.113, 7.136, 8.383, 0.000, 0.000, 0.000,, 0.64914, 0.75455, 0.09579, 6E-05,,,
 11:49:54.520,d2:03:b8:43:8d:44, 2015-01-01 00:04:49.225, -0.123, 0.979, -0.159, 0.61, 0.183, 0.305, , , , , , , 99.113, 7.136, 8.383, 0.000, 0.000, 0.000,, 0.64914, 0.75455, 0.09579, 6E-05,,,
 11:49:54.521,d2:03:b8:43:8d:44, 2015-01-01 00:04:49.225, -0.124, 0.979, -0.16, 0.427, 0.366, 0.671, , , , , , , 99.113, 7.136, 8.383, 0.000, 0.000, 0.000,, 0.64914, 0.75455, 0.09579, 6E-05,,,
 11:49:54.521,d2:03:b8:43:8d:44, 2015-01-01 00:04:49.225, -0.125, 0.978, -0.16, 0.183, 0.427, 0.488, , , , , , , 99.113, 7.136, 8.383, 0.000, 0.000, 0.000,, 0.64914, 0.75455, 0.09579, 6E-05,,,
 11:49:54.521,d2:03:b8:43:8d:44, 2015-01-01 00:04:49.225, -0.127, 0.978, -0.159, -0.061, 0.305, 0.61, , , , , , , 99.113, 7.136, 8.383, 0.000, 0.000, 0.000,, 0.64914, 0.75455, 0.09579, 6E-05,,,
 11:49:54.522,d2:03:b8:43:8d:44, 2015-01-01 00:04:49.225, -0.123, 0.975, -0.159, -0.183, 0.183, 0.793, , , , , , , 99.113, 7.136, 8.383, 0.000, 0.000, 0.000,, 0.64914, 0.75455, 0.09579, 6E-05,,,
 11:49:54.522,d2:03:b8:43:8d:44, 2015-01-01 00:04:49.225, -0.126, 0.977, -0.159, -0.305, 0.305, -0.122, , , , , , , 99.113, 7.136, 8.383, 0.000, 0.000, 0.000,, 0.64914, 0.75455, 0.09579, 6E-05,,,
 11:49:54.522,d2:03:b8:43:8d:44, 2015-01-01 00:04:49.225, -0.125, 0.978, -0.157, -0.366, 0.061, -0.305, , , , , , , 99.113, 7.136, 8.383, 0.000, 0.000, 0.000,, 0.64914, 0.75455, 0.09579, 6E-05,,,
 11:49:54.522,d2:03:b8:43:8d:44, 2015-01-01 00:04:49.225, -0.12, 0.979, -0.156, -0.366, 0, -0.122, , , , , , , 99.113, 7.136, 8.383, 0.000, 0.000, 0.000,, 0.64914, 0.75455, 0.09579, 6E-05,,,
 11:49:54.668,d2:03:b8:43:8d:44, 2015-01-01 00:04:49.225, -0.119, 0.978, -0.156, -0.305, 0, 0.122, , , , , , , 99.113, 7.136, 8.383, 0.000, 0.000, 0.000,, 0.64914, 0.75455, 0.09579, 6E-05,,,
 11:49:54.735,d2:03:b8:43:8d:44, 2015-01-01 00:04:49.225, -0.124, 0.978, -0.155, -0.122, 0, -0.671, , , , , , , 99.113, 7.136, 8.383, 0.000, 0.000, 0.000,, 0.64914, 0.75455, 0.09579, 6E-05,,,
 11:49:54.735,d2:03:b8:43:8d:44, 2015-01-01 00:04:49.225, -0.126, 0.979, -0.155, 0, 0, -0.122, , , , , , , 99.113, 7.136, 8.383, 0.000, 0.000, 0.000,, 0.64914, 0.75455, 0.09579, 6E-05,,,
 11:49:54.736,d2:03:b8:43:8d:44, 2015-01-01 00:04:49.225, -0.124, 0.977, -0.155, 0.061, 0.061, 0, , , , , , , 99.113, 7.136, 8.383, 0.000, 0.000, 0.000,, 0.64914, 0.75455, 0.09579, 6E-05,,,
 11:49:54.752,d2:03:b8:43:8d:44, 2015-01-01 00:04:49.225, -0.128, 0.977, -0.156, 0.244, 0, -0.183, , , , , , , 99.113, 7.136, 8.383, 0.000, 0.000, 0.000,, 0.64914, 0.75455, 0.09579, 6E-05,,,
 11:49:54.752,d2:03:b8:43:8d:44, 2015-01-01 00:04:49.225, -0.127, 0.978, -0.157, 0.427, 0, -0.488, , , , , , , 99.113, 7.136, 8.383, 0.000, 0.000, 0.000,, 0.64908, 0.75458, 0.09583, 6E-05,,,
 11:49:54.752,d2:03:b8:43:8d:44, 2015-01-01 00:04:49.225, -0.128, 0.977, -0.158, 0.427, 0.183, -0.305, , , , , , , 99.113, 7.136, 8.383, 0.000, 0.000, 0.000,, 0.64908, 0.75458, 0.09583, 6E-05,,,
 11:49:54.752,d2:03:b8:43:8d:44, 2015-01-01 00:04:49.225, -0.123, 0.977, -0.159, 0.549, 0, 0, , , , , , , 99.113, 7.136, 8.383, 0.000, 0.000, 0.000,, 0.64908, 0.75458, 0.09583, 6E-05,,,
 11:49:54.753,d2:03:b8:43:8d:44, 2015-01-01 00:04:49.225, -0.123, 0.978, -0.16, 0.549, 0.122, -0.122, , , , , , , 99.113, 7.136, 8.383, 0.000, 0.000, 0.000,, 0.64908, 0.75458, 0.09583, 6E-05,,,
 11:49:54.753,d2:03:b8:43:8d:44, 2015-01-01 00:04:49.225, -0.121, 0.979, -0.162, 0.305, 0.183, 0.305, , , , , , , 99.113, 7.136, 8.383, 0.000, 0.000, 0.000,, 0.64908, 0.75458, 0.09583, 6E-05,,,
 11:49:54.753,d2:03:b8:43:8d:44, 2015-01-01 00:04:49.225, -0.122, 0.979, -0.16, 0.122, 0.244, 0.366, , , , , , , 99.113, 7.136, 8.383, 0.000, 0.000, 0.000,, 0.64908, 0.75458, 0.09583, 6E-05,,,
 11:49:54.753,d2:03:b8:43:8d:44, 2015-01-01 00:04:49.225, -0.123, 0.978, -0.16, 0, 0.244, 0.732, , , , , , , 99.113, 7.136, 8.383, 0.000, 0.000, 0.000,, 0.64908, 0.75458, 0.09583, 6E-05,,,
 11:49:54.754,d2:03:b8:43:8d:44, 2015-01-01 00:04:49.225, -0.125, 0.978, -0.159, -0.061, 0.366, 0.488, , , , , , , 99.113, 7.136, 8.383, 0.000, 0.000, 0.000,, 0.64908, 0.75458, 0.09583, 6E-05,,,
 11:49:54.754,d2:03:b8:43:8d:44, 2015-01-01 00:04:49.225, -0.126, 0.977, -0.158, -0.183, 0.183, 0.671, , , , , , , 99.119, 7.136, 8.383, 0.000, 0.000, 0.000,, 0.64908, 0.75458, 0.09583, 6E-05,,,
 11:49:54.754,d2:03:b8:43:8d:44, 2015-01-01 00:04:49.225, -0.125, 0.976, -0.157, -0.244, 0.183, 0.183, , , , , , , 99.119, 7.136, 8.383, 0.000, 0.000, 0.000,, 0.64908, 0.75458, 0.09583, 6E-05,,,
 11:49:54.755,d2:03:b8:43:8d:44, 2015-01-01 00:04:49.225, -0.125, 0.977, -0.156, -0.366, 0.183, -0.061, , , , , , , 99.119, 7.136, 8.383, 0.000, 0.000, 0.000,, 0.64908, 0.75458, 0.09583, 6E-05,,,
 11:49:54.755,d2:03:b8:43:8d:44, 2015-01-01 00:04:49.225, -0.122, 0.977, -0.155, -0.366, 0.061, -0.366, , , , , , , 99.119, 7.136, 8.383, 0.000, 0.000, 0.000,, 0.64908, 0.75458, 0.09583, 6E-05,,,
 11:49:54.755,d2:03:b8:43:8d:44, 2015-01-01 00:04:49.225, -0.124, 0.979, -0.154, -0.305, -0.061, -0.427, , , , , , , 99.119, 7.136, 8.383, 0.000, 0.000, 0.000,, 0.64908, 0.75458, 0.09583, 6E-05,,,
 11:49:54.755,d2:03:b8:43:8d:44, 2015-01-01 00:04:49.225, -0.121, 0.978, -0.154, -0.122, -0.122, -0.305, , , , , , , 99.119, 7.136, 8.383, 0.000, 0.000, 0.000,, 0.64908, 0.75458, 0.09583, 6E-05,,,
 11:49:54.756,d2:03:b8:43:8d:44, 2015-01-01 00:04:49.225, -0.124, 0.978, -0.154, 0, 0, -0.427, , , , , , , 99.119, 7.136, 8.383, 0.000, 0.000, 0.000,, 0.64908, 0.75458, 0.09583, 6E-05,,,
 11:49:54.756,d2:03:b8:43:8d:44, 2015-01-01 00:04:49.225, -0.123, 0.978, -0.155, 0.122, 0, -0.061, , , , , , , 99.119, 7.136, 8.383, 0.000, 0.000, 0.000,, 0.64908, 0.75458, 0.09583, 6E-05,,,
 11:49:54.756,d2:03:b8:43:8d:44, 2015-01-01 00:04:49.225, -0.126, 0.978, -0.157, 0.366, 0.122, -0.122, , , , , , , 99.119, 7.136, 8.383, 0.000, 0.000, 0.000,, 0.64908, 0.75458, 0.09583, 6E-05,,,
 11:49:54.756,d2:03:b8:43:8d:44, 2015-01-01 00:04:49.225, -0.126, 0.976, -0.158, 0.549, 0.061, 0.122, , , , , , , 99.119, 7.136, 8.383, 0.000, 0.000, 0.000,, 0.64908, 0.75458, 0.09583, 6E-05,,,
 11:49:54.757,d2:03:b8:43:8d:44, 2015-01-01 00:04:49.225, -0.127, 0.977, -0.16, 0.732, 0.122, -0.061, , , , , , , 99.119, 7.136, 8.383, 0.000, 0.000, 0.000,, 0.64908, 0.75458, 0.09583, 6E-05,,,
 11:49:54.939,d2:03:b8:43:8d:44, 2015-01-01 00:04:49.640, -0.125, 0.976, -0.161, 0.732, 0.122, 0.244, , , , , , , 99.119, 7.136, 8.383, 0.000, 0.000, 0.000,, 0.64908, 0.75458, 0.09583, 6E-05,,,
 11:49:55.018,d2:03:b8:43:8d:44, 2015-01-01 00:04:49.640, -0.122, 0.976, -0.161, 0.549, 0.122, 0, , , , , , , 99.119, 7.136, 8.383, 0.000, 0.000, 0.000,, 0.64908, 0.75458, 0.09583, 6E-05,,,
 11:49:55.018,d2:03:b8:43:8d:44, 2015-01-01 00:04:49.640, -0.124, 0.978, -0.161, 0.305, 0.244, 0, , , , , , , 99.119, 7.136, 8.383, 0.000, 0.000, 0.000,, 0.64908, 0.75458, 0.09583, 6E-05,,,
 11:49:55.019,d2:03:b8:43:8d:44, 2015-01-01 00:04:49.640, -0.121, 0.979, -0.16, 0, 0.183, 0.122, , , , , , , 99.119, 7.136, 8.383, 0.000, 0.000, 0.000,, 0.64908, 0.75458, 0.09583, 6E-05,,,
 11:49:55.148,d2:03:b8:43:8d:44, 2015-01-01 00:04:49.640, -0.122, 0.979, -0.159, -0.305, 0.305, 0.427, , , , , , , 99.119, 7.136, 8.383, 0.000, 0.000, 0.000,, 0.64908, 0.75458, 0.09583, 6E-05,,,
 11:49:55.173,d2:03:b8:43:8d:44, 2015-01-01 00:04:49.640, -0.122, 0.978, -0.158, -0.488, 0.183, 0.488, , , , , , , 99.119, 7.136, 8.383, 0.000, 0.000, 0.000,, 0.64908, 0.75458, 0.09583, 6E-05,,,
 11:49:55.174,d2:03:b8:43:8d:44, 2015-01-01 00:04:49.640, -0.126, 0.978, -0.156, -0.671, 0.183, 0.061, , , , , , , 99.119, 7.136, 8.383, 0.000, 0.000, 0.000,, 0.64905, 0.75464, 0.09583, 3E-05,,,
 11:49:55.174,d2:03:b8:43:8d:44, 2015-01-01 00:04:49.640, -0.124, 0.977, -0.156, -0.732, 0.122, 0.366, , , , , , , 99.124, 7.141, 8.383, 0.000, 0.000, 0.000,, 0.64905, 0.75464, 0.09583, 3E-05,,,
 11:49:55.174,d2:03:b8:43:8d:44, 2015-01-01 00:04:49.640, -0.125, 0.977, -0.155, -0.549, 0.183, 0, , , , , , , 99.124, 7.141, 8.383, 0.000, 0.000, 0.000,, 0.64905, 0.75464, 0.09583, 3E-05,,,
 11:49:55.175,d2:03:b8:43:8d:44, 2015-01-01 00:04:49.640, -0.125, 0.976, -0.154, -0.244, 0, -0.122, , , , , , , 99.124, 7.141, 8.383, 0.000, 0.000, 0.000,, 0.64905, 0.75464, 0.09583, 3E-05,,,
 11:49:55.175,d2:03:b8:43:8d:44, 2015-01-01 00:04:49.640, -0.125, 0.977, -0.155, 0.061, 0, -0.61, , , , , , , 99.124, 7.141, 8.383, 0.000, 0.000, 0.000,, 0.64905, 0.75464, 0.09583, 3E-05,,,
 11:49:55.175,d2:03:b8:43:8d:44, 2015-01-01 00:04:49.640, -0.124, 0.977, -0.155, 0.366, -0.061, -0.122, , , , , , , 99.124, 7.141, 8.383, 0.000, 0.000, 0.000,, 0.64905, 0.75464, 0.09583, 3E-05,,,
 11:49:55.176,d2:03:b8:43:8d:44, 2015-01-01 00:04:49.640, -0.121, 0.978, -0.156, 0.61, 0, -0.366, , , , , , , 99.124, 7.141, 8.383, 0.000, 0.000, 0.000,, 0.64905, 0.75464, 0.09583, 3E-05,,,
 11:49:55.176,d2:03:b8:43:8d:44, 2015-01-01 00:04:49.640, -0.124, 0.979, -0.158, 0.671, 0.061, -0.305, , , , , , , 99.124, 7.141, 8.383, 0.000, 0.000, 0.000,, 0.64905, 0.75464, 0.09583, 3E-05,,,
 11:49:55.176,d2:03:b8:43:8d:44, 2015-01-01 00:04:49.640, -0.123, 0.979, -0.159, 0.732, 0.122, 0, , , , , , , 99.124, 7.141, 8.383, 0.000, 0.000, 0.000,, 0.64905, 0.75464, 0.09583, 3E-05,,,
 11:49:55.176,d2:03:b8:43:8d:44, 2015-01-01 00:04:49.640, -0.125, 0.978, -0.159, 0.549, 0.244, 0.244, , , , , , , 99.124, 7.141, 8.383, 0.000, 0.000, 0.000,, 0.64905, 0.75464, 0.09583, 3E-05,,,
 11:49:55.177,d2:03:b8:43:8d:44, 2015-01-01 00:04:49.640, -0.124, 0.977, -0.16, 0.427, 0.122, 0.305, , , , , , , 99.124, 7.141, 8.383, 0.000, 0.000, 0.000,, 0.64905, 0.75464, 0.09583, 3E-05,,,
 11:49:55.177,d2:03:b8:43:8d:44, 2015-01-01 00:04:49.640, -0.128, 0.979, -0.16, 0.183, 0.305, 0, , , , , , , 99.124, 7.141, 8.383, 0.000, 0.000, 0.000,, 0.64905, 0.75464, 0.09583, 3E-05,,,
 11:49:55.177,d2:03:b8:43:8d:44, 2015-01-01 00:04:49.640, -0.124, 0.977, -0.16, -0.061, 0.122, 0.366, , , , , , , 99.124, 7.141, 8.383, 0.000, 0.000, 0.000,, 0.64905, 0.75464, 0.09583, 3E-05,,,
 11:49:55.177,d2:03:b8:43:8d:44, 2015-01-01 00:04:49.640, -0.123, 0.978, -0.159, -0.305, 0.305, 0.183, , , , , , , 99.124, 7.141, 8.383, 0.000, 0.000, 0.000,, 0.64905, 0.75464, 0.09583, 3E-05,,,
 11:49:55.177,d2:03:b8:43:8d:44, 2015-01-01 00:04:49.640, -0.123, 0.978, -0.158, -0.366, 0.183, 0.122, , , , , , , 99.124, 7.141, 8.383, 0.000, 0.000, 0.000,, 0.64905, 0.75464, 0.09583, 3E-05,,,
 11:49:55.177,d2:03:b8:43:8d:44, 2015-01-01 00:04:49.640, -0.123, 0.979, -0.157, -0.427, 0.122, -0.122, , , , , , , 99.124, 7.141, 8.383, 0.000, 0.000, 0.000,, 0.64905, 0.75464, 0.09583, 3E-05,,,
 11:49:55.177,d2:03:b8:43:8d:44, 2015-01-01 00:04:49.640, -0.123, 0.979, -0.156, -0.427, 0.061, 0.305, , , , , , , 99.124, 7.141, 8.383, 0.000, 0.000, 0.000,, 0.64905, 0.75464, 0.09583, 3E-05,,,
 11:49:55.207,d2:03:b8:43:8d:44, 2015-01-01 00:04:49.640, -0.121, 0.978, -0.155, -0.366, 0.061, 0.061, , , , , , , 99.124, 7.141, 8.383, 0.000, 0.000, 0.000,, 0.64905, 0.75464, 0.09583, 3E-05,,,
 11:49:55.223,d2:03:b8:43:8d:44, 2015-01-01 00:04:49.640, -0.125, 0.978, -0.155, -0.183, 0.183, 0, , , , , , , 99.124, 7.141, 8.383, 0.000, 0.000, 0.000,, 0.64905, 0.75464, 0.09583, 3E-05,,,
 11:49:55.223,d2:03:b8:43:8d:44, 2015-01-01 00:04:49.640, -0.125, 0.977, -0.155, 0, 0.061, -0.183, , , , , , , 99.124, 7.141, 8.383, 0.000, 0.000, 0.000,, 0.64905, 0.75464, 0.09583, 3E-05,,,
 11:49:55.223,d2:03:b8:43:8d:44, 2015-01-01 00:04:49.640, -0.128, 0.978, -0.154, 0.183, 0.122, 0, , , , , , , 99.124, 7.141, 8.383, 0.000, 0.000, 0.000,, 0.64905, 0.75464, 0.09583, 3E-05,,,
 11:49:55.223,d2:03:b8:43:8d:44, 2015-01-01 00:04:49.640, -0.124, 0.976, -0.155, 0.427, -0.061, -0.061, , , , , , , 99.124, 7.141, 8.383, 0.000, 0.000, 0.000,, 0.64905, 0.75464, 0.09583, 3E-05,,,
 11:49:55.224,d2:03:b8:43:8d:44, 2015-01-01 00:04:49.640, -0.126, 0.978, -0.157, 0.549, 0, -0.427, , , , , , , 99.124, 7.141, 8.383, 0.000, 0.000, 0.000,, 0.64905, 0.75464, 0.09583, 3E-05,,,
 11:49:55.224,d2:03:b8:43:8d:44, 2015-01-01 00:04:49.640, -0.124, 0.977, -0.159, 0.488, 0, -0.183, , , , , , , 99.124, 7.141, 8.383, 0.000, 0.000, 0.000,, 0.64905, 0.75464, 0.09583, 3E-05,,,
 11:49:55.224,d2:03:b8:43:8d:44, 2015-01-01 00:04:49.640, -0.122, 0.978, -0.159, 0.427, 0.183, -0.183, , , , , , , 99.124, 7.141, 8.383, 0.000, 0.000, 0.000,, 0.64905, 0.75464, 0.09583, 3E-05,,,
 11:49:55.224,d2:03:b8:43:8d:44, 2015-01-01 00:04:49.640, -0.122, 0.978, -0.159, 0.305, 0.122, 0.122, , , , , , , 99.124, 7.141, 8.383, 0.000, 0.000, 0.000,, 0.64905, 0.75464, 0.09583, 3E-05,,,
 11:49:55.224,d2:03:b8:43:8d:44, 2015-01-01 00:04:49.640, -0.123, 0.979, -0.159, 0.183, 0.122, 0, , , , , , , 99.124, 7.141, 8.383, 0.000, 0.000, 0.000,, 0.64905, 0.75464, 0.09583, 3E-05,,,
 11:49:55.225,d2:03:b8:43:8d:44, 2015-01-01 00:04:49.640, -0.125, 0.978, -0.16, 0, 0.183, 0.488, , , , , , , 99.124, 7.141, 8.383, 0.000, 0.000, 0.000,, 0.64905, 0.75464, 0.09583, 3E-05,,,
 11:49:55.225,d2:03:b8:43:8d:44, 2015-01-01 00:04:49.640, -0.123, 0.977, -0.16, -0.183, 0.244, 0.366, , , , , , , 99.124, 7.141, 8.383, 0.000, 0.000, 0.000,, 0.64905, 0.75464, 0.09583, 3E-05,,,
 11:49:55.225,d2:03:b8:43:8d:44, 2015-01-01 00:04:49.640, -0.127, 0.978, -0.159, -0.183, 0.366, 0.244, , , , , , , 99.124, 7.141, 8.383, 0.000, 0.000, 0.000,, 0.64905, 0.75464, 0.09583, 3E-05,,,
 11:49:55.226,d2:03:b8:43:8d:44, 2015-01-01 00:04:49.640, -0.125, 0.977, -0.158, -0.244, 0.183, 0.122, , , , , , , 99.124, 7.141, 8.383, 0.000, 0.000, 0.000,, 0.64905, 0.75464, 0.09583, 3E-05,,,
 11:49:55.226,d2:03:b8:43:8d:44, 2015-01-01 00:04:49.640, -0.125, 0.978, -0.157, -0.183, 0.183, 0.122, , , , , , , 99.124, 7.141, 8.383, 0.000, 0.000, 0.000,, 0.64905, 0.75464, 0.09583, 3E-05,,,
 11:49:55.226,d2:03:b8:43:8d:44, 2015-01-01 00:04:49.640, -0.122, 0.977, -0.156, -0.183, 0, 0.061, , , , , , , 99.124, 7.141, 8.383, 0.000, 0.000, 0.000,, 0.64905, 0.75464, 0.09583, 3E-05,,,
 11:49:55.226,d2:03:b8:43:8d:44, 2015-01-01 00:04:49.640, -0.124, 0.978, -0.156, -0.122, 0.061, -0.183, , , , , , , 99.124, 7.141, 8.383, 0.000, 0.000, 0.000,, 0.64905, 0.75464, 0.09583, 3E-05,,,
 11:49:55.227,d2:03:b8:43:8d:44, 2015-01-01 00:04:49.640, -0.123, 0.978, -0.156, -0.061, 0.122, 0, , , , , , , 99.124, 7.141, 8.383, 0.000, 0.000, 0.000,, 0.64905, 0.75464, 0.09583, 3E-05,,,
 11:49:55.227,d2:03:b8:43:8d:44, 2015-01-01 00:04:49.640, -0.124, 0.978, -0.155, 0.061, 0.122, -0.122, , , , , , , 99.124, 7.141, 8.383, 0.000, 0.000, 0.000,, 0.64905, 0.75464, 0.09583, 3E-05,,,
 11:49:55.227,d2:03:b8:43:8d:44, 2015-01-01 00:04:49.640, -0.125, 0.978, -0.156, 0.183, 0, 0.061, , , , , , , 99.124, 7.141, 8.383, 0.000, 0.000, 0.000,, 0.64905, 0.75464, 0.09583, 3E-05,,,
 11:49:55.227,d2:03:b8:43:8d:44, 2015-01-01 00:04:49.640, -0.125, 0.978, -0.156, 0.366, 0, -0.244, , , , , , , 99.124, 7.141, 8.383, 0.000, 0.000, 0.000,, 0.64905, 0.75464, 0.09583, 3E-05,,,
 11:49:55.363,d2:03:b8:43:8d:44, 2015-01-01 00:04:50.060, -0.126, 0.977, -0.159, 0.366, 0.061, 0.061, , , , , , , 99.124, 7.141, 8.383, 0.000, 0.000, 0.000,, 0.64905, 0.75464, 0.09583, 3E-05,,,
 11:49:55.422,d2:03:b8:43:8d:44, 2015-01-01 00:04:50.060, -0.124, 0.977, -0.159, 0.427, 0.122, -0.122, , , , , , , 99.124, 7.141, 8.383, 0.000, 0.000, 0.000,, 0.64905, 0.75464, 0.09583, 3E-05,,,
 11:49:55.422,d2:03:b8:43:8d:44, 2015-01-01 00:04:50.060, -0.126, 0.977, -0.16, 0.366, 0.183, -0.183, , , , , , , 99.124, 7.141, 8.383, 0.000, 0.000, 0.000,, 0.64905, 0.75464, 0.09583, 3E-05,,,
 11:49:55.422,d2:03:b8:43:8d:44, 2015-01-01 00:04:50.060, -0.122, 0.977, -0.16, 0.244, 0.122, 0, , , , , , , 99.124, 7.141, 8.383, 0.000, 0.000, 0.000,, 0.64905, 0.75464, 0.09583, 3E-05,,,
 11:49:55.438,d2:03:b8:43:8d:44, 2015-01-01 00:04:50.060, -0.123, 0.979, -0.16, 0.244, 0.183, 0.061, , , , , , , 99.124, 7.141, 8.383, 0.000, 0.000, 0.000,, 0.64905, 0.75464, 0.09583, 3E-05,,,
 11:49:55.438,d2:03:b8:43:8d:44, 2015-01-01 00:04:50.060, -0.122, 0.977, -0.159, 0, 0.122, 0.305, , , , , , , 99.124, 7.141, 8.383, 0.000, 0.000, 0.000,, 0.64905, 0.75464, 0.09583, 3E-05,,,
 11:49:55.438,d2:03:b8:43:8d:44, 2015-01-01 00:04:50.060, -0.125, 0.979, -0.159, -0.122, 0.183, 0, , , , , , , 99.124, 7.141, 8.383, 0.000, 0.000, 0.000,, 0.64905, 0.75464, 0.09583, 3E-05,,,
 11:49:55.439,d2:03:b8:43:8d:44, 2015-01-01 00:04:50.060, -0.124, 0.978, -0.158, -0.305, 0.183, 0.427, , , , , , , 99.124, 7.141, 8.383, 0.000, 0.000, 0.000,, 0.64905, 0.75464, 0.09583, 3E-05,,,
 11:49:55.439,d2:03:b8:43:8d:44, 2015-01-01 00:04:50.060, -0.125, 0.978, -0.156, -0.305, 0.244, 0.122, , , , , , , 99.124, 7.141, 8.383, 0.000, 0.000, 0.000,, 0.64905, 0.75464, 0.09583, 3E-05,,,
 11:49:55.439,d2:03:b8:43:8d:44, 2015-01-01 00:04:50.060, -0.125, 0.977, -0.155, -0.305, 0.122, 0.244, , , , , , , 99.13, 7.141, 8.383, 0.000, 0.000, 0.000,, 0.64905, 0.75464, 0.09583, 3E-05,,,
 11:49:55.440,d2:03:b8:43:8d:44, 2015-01-01 00:04:50.060, -0.125, 0.978, -0.155, -0.183, 0.061, -0.061, , , , , , , 99.13, 7.141, 8.383, 0.000, 0.000, 0.000,, 0.64905, 0.75464, 0.09583, 3E-05,,,
 11:49:55.440,d2:03:b8:43:8d:44, 2015-01-01 00:04:50.060, -0.125, 0.978, -0.156, 0, 0.061, 0.061, , , , , , , 99.13, 7.141, 8.383, 0.000, 0.000, 0.000,, 0.64905, 0.75464, 0.09583, 3E-05,,,
 11:49:55.440,d2:03:b8:43:8d:44, 2015-01-01 00:04:50.060, -0.122, 0.977, -0.156, 0.061, 0, -0.061, , , , , , , 99.13, 7.141, 8.383, 0.000, 0.000, 0.000,, 0.64905, 0.75464, 0.09583, 3E-05,,,
 11:49:55.440,d2:03:b8:43:8d:44, 2015-01-01 00:04:50.060, -0.125, 0.978, -0.155, 0.183, 0.122, -0.183, , , , , , , 99.13, 7.141, 8.383, 0.000, 0.000, 0.000,, 0.64905, 0.75464, 0.09583, 3E-05,,,
 11:49:55.441,d2:03:b8:43:8d:44, 2015-01-01 00:04:50.060, -0.123, 0.978, -0.157, 0.366, 0, -0.061, , , , , , , 99.13, 7.141, 8.383, 0.000, 0.000, 0.000,, 0.64905, 0.75464, 0.09583, 3E-05,,,
 11:49:55.441,d2:03:b8:43:8d:44, 2015-01-01 00:04:50.060, -0.125, 0.979, -0.157, 0.427, 0.122, 0, , , , , , , 99.13, 7.141, 8.383, 0.000, 0.000, 0.000,, 0.64905, 0.75464, 0.09583, 3E-05,,,
 11:49:55.441,d2:03:b8:43:8d:44, 2015-01-01 00:04:50.060, -0.123, 0.977, -0.159, 0.427, 0.061, 0, , , , , , , 99.13, 7.141, 8.383, 0.000, 0.000, 0.000,, 0.64905, 0.75464, 0.09583, 3E-05,,,
 11:49:55.442,d2:03:b8:43:8d:44, 2015-01-01 00:04:50.060, -0.125, 0.978, -0.159, 0.366, 0.183, -0.183, , , , , , , 99.13, 7.141, 8.383, 0.000, 0.000, 0.000,, 0.64905, 0.75464, 0.09583, 3E-05,,,
 11:49:55.442,d2:03:b8:43:8d:44, 2015-01-01 00:04:50.060, -0.125, 0.978, -0.16, 0.183, 0.122, 0.122, , , , , , , 99.13, 7.141, 8.383, 0.000, 0.000, 0.000,, 0.64905, 0.75464, 0.09583, 3E-05,,,
 11:49:55.442,d2:03:b8:43:8d:44, 2015-01-01 00:04:50.060, -0.124, 0.977, -0.159, 0.122, 0.122, 0, , , , , , , 99.13, 7.141, 8.383, 0.000, 0.000, 0.000,, 0.64905, 0.75464, 0.09583, 3E-05,,,
 11:49:55.502,d2:03:b8:43:8d:44, 2015-01-01 00:04:50.060, -0.124, 0.977, -0.16, 0, 0.122, 0.122, , , , , , , 99.13, 7.141, 8.383, 0.000, 0.000, 0.000,, 0.64905, 0.75464, 0.09583, 3E-05,,,
 11:49:55.570,d2:03:b8:43:8d:44, 2015-01-01 00:04:50.060, -0.123, 0.978, -0.159, -0.061, 0.183, -0.122, , , , , , , 99.13, 7.141, 8.383, 0.000, 0.000, 0.000,, 0.64905, 0.75464, 0.09583, 3E-05,,,
 11:49:55.627,d2:03:b8:43:8d:44, 2015-01-01 00:04:50.060, -0.125, 0.979, -0.158, -0.183, 0.183, 0.183, , , , , , , 99.13, 7.141, 8.383, 0.000, 0.000, 0.000,, 0.64905, 0.75464, 0.09583, 3E-05,,,
 11:49:55.627,d2:03:b8:43:8d:44, 2015-01-01 00:04:50.060, -0.122, 0.978, -0.157, -0.305, 0.122, 0.183, , , , , , , 99.13, 7.141, 8.383, 0.000, 0.000, 0.000,, 0.64902, 0.75464, 0.09583, 3E-05,,,
 11:49:55.643,d2:03:b8:43:8d:44, 2015-01-01 00:04:50.060, -0.125, 0.978, -0.156, -0.244, 0.244, 0.183, , , , , , , 99.13, 7.141, 8.383, 0.000, 0.000, 0.000,, 0.64902, 0.75464, 0.09583, 3E-05,,,
 11:49:55.643,d2:03:b8:43:8d:44, 2015-01-01 00:04:50.060, -0.123, 0.977, -0.155, -0.122, 0.061, 0.122, , , , , , , 99.13, 7.141, 8.383, 0.000, 0.000, 0.000,, 0.64902, 0.75464, 0.09583, 3E-05,,,
 11:49:55.643,d2:03:b8:43:8d:44, 2015-01-01 00:04:50.060, -0.125, 0.978, -0.156, 0, 0.122, 0, , , , , , , 99.13, 7.141, 8.383, 0.000, 0.000, 0.000,, 0.64902, 0.75464, 0.09583, 3E-05,,,
 11:49:55.643,d2:03:b8:43:8d:44, 2015-01-01 00:04:50.060, -0.124, 0.977, -0.156, 0.122, 0.061, 0.244, , , , , , , 99.13, 7.141, 8.383, 0.000, 0.000, 0.000,, 0.64902, 0.75464, 0.09583, 3E-05,,,
 11:49:55.644,d2:03:b8:43:8d:44, 2015-01-01 00:04:50.060, -0.125, 0.977, -0.156, 0.183, 0.183, -0.183, , , , , , , 99.13, 7.141, 8.383, 0.000, 0.000, 0.000,, 0.64902, 0.75464, 0.09583, 3E-05,,,
 11:49:55.644,d2:03:b8:43:8d:44, 2015-01-01 00:04:50.060, -0.125, 0.978, -0.158, 0.366, 0.061, -0.061, , , , , , , 99.13, 7.141, 8.383, 0.000, 0.000, 0.000,, 0.64902, 0.75464, 0.09583, 3E-05,,,
 11:49:55.644,d2:03:b8:43:8d:44, 2015-01-01 00:04:50.060, -0.123, 0.978, -0.158, 0.366, 0.061, -0.244, , , , , , , 99.13, 7.141, 8.383, 0.000, 0.000, 0.000,, 0.64902, 0.75464, 0.09583, 3E-05,,,
 11:49:55.644,d2:03:b8:43:8d:44, 2015-01-01 00:04:50.060, -0.124, 0.978, -0.158, 0.305, 0.061, 0.183, , , , , , , 99.13, 7.141, 8.383, 0.000, 0.000, 0.000,, 0.64902, 0.75464, 0.09583, 3E-05,,,
 11:49:55.645,d2:03:b8:43:8d:44, 2015-01-01 00:04:50.060, -0.122, 0.977, -0.159, 0.244, 0.122, -0.183, , , , , , , 99.13, 7.141, 8.383, 0.000, 0.000, 0.000,, 0.64902, 0.75464, 0.09583, 3E-05,,,
 11:49:55.646,d2:03:b8:43:8d:44, 2015-01-01 00:04:50.060, -0.126, 0.978, -0.16, 0.122, 0.244, 0, , , , , , , 99.13, 7.141, 8.383, 0.000, 0.000, 0.000,, 0.64902, 0.75464, 0.09583, 3E-05,,,
 11:49:55.646,d2:03:b8:43:8d:44, 2015-01-01 00:04:50.060, -0.123, 0.977, -0.159, 0, 0.061, 0.122, , , , , , , 99.13, 7.141, 8.383, 0.000, 0.000, 0.000,, 0.64902, 0.75464, 0.09583, 3E-05,,,
 11:49:55.646,d2:03:b8:43:8d:44, 2015-01-01 00:04:50.060, -0.125, 0.977, -0.159, 0, 0.183, 0.183, , , , , , , 99.13, 7.141, 8.383, 0.000, 0.000, 0.000,, 0.64902, 0.75464, 0.09583, 3E-05,,,
 11:49:55.646,d2:03:b8:43:8d:44, 2015-01-01 00:04:50.060, -0.124, 0.977, -0.158, -0.061, 0.061, 0.122, , , , , , , 99.13, 7.141, 8.383, 0.000, 0.000, 0.000,, 0.64902, 0.75464, 0.09583, 3E-05,,,
 11:49:55.646,d2:03:b8:43:8d:44, 2015-01-01 00:04:50.060, -0.126, 0.978, -0.159, -0.061, 0.244, -0.061, , , , , , , 99.13, 7.141, 8.383, 0.000, 0.000, 0.000,, 0.64902, 0.75464, 0.09583, 3E-05,,,
 11:49:55.646,d2:03:b8:43:8d:44, 2015-01-01 00:04:50.060, -0.123, 0.978, -0.157, -0.122, 0.061, 0.305, , , , , , , 99.13, 7.141, 8.383, 0.000, 0.000, 0.000,, 0.64902, 0.75464, 0.09583, 3E-05,,,
 11:49:55.646,d2:03:b8:43:8d:44, 2015-01-01 00:04:50.060, -0.124, 0.978, -0.157, -0.122, 0.183, 0, , , , , , , 99.13, 7.141, 8.383, 0.000, 0.000, 0.000,, 0.64902, 0.75464, 0.09583, 3E-05,,,
 11:49:55.802,d2:03:b8:43:8d:44, 2015-01-01 00:04:50.060, -0.124, 0.978, -0.157, -0.061, 0.061, 0.183, , , , , , , 99.13, 7.141, 8.383, 0.000, 0.000, 0.000,, 0.64902, 0.75464, 0.09583, 3E-05,,,
 11:49:55.881,d2:03:b8:43:8d:44, 2015-01-01 00:04:50.505, -0.123, 0.979, -0.155, 0, 0.122, -0.061, , , , , , , 99.13, 7.141, 8.383, 0.000, 0.000, 0.000,, 0.64902, 0.75464, 0.09583, 3E-05,,,
 11:49:55.881,d2:03:b8:43:8d:44, 2015-01-01 00:04:50.505, -0.125, 0.978, -0.156, 0, 0.061, 0.183, , , , , , , 99.13, 7.141, 8.383, 0.000, 0.000, 0.000,, 0.64902, 0.75464, 0.09583, 3E-05,,,
 11:49:55.881,d2:03:b8:43:8d:44, 2015-01-01 00:04:50.505, -0.123, 0.977, -0.155, 0.122, 0.061, 0, , , , , , , 99.13, 7.141, 8.383, 0.000, 0.000, 0.000,, 0.64902, 0.75464, 0.09583, 3E-05,,,
 11:49:55.970,d2:03:b8:43:8d:44, 2015-01-01 00:04:50.505, -0.126, 0.978, -0.156, 0.183, 0.183, 0, , , , , , , 99.13, 7.141, 8.383, 0.000, 0.000, 0.000,, 0.64902, 0.75464, 0.09583, 3E-05,,,
 11:49:55.971,d2:03:b8:43:8d:44, 2015-01-01 00:04:50.505, -0.124, 0.977, -0.157, 0.183, 0.061, 0, , , , , , , 99.13, 7.141, 8.383, 0.000, 0.000, 0.000,, 0.64902, 0.75464, 0.09583, 3E-05,,,
 11:49:55.971,d2:03:b8:43:8d:44, 2015-01-01 00:04:50.505, -0.126, 0.978, -0.158, 0.305, 0.122, -0.122, , , , , , , 99.13, 7.141, 8.383, 0.000, 0.000, 0.000,, 0.64902, 0.75464, 0.09583, 3E-05,,,
 11:49:55.971,d2:03:b8:43:8d:44, 2015-01-01 00:04:50.505, -0.124, 0.977, -0.158, 0.244, 0, 0, , , , , , , 99.13, 7.141, 8.383, 0.000, 0.000, 0.000,, 0.64902, 0.75464, 0.09583, 3E-05,,,
 11:49:55.971,d2:03:b8:43:8d:44, 2015-01-01 00:04:50.505, -0.124, 0.978, -0.159, 0.183, 0.122, -0.183, , , , , , , 99.13, 7.141, 8.383, 0.000, 0.000, 0.000,, 0.64902, 0.75464, 0.09583, 3E-05,,,
 11:49:55.972,d2:03:b8:43:8d:44, 2015-01-01 00:04:50.505, -0.123, 0.978, -0.16, 0.122, 0, 0.122, , , , , , , 99.13, 7.141, 8.383, 0.000, 0.000, 0.000,, 0.64902, 0.75464, 0.09583, 3E-05,,,
 11:49:55.972,d2:03:b8:43:8d:44, 2015-01-01 00:04:50.505, -0.124, 0.978, -0.159, 0.061, 0.244, 0, , , , , , , 99.13, 7.141, 8.383, 0.000, 0.000, 0.000,, 0.64902, 0.75464, 0.09583, 3E-05,,,
 11:49:55.972,d2:03:b8:43:8d:44, 2015-01-01 00:04:50.505, -0.124, 0.977, -0.159, 0, 0.183, 0.183, , , , , , , 99.13, 7.141, 8.383, 0.000, 0.000, 0.000,, 0.64902, 0.75464, 0.09583, 3E-05,,,
 11:49:55.973,d2:03:b8:43:8d:44, 2015-01-01 00:04:50.505, -0.123, 0.978, -0.16, 0, 0.122, 0, , , , , , , 99.13, 7.141, 8.383, 0.000, 0.000, 0.000,, 0.64902, 0.75464, 0.09583, 3E-05,,,
 11:49:55.973,d2:03:b8:43:8d:44, 2015-01-01 00:04:50.505, -0.125, 0.978, -0.158, -0.122, 0.244, 0.366, , , , , , , 99.13, 7.141, 8.383, 0.000, 0.000, 0.000,, 0.64902, 0.75464, 0.09583, 3E-05,,,
 11:49:55.973,d2:03:b8:43:8d:44, 2015-01-01 00:04:50.505, -0.123, 0.977, -0.157, -0.183, 0.122, 0.061, , , , , , , 99.13, 7.141, 8.383, 0.000, 0.000, 0.000,, 0.64902, 0.75464, 0.09583, 3E-05,,,
 11:49:55.973,d2:03:b8:43:8d:44, 2015-01-01 00:04:50.505, -0.126, 0.978, -0.157, -0.122, 0.183, 0, , , , , , , 99.13, 7.141, 8.383, 0.000, 0.000, 0.000,, 0.64902, 0.75464, 0.09583, 3E-05,,,
 11:49:55.974,d2:03:b8:43:8d:44, 2015-01-01 00:04:50.505, -0.123, 0.978, -0.156, -0.061, 0, 0, , , , , , , 99.13, 7.141, 8.383, 0.000, 0.000, 0.000,, 0.64902, 0.75464, 0.09583, 3E-05,,,
 11:49:55.974,d2:03:b8:43:8d:44, 2015-01-01 00:04:50.505, -0.125, 0.978, -0.156, 0, 0.183, 0, , , , , , , 99.13, 7.141, 8.383, 0.000, 0.000, 0.000,, 0.64902, 0.75464, 0.09583, 3E-05,,,
 11:49:55.974,d2:03:b8:43:8d:44, 2015-01-01 00:04:50.505, -0.123, 0.977, -0.156, 0.061, 0, 0, , , , , , , 99.13, 7.141, 8.383, 0.000, 0.000, 0.000,, 0.64902, 0.75464, 0.09583, 3E-05,,,
 11:49:55.974,d2:03:b8:43:8d:44, 2015-01-01 00:04:50.505, -0.125, 0.979, -0.157, 0.122, 0.183, -0.244, , , , , , , 99.13, 7.141, 8.383, 0.000, 0.000, 0.000,, 0.64902, 0.75464, 0.09583, 3E-05,,,
 11:49:55.974,d2:03:b8:43:8d:44, 2015-01-01 00:04:50.505, -0.124, 0.977, -0.158, 0.183, 0, 0.122, , , , , , , 99.13, 7.141, 8.383, 0.000, 0.000, 0.000,, 0.64902, 0.75464, 0.09583, 3E-05,,,
 11:49:55.975,d2:03:b8:43:8d:44, 2015-01-01 00:04:50.505, -0.124, 0.978, -0.158, 0.244, 0.122, -0.061, , , , , , , 99.13, 7.141, 8.383, 0.000, 0.000, 0.000,, 0.64902, 0.75464, 0.09583, 3E-05,,,
 11:49:55.975,d2:03:b8:43:8d:44, 2015-01-01 00:04:50.505, -0.125, 0.978, -0.159, 0.305, 0.061, 0.122, , , , , , , 99.13, 7.141, 8.383, 0.000, 0.000, 0.000,, 0.64902, 0.75464, 0.09583, 3E-05,,,
 11:49:55.975,d2:03:b8:43:8d:44, 2015-01-01 00:04:50.505, -0.124, 0.978, -0.16, 0.244, 0.122, -0.061, , , , , , , 99.135, 7.141, 8.383, 0.000, 0.000, 0.000,, 0.64902, 0.75464, 0.09583, 3E-05,,,
 11:49:55.975,d2:03:b8:43:8d:44, 2015-01-01 00:04:50.505, -0.125, 0.978, -0.159, 0.183, 0.183, 0.061, , , , , , , 99.135, 7.141, 8.383, 0.000, 0.000, 0.000,, 0.64902, 0.75464, 0.09583, 3E-05,,,
 11:49:55.976,d2:03:b8:43:8d:44, 2015-01-01 00:04:50.505, -0.123, 0.977, -0.16, 0.122, 0.061, 0, , , , , , , 99.135, 7.141, 8.383, 0.000, 0.000, 0.000,, 0.64902, 0.75464, 0.09583, 3E-05,,,
 11:49:55.976,d2:03:b8:43:8d:44, 2015-01-01 00:04:50.505, -0.125, 0.978, -0.159, 0, 0.244, 0.061, , , , , , , 99.135, 7.141, 8.383, 0.000, 0.000, 0.000,, 0.64902, 0.75464, 0.09583, 3E-05,,,
 11:49:55.976,d2:03:b8:43:8d:44, 2015-01-01 00:04:50.505, -0.123, 0.977, -0.158, -0.061, 0, 0.122, , , , , , , 99.135, 7.141, 8.383, 0.000, 0.000, 0.000,, 0.64902, 0.75464, 0.09583, 3E-05,,,
 11:49:56.014,d2:03:b8:43:8d:44, 2015-01-01 00:04:50.505, -0.125, 0.978, -0.158, -0.122, 0.183, 0.061, , , , , , , 99.135, 7.141, 8.383, 0.000, 0.000, 0.000,, 0.64902, 0.75464, 0.09583, 3E-05,,,
 11:49:56.074,d2:03:b8:43:8d:44, 2015-01-01 00:04:50.505, -0.123, 0.978, -0.158, -0.122, 0.061, 0.122, , , , , , , 99.135, 7.141, 8.383, 0.000, 0.000, 0.000,, 0.64902, 0.75464, 0.09583, 3E-05,,,
 11:49:56.074,d2:03:b8:43:8d:44, 2015-01-01 00:04:50.505, -0.125, 0.978, -0.157, -0.122, 0.244, 0, , , , , , , 99.135, 7.141, 8.383, 0.000, 0.000, 0.000,, 0.64902, 0.75464, 0.09583, 3E-05,,,
 11:49:56.075,d2:03:b8:43:8d:44, 2015-01-01 00:04:50.505, -0.125, 0.977, -0.156, -0.122, 0.061, 0.244, , , , , , , 99.135, 7.141, 8.383, 0.000, 0.000, 0.000,, 0.64902, 0.75464, 0.09583, 3E-05,,,
 11:49:56.075,d2:03:b8:43:8d:44, 2015-01-01 00:04:50.505, -0.125, 0.977, -0.156, 0, 0.122, -0.061, , , , , , , 99.135, 7.141, 8.383, 0.000, 0.000, 0.000,, 0.64902, 0.75464, 0.09583, 3E-05,,,
 11:49:56.075,d2:03:b8:43:8d:44, 2015-01-01 00:04:50.505, -0.125, 0.977, -0.156, 0.061, 0.061, 0.061, , , , , , , 99.135, 7.141, 8.383, 0.000, 0.000, 0.000,, 0.64902, 0.75464, 0.09583, 3E-05,,,
 11:49:56.075,d2:03:b8:43:8d:44, 2015-01-01 00:04:50.505, -0.124, 0.977, -0.156, 0.183, 0.061, -0.183, , , , , , , 99.135, 7.141, 8.383, 0.000, 0.000, 0.000,, 0.64902, 0.75464, 0.09583, 3E-05,,,
 11:49:56.075,d2:03:b8:43:8d:44, 2015-01-01 00:04:50.505, -0.125, 0.978, -0.157, 0.244, 0.122, 0, , , , , , , 99.135, 7.141, 8.383, 0.000, 0.000, 0.000,, 0.64902, 0.75464, 0.09583, 3E-05,,,
 11:49:56.092,d2:03:b8:43:8d:44, 2015-01-01 00:04:50.505, -0.122, 0.978, -0.158, 0.244, 0, -0.061, , , , , , , 99.135, 7.141, 8.383, 0.000, 0.000, 0.000,, 0.64902, 0.75464, 0.09583, 3E-05,,,
 11:49:56.092,d2:03:b8:43:8d:44, 2015-01-01 00:04:50.505, -0.125, 0.978, -0.158, 0.305, 0.183, -0.061, , , , , , , 99.135, 7.141, 8.383, 0.000, 0.000, 0.000,, 0.64902, 0.75464, 0.09583, 3E-05,,,
 11:49:56.092,d2:03:b8:43:8d:44, 2015-01-01 00:04:50.505, -0.123, 0.978, -0.158, 0.183, 0, 0, , , , , , , 99.135, 7.141, 8.383, 0.000, 0.000, 0.000,, 0.64902, 0.75464, 0.09583, 3E-05,,,
 11:49:56.093,d2:03:b8:43:8d:44, 2015-01-01 00:04:50.505, -0.125, 0.978, -0.159, 0.122, 0.244, -0.061, , , , , , , 99.135, 7.141, 8.383, 0.000, 0.000, 0.000,, 0.64902, 0.75464, 0.09583, 3E-05,,,
 11:49:56.093,d2:03:b8:43:8d:44, 2015-01-01 00:04:50.505, -0.125, 0.977, -0.159, 0.061, 0.061, 0.122, , , , , , , 99.135, 7.141, 8.383, 0.000, 0.000, 0.000,, 0.64902, 0.75464, 0.09583, 3E-05,,,
 11:49:56.093,d2:03:b8:43:8d:44, 2015-01-01 00:04:50.505, -0.125, 0.978, -0.159, 0, 0.183, 0, , , , , , , 99.135, 7.141, 8.383, 0.000, 0.000, 0.000,, 0.64902, 0.75464, 0.09583, 3E-05,,,
 11:49:56.093,d2:03:b8:43:8d:44, 2015-01-01 00:04:50.505, -0.124, 0.977, -0.159, -0.061, 0.122, 0.244, , , , , , , 99.135, 7.141, 8.383, 0.000, 0.000, 0.000,, 0.64902, 0.75464, 0.09583, 3E-05,,,
 11:49:56.093,d2:03:b8:43:8d:44, 2015-01-01 00:04:50.505, -0.124, 0.978, -0.158, -0.061, 0.122, -0.061, , , , , , , 99.135, 7.141, 8.383, 0.000, 0.000, 0.000,, 0.64902, 0.75464, 0.09583, 3E-05,,,
 11:49:56.187,d2:03:b8:43:8d:44, 2015-01-01 00:04:50.505, -0.125, 0.977, -0.157, -0.122, 0.122, 0.122, , , , , , , 99.135, 7.141, 8.383, 0.000, 0.000, 0.000,, 0.64993, 0.75394, 0.09509, 0.00049,,,
 11:49:56.187,d2:03:b8:43:8d:44, 2015-01-01 00:04:50.980, -0.127, 0.977, -0.157, 0, 0.122, 0, , , , , , , 99.135, 7.141, 8.383, 0.000, 0.000, 0.000,, 0.64993, 0.75394, 0.09509, 0.00049,,,
 11:49:56.187,d2:03:b8:43:8d:44, 2015-01-01 00:04:50.980, -0.133, 0.977, -0.16, -0.61, -0.916, 0.732, , , , , , , 99.135, 7.141, 8.383, 0.000, 0.000, 0.000,, 0.64993, 0.75394, 0.09509, 0.00049,,,
 11:49:56.187,d2:03:b8:43:8d:44, 2015-01-01 00:04:50.980, -0.13, 0.984, -0.182, -4.7, -1.526, 3.052, , , , , , , 99.113, 7.13, 8.372, 0.000, 0.000, 0.000,, 0.64993, 0.75394, 0.09509, 0.00049,,,
 11:49:56.226,d2:03:b8:43:8d:44, 2015-01-01 00:04:50.980, -0.126, 0.984, -0.177, -9.033, -0.671, 5.554, , , , , , , 99.036, 7.086, 8.355, 0.000, 0.000, 0.000,, 0.64993, 0.75394, 0.09509, 0.00049,,,
 11:49:56.286,d2:03:b8:43:8d:44, 2015-01-01 00:04:50.980, -0.107, 0.983, -0.168, -11.658, 1.465, 7.263, , , , , , , 98.926, 7.02, 8.344, 0.000, 0.000, 0.000,, 0.64993, 0.75394, 0.09509, 0.00049,,,
 11:49:56.286,d2:03:b8:43:8d:44, 2015-01-01 00:04:50.980, -0.123, 0.975, -0.145, -10.498, 5.005, 5.066, , , , , , , 98.817, 6.954, 8.366, 0.000, 0.000, 0.000,, 0.64993, 0.75394, 0.09509, 0.00049,,,
 11:49:56.286,d2:03:b8:43:8d:44, 2015-01-01 00:04:50.980, -0.116, 0.974, -0.129, -6.897, 4.456, 3.723, , , , , , , 98.734, 6.905, 8.41, 0.000, 0.000, 0.000,, 0.64993, 0.75394, 0.09509, 0.00049,,,
 11:49:56.286,d2:03:b8:43:8d:44, 2015-01-01 00:04:50.980, -0.109, 0.976, -0.134, -4.089, 2.258, 3.54, , , , , , , 98.685, 6.861, 8.438, 0.000, 0.000, 0.000,, 0.64993, 0.75394, 0.09509, 0.00049,,,
 11:49:56.286,d2:03:b8:43:8d:44, 2015-01-01 00:04:50.980, -0.113, 0.974, -0.142, -2.258, 0.183, 0.244, , , , , , , 98.657, 6.844, 8.443, 0.000, 0.000, 0.000,, 0.64993, 0.75394, 0.09509, 0.00049,,,
 11:49:56.287,d2:03:b8:43:8d:44, 2015-01-01 00:04:50.980, -0.11, 0.979, -0.151, -2.319, -0.305, -1.648, , , , , , , 98.635, 6.855, 8.443, 0.000, 0.000, 0.000,, 0.64993, 0.75394, 0.09509, 0.00049,,,
 11:49:56.287,d2:03:b8:43:8d:44, 2015-01-01 00:04:50.980, -0.109, 0.979, -0.154, -3.174, -1.099, -2.38, , , , , , , 98.602, 6.877, 8.438, 0.000, 0.000, 0.000,, 0.64993, 0.75394, 0.09509, 0.00049,,,
 11:49:56.303,d2:03:b8:43:8d:44, 2015-01-01 00:04:50.980, -0.12, 0.977, -0.149, -3.479, -0.671, -5.249, , , , , , , 98.564, 6.916, 8.432, 0.000, 0.000, 0.000,, 0.64993, 0.75394, 0.09509, 0.00049,,,
 11:49:56.327,d2:03:b8:43:8d:44, 2015-01-01 00:04:50.980, -0.132, 0.978, -0.139, -2.197, -0.427, -5.554, , , , , , , 98.536, 6.976, 8.432, 0.000, 0.000, 0.000,, 0.64993, 0.75394, 0.09509, 0.00049,,,
 11:49:56.327,d2:03:b8:43:8d:44, 2015-01-01 00:04:50.980, -0.134, 0.978, -0.132, 0.183, -1.77, -4.517, , , , , , , 98.525, 7.026, 8.432, 0.000, 0.000, 0.000,, 0.64993, 0.75394, 0.09509, 0.00049,,,
 11:49:56.398,d2:03:b8:43:8d:44, 2015-01-01 00:04:50.980, -0.135, 0.982, -0.141, 1.831, -1.892, -1.953, , , , , , , 98.536, 7.059, 8.41, 0.000, 0.000, 0.000,, 0.64993, 0.75394, 0.09509, 0.00049,,,
 11:49:56.398,d2:03:b8:43:8d:44, 2015-01-01 00:04:50.980, -0.131, 0.984, -0.153, 1.465, -0.671, 0.977, , , , , , , 98.553, 7.07, 8.399, 0.000, 0.000, 0.000,, 0.64993, 0.75394, 0.09509, 0.00049,,,
 11:49:56.398,d2:03:b8:43:8d:44, 2015-01-01 00:04:50.980, -0.128, 0.986, -0.159, -0.366, 1.038, 3.967, , , , , , , 98.553, 7.042, 8.394, 0.000, 0.000, 0.000,, 0.64993, 0.75394, 0.09509, 0.00049,,,
 11:49:56.399,d2:03:b8:43:8d:44, 2015-01-01 00:04:50.980, -0.129, 0.982, -0.155, -1.831, 2.075, 5.798, , , , , , , 98.542, 6.987, 8.405, 0.000, 0.000, 0.000,, 0.64993, 0.75394, 0.09509, 0.00049,,,
 11:49:56.399,d2:03:b8:43:8d:44, 2015-01-01 00:04:50.980, -0.126, 0.982, -0.148, -2.38, 2.075, 7.019, , , , , , , 98.52, 6.921, 8.416, 0.000, 0.000, 0.000,, 0.64993, 0.75394, 0.09509, 0.00049,,,
 11:49:56.399,d2:03:b8:43:8d:44, 2015-01-01 00:04:50.980, -0.115, 0.981, -0.144, -2.197, 1.892, 8.972, , , , , , , 98.498, 6.839, 8.421, 0.000, 0.000, 0.000,, 0.64993, 0.75394, 0.09509, 0.00049,,,
 11:49:56.399,d2:03:b8:43:8d:44, 2015-01-01 00:04:50.980, -0.111, 0.978, -0.139, -1.16, 1.526, 8.911, , , , , , , 98.481, 6.746, 8.421, 0.000, 0.000, 0.000,, 0.64993, 0.75394, 0.09509, 0.00049,,,
 11:49:56.400,d2:03:b8:43:8d:44, 2015-01-01 00:04:50.980, -0.122, 0.977, -0.139, 0, 0.977, 7.629, , , , , , , 98.476, 6.663, 8.421, 0.000, 0.000, 0.000,, 0.64993, 0.75394, 0.09509, 0.00049,,,
 11:49:56.400,d2:03:b8:43:8d:44, 2015-01-01 00:04:50.980, -0.12, 0.983, -0.145, 0.427, 0.305, 7.996, , , , , , , 98.476, 6.586, 8.416, 0.000, 0.000, 0.000,, 0.64993, 0.75394, 0.09509, 0.00049,,,
 11:49:56.441,d2:03:b8:43:8d:44, 2015-01-01 00:04:50.980, -0.108, 0.984, -0.149, 0, 0.366, 10.742, , , , , , , 98.476, 6.493, 8.405, 0.000, 0.000, 0.000,, 0.64993, 0.75394, 0.09509, 0.00049,,,
 11:49:56.622,d2:03:b8:43:8d:44, 2015-01-01 00:04:50.980, -0.116, 0.979, -0.146, -0.061, 0.671, 10.559, , , , , , , 98.47, 6.383, 8.394, 0.000, 0.000, 0.000,, 0.64993, 0.75394, 0.09509, 0.00049,,,
 11:49:56.623,d2:03:b8:43:8d:44, 2015-01-01 00:04:50.980, -0.134, 0.978, -0.139, 0.916, -0.305, 9.644, , , , , , , 98.476, 6.29, 8.377, 0.000, 0.000, 0.000,, 0.66714, 0.73953, 0.08771, 0.01495,,,
 11:49:56.623,d2:03:b8:43:8d:44, 2015-01-01 00:04:50.980, -0.11, 0.989, -0.149, 0.916, -1.16, 14.771, , , , , , , 98.481, 6.174, 8.35, 0.000, 0.000, 0.000,, 0.66714, 0.73953, 0.08771, 0.01495,,,
 11:49:56.651,d2:03:b8:43:8d:44, 2015-01-01 00:04:50.980, -0.09, 0.987, -0.159, -0.793, -0.488, 18.311, , , , , , , 98.476, 5.999, 8.311, 0.000, 0.000, 0.000,, 0.66714, 0.73953, 0.08771, 0.01495,,,
 11:49:56.712,d2:03:b8:43:8d:44, 2015-01-01 00:04:50.980, -0.095, 0.98, -0.156, -2.136, 0.61, 15.686, , , , , , , 98.459, 5.834, 8.284, 0.000, 0.000, 0.000,, 0.66714, 0.73953, 0.08771, 0.01495,,,
 11:49:56.713,d2:03:b8:43:8d:44, 2015-01-01 00:04:51.490, -0.101, 0.989, -0.155, -3.174, 1.77, 15.381, , , , , , , 98.427, 5.68, 8.273, 0.000, 0.000, 0.000,, 0.66714, 0.73953, 0.08771, 0.01495,,,
 11:49:56.713,d2:03:b8:43:8d:44, 2015-01-01 00:04:51.490, -0.092, 0.988, -0.152, -4.578, 3.784, 18.86, , , , , , , 98.388, 5.499, 8.278, 0.000, 0.000, 0.000,, 0.66714, 0.73953, 0.08771, 0.01495,,,
 11:49:56.713,d2:03:b8:43:8d:44, 2015-01-01 00:04:51.490, -0.086, 0.978, -0.137, -3.54, 3.052, 16.663, , , , , , , 98.344, 5.317, 8.284, 0.000, 0.000, 0.000,, 0.66714, 0.73953, 0.08771, 0.01495,,,
 11:49:56.714,d2:03:b8:43:8d:44, 2015-01-01 00:04:51.490, -0.074, 0.978, -0.132, -1.709, 2.258, 15.625, , , , , , , 98.317, 5.158, 8.289, 0.000, 0.000, 0.000,, 0.66714, 0.73953, 0.08771, 0.01495,,,
 11:49:56.714,d2:03:b8:43:8d:44, 2015-01-01 00:04:51.490, -0.068, 0.976, -0.134, -0.061, 1.465, 12.39, , , , , , , 98.311, 5.015, 8.284, 0.000, 0.000, 0.000,, 0.66714, 0.73953, 0.08771, 0.01495,,,
 11:49:56.714,d2:03:b8:43:8d:44, 2015-01-01 00:04:51.490, -0.062, 0.975, -0.144, 0.488, 1.526, 7.751, , , , , , , 98.317, 4.916, 8.284, 0.000, 0.000, 0.000,, 0.66714, 0.73953, 0.08771, 0.01495,,,
 11:49:56.746,d2:03:b8:43:8d:44, 2015-01-01 00:04:51.490, -0.062, 0.986, -0.168, -3.296, 2.258, 4.578, , , , , , , 98.3, 4.85, 8.295, 0.000, 0.000, 0.000,, 0.66714, 0.73953, 0.08771, 0.01495,,,
 11:49:56.746,d2:03:b8:43:8d:44, 2015-01-01 00:04:51.490, -0.087, 0.983, -0.171, -8.179, 2.563, -1.953, , , , , , , 98.24, 4.839, 8.317, 0.000, 0.000, 0.000,, 0.66714, 0.73953, 0.08771, 0.01495,,,
 11:49:56.746,d2:03:b8:43:8d:44, 2015-01-01 00:04:51.490, -0.087, 0.996, -0.166, -12.512, 3.54, -2.502, , , , , , , 98.135, 4.867, 8.35, 0.000, 0.000, 0.000,, 0.66714, 0.73953, 0.08771, 0.01495,,,
 11:49:56.747,d2:03:b8:43:8d:44, 2015-01-01 00:04:51.490, -0.069, 0.988, -0.138, -13.916, 1.648, -2.136, , , , , , , 98.004, 4.878, 8.377, 0.000, 0.000, 0.000,, 0.66714, 0.73953, 0.08771, 0.01495,,,
 11:49:56.747,d2:03:b8:43:8d:44, 2015-01-01 00:04:51.490, -0.057, 0.977, -0.124, -12.329, -0.305, -5.127, , , , , , , 97.872, 4.916, 8.388, 0.000, 0.000, 0.000,, 0.66714, 0.73953, 0.08771, 0.01495,,,
 11:49:56.747,d2:03:b8:43:8d:44, 2015-01-01 00:04:51.490, -0.076, 0.977, -0.135, -11.719, 1.648, -9.155, , , , , , , 97.751, 4.988, 8.399, 0.000, 0.000, 0.000,, 0.66714, 0.73953, 0.08771, 0.01495,,,
 11:49:56.748,d2:03:b8:43:8d:44, 2015-01-01 00:04:51.490, -0.109, 0.982, -0.139, -12.939, 1.709, -12.573, , , , , , , 97.63, 5.098, 8.432, 0.000, 0.000, 0.000,, 0.66714, 0.73953, 0.08771, 0.01495,,,
 11:49:56.748,d2:03:b8:43:8d:44, 2015-01-01 00:04:51.490, -0.133, 0.993, -0.133, -14.282, 0.427, -13.306, , , , , , , 97.498, 5.235, 8.465, 0.000, 0.000, 0.000,, 0.66714, 0.73953, 0.08771, 0.01495,,,
 11:49:56.748,d2:03:b8:43:8d:44, 2015-01-01 00:04:51.490, -0.113, 1.012, -0.133, -15.747, -1.16, -8.118, , , , , , , 97.344, 5.339, 8.47, 0.000, 0.000, 0.000,, 0.66714, 0.73953, 0.08771, 0.01495,,,
 11:49:56.748,d2:03:b8:43:8d:44, 2015-01-01 00:04:51.490, -0.084, 1.003, -0.139, -18.86, -0.366, 0.061, , , , , , , 97.169, 5.367, 8.465, 0.000, 0.000, 0.000,, 0.66714, 0.73953, 0.08771, 0.01495,,,
 11:49:56.749,d2:03:b8:43:8d:44, 2015-01-01 00:04:51.490, -0.091, 1.005, -0.15, -20.813, 2.197, -3.174, , , , , , , 96.971, 5.389, 8.47, 0.000, 0.000, 0.000,, 0.66714, 0.73953, 0.08771, 0.01495,,,
 11:49:56.749,d2:03:b8:43:8d:44, 2015-01-01 00:04:51.490, -0.078, 0.996, -0.137, -22.4, 5.127, -0.183, , , , , , , 96.757, 5.405, 8.514, 0.000, 0.000, 0.000,, 0.66714, 0.73953, 0.08771, 0.01495,,,
 11:49:56.749,d2:03:b8:43:8d:44, 2015-01-01 00:04:51.490, -0.012, 0.981, -0.111, -22.644, 4.15, -5.676, , , , , , , 96.531, 5.433, 8.558, 0.000, 0.000, 0.000,, 0.66714, 0.73953, 0.08771, 0.01495,,,
 11:49:56.812,d2:03:b8:43:8d:44, 2015-01-01 00:04:51.490, -0.063, 0.898, -0.118, -24.292, 11.719, 0.61, , , , , , , 96.301, 5.444, 8.646, 0.000, 0.000, 0.000,, 0.66714, 0.73953, 0.08771, 0.01495,,,
 11:49:56.813,d2:03:b8:43:8d:44, 2015-01-01 00:04:51.490, -0.208, 0.955, -0.094, -18.616, 8.057, -32.288, , , , , , , 96.097, 5.63, 8.762, 0.000, 0.000, 0.000,, 0.66714, 0.73953, 0.08771, 0.01495,,,
 11:49:56.813,d2:03:b8:43:8d:44, 2015-01-01 00:04:51.490, -0.185, 1.065, -0.098, -17.761, 2.808, -13.184, , , , , , , 95.933, 5.872, 8.833, 0.000, 0.000, 0.000,, 0.66714, 0.73953, 0.08771, 0.01495,,,
 11:49:56.813,d2:03:b8:43:8d:44, 2015-01-01 00:04:51.490, -0.105, 1.075, -0.102, -19.775, -2.197, 1.221, , , , , , , 95.74, 5.911, 8.844, 0.000, 0.000, 0.000,, 0.66714, 0.73953, 0.08771, 0.01495,,,
 11:49:56.813,d2:03:b8:43:8d:44, 2015-01-01 00:04:51.490, -0.045, 1, -0.095, -20.325, -4.578, 2.991, , , , , , , 95.532, 5.878, 8.795, 0.000, 0.000, 0.000,, 0.66714, 0.73953, 0.08771, 0.01495,,,
 11:49:56.814,d2:03:b8:43:8d:44, 2015-01-01 00:04:51.490, 0.042, 0.931, -0.09, -17.822, -2.258, -5.676, , , , , , , 95.334, 5.9, 8.756, 0.000, 0.000, 0.000,, 0.66714, 0.73953, 0.08771, 0.01495,,,
 11:49:56.814,d2:03:b8:43:8d:44, 2015-01-01 00:04:51.490, 0.052, 0.871, -0.106, -15.747, 7.751, -12.512, , , , , , , 95.169, 5.988, 8.795, 0.000, 0.000, 0.000,, 0.66714, 0.73953, 0.08771, 0.01495,,,
 11:49:56.814,d2:03:b8:43:8d:44, 2015-01-01 00:04:51.490, -0.255, 0.93, -0.078, -12.756, 19.47, -30.884, , , , , , , 95.048, 6.191, 8.97, 0.000, 0.000, 0.000,, 0.66714, 0.73953, 0.08771, 0.01495,,,
 11:49:56.815,d2:03:b8:43:8d:44, 2015-01-01 00:04:51.490, -0.243, 1.028, -0.024, -9.583, 1.77, -34.546, , , , , , , 94.949, 6.537, 9.102, 0.000, 0.000, 0.000,, 0.66714, 0.73953, 0.08771, 0.01495,,,
 11:49:56.815,d2:03:b8:43:8d:44, 2015-01-01 00:04:51.490, -0.141, 1.083, -0.1, -12.329, 1.16, -5.737, , , , , , , 94.845, 6.729, 9.135, 0.000, 0.000, 0.000,, 0.66714, 0.73953, 0.08771, 0.01495,,,
 11:49:56.815,d2:03:b8:43:8d:44, 2015-01-01 00:04:51.490, -0.099, 1.016, -0.077, -12.878, -2.075, 1.282, , , , , , , 94.713, 6.724, 9.119, 0.000, 0.000, 0.000,, 0.66714, 0.73953, 0.08771, 0.01495,,,
 11:49:56.816,d2:03:b8:43:8d:44, 2015-01-01 00:04:51.490, -0.197, 0.972, -0.072, -10.681, -4.028, -9.705, , , , , , , 94.592, 6.768, 9.097, 0.000, 0.000, 0.000,, 0.66714, 0.73953, 0.08771, 0.01495,,,
 11:49:56.816,d2:03:b8:43:8d:44, 2015-01-01 00:04:51.490, -0.123, 0.98, -0.061, -7.507, -13.611, -16.785, , , , , , , 94.493, 6.921, 9.009, 0.000, 0.000, 0.000,, 0.66714, 0.73953, 0.08771, 0.01495,,,
 11:49:56.816,d2:03:b8:43:8d:44, 2015-01-01 00:04:51.490, -0.03, 1.009, -0.079, -8.423, -12.939, -5.554, , , , , , , 94.4, 7.048, 8.877, 0.000, 0.000, 0.000,, 0.66714, 0.73953, 0.08771, 0.01495,,,
 11:49:56.817,d2:03:b8:43:8d:44, 2015-01-01 00:04:51.490, -0.042, 0.977, -0.077, -8.606, -5.493, -7.019, , , , , , , 94.301, 7.103, 8.789, 0.000, 0.000, 0.000,, 0.66714, 0.73953, 0.08771, 0.01495,,,
 11:49:56.851,d2:03:b8:43:8d:44, 2015-01-01 00:04:51.490, -0.104, 0.96, -0.073, -7.324, 0.305, -15.198, , , , , , , 94.219, 7.224, 8.773, 0.000, 0.000, 0.000,, 0.66714, 0.73953, 0.08771, 0.01495,,,
 11:49:56.851,d2:03:b8:43:8d:44, 2015-01-01 00:04:51.490, -0.171, 0.973, -0.068, -6.47, 3.357, -17.456, , , , , , , 94.153, 7.388, 8.811, 0.000, 0.000, 0.000,, 0.66714, 0.73953, 0.08771, 0.01495,,,
 11:49:56.877,d2:03:b8:43:8d:44, 2015-01-01 00:04:51.490, -0.186, 0.983, -0.052, -4.639, 0, -18.066, , , , , , , 94.098, 7.564, 8.839, 0.000, 0.000, 0.000,, 0.66714, 0.73953, 0.08771, 0.01495,,,
 11:49:56.877,d2:03:b8:43:8d:44, 2015-01-01 00:04:51.490, -0.175, 1.023, -0.074, -4.578, -2.441, -16.174, , , , , , , 94.054, 7.745, 8.833, 0.000, 0.000, 0.000,, 0.66714, 0.73953, 0.08771, 0.01495,,,
 11:49:56.877,d2:03:b8:43:8d:44, 2015-01-01 00:04:51.490, -0.158, 1.033, -0.079, -6.592, -1.465, -6.958, , , , , , , 93.994, 7.855, 8.822, 0.000, 0.000, 0.000,, 0.66714, 0.73953, 0.08771, 0.01495,,,
 11:49:56.878,d2:03:b8:43:8d:44, 2015-01-01 00:04:51.490, -0.128, 0.993, -0.067, -6.897, -3.296, -2.441, , , , , , , 93.922, 7.899, 8.8, 0.000, 0.000, 0.000,, 0.66714, 0.73953, 0.08771, 0.01495,,,
 11:49:56.878,d2:03:b8:43:8d:44, 2015-01-01 00:04:51.490, -0.122, 0.973, -0.074, -6.958, -3.845, -5.005, , , , , , , 93.845, 7.938, 8.762, 0.000, 0.000, 0.000,, 0.66714, 0.73953, 0.08771, 0.01495,,,
 11:49:56.879,d2:03:b8:43:8d:44, 2015-01-01 00:04:51.490, -0.144, 0.962, -0.06, -6.409, -4.089, -7.446, , , , , , , 93.774, 8.004, 8.729, 0.000, 0.000, 0.000,, 0.66714, 0.73953, 0.08771, 0.01495,,,
 11:49:56.879,d2:03:b8:43:8d:44, 2015-01-01 00:04:51.490, -0.161, 0.968, -0.062, -5.31, -5.127, -8.423, , , , , , , 93.708, 8.091, 8.685, 0.000, 0.000, 0.000,, 0.66714, 0.73953, 0.08771, 0.01495,,,
 11:49:56.879,d2:03:b8:43:8d:44, 2015-01-01 00:04:51.490, -0.084, 0.951, -0.073, -3.174, -8.057, -7.629, , , , , , , 93.653, 8.174, 8.619, 0.000, 0.000, 0.000,, 0.66714, 0.73953, 0.08771, 0.01495,,,
 11:49:56.880,d2:03:b8:43:8d:44, 2015-01-01 00:04:51.490, -0.105, 0.979, -0.042, -2.686, -6.714, -11.841, , , , , , , 93.615, 8.278, 8.547, 0.000, 0.000, 0.000,, 0.66714, 0.73953, 0.08771, 0.01495,,,
 11:49:56.880,d2:03:b8:43:8d:44, 2015-01-01 00:04:51.490, -0.176, 1.002, -0.081, -3.662, -0.305, -13.123, , , , , , , 93.582, 8.405, 8.525, 0.000, 0.000, 0.000,, 0.66714, 0.73953, 0.08771, 0.01495,,,
 11:49:56.916,d2:03:b8:43:8d:44, 2015-01-01 00:04:51.490, -0.155, 1.024, -0.078, -5.31, 0.122, -12.207, , , , , , , 93.532, 8.536, 8.531, 0.000, 0.000, 0.000,, 0.66714, 0.73953, 0.08771, 0.01495,,,
 11:49:56.916,d2:03:b8:43:8d:44, 2015-01-01 00:04:51.490, -0.08, 1.009, -0.083, -7.019, 2.38, -0.488, , , , , , , 93.472, 8.597, 8.542, 0.000, 0.000, 0.000,, 0.66714, 0.73953, 0.08771, 0.01495,,,
 11:49:56.916,d2:03:b8:43:8d:44, 2015-01-01 00:04:51.490, -0.119, 0.976, -0.071, -7.629, 8.362, -0.427, , , , , , , 93.406, 8.586, 8.597, 0.000, 0.000, 0.000,, 0.66714, 0.73953, 0.08771, 0.01495,,,
 11:49:56.916,d2:03:b8:43:8d:44, 2015-01-01 00:04:51.490, -0.227, 0.963, -0.051, -6.226, 9.521, -9.46, , , , , , , 93.351, 8.63, 8.696, 0.000, 0.000, 0.000,, 0.66714, 0.73953, 0.08771, 0.01495,,,
 11:49:57.089,d2:03:b8:43:8d:44, 2015-01-01 00:04:51.490, -0.262, 1.009, -0.029, -6.104, 5.127, -12.573, , , , , , , 93.301, 8.751, 8.778, 0.000, 0.000, 0.000,, 0.66714, 0.73953, 0.08771, 0.01495,,,
 11:49:57.312,d2:03:b8:43:8d:44, 2015-01-01 00:04:51.490, -0.173, 1.019, -0.055, -6.409, -0.916, 0, , , , , , , 93.241, 8.817, 8.795, 0.000, 0.000, 0.000,, 0.66714, 0.73953, 0.08771, 0.01495,,,
 11:49:57.392,d2:03:b8:43:8d:44, 2015-01-01 00:04:51.965, -0.212, 0.986, -0.049, -6.592, -4.028, 3.235, , , , , , , 93.164, 8.784, 8.767, 0.000, 0.000, 0.000,, 0.68127, 0.72324, 0.11264, -0.00104,,,
 11:49:57.392,d2:03:b8:43:8d:44, 2015-01-01 00:04:51.965, -0.245, 0.911, -0.142, -2.93, -8.118, -3.845, , , , , , , 93.104, 8.8, 8.712, 0.000, 0.000, 0.000,, 0.68127, 0.72324, 0.11264, -0.00104,,,
 11:49:57.420,d2:03:b8:43:8d:44, 2015-01-01 00:04:51.965, 0.081, 0.829, -0.433, 14.038, -16.785, -3.113, , , , , , , 93.142, 8.844, 8.569, 0.000, 0.000, 0.000,, 0.68127, 0.72324, 0.11264, -0.00104,,,
 11:49:57.421,d2:03:b8:43:8d:44, 2015-01-01 00:04:51.965, 0.165, 0.897, -0.567, 23.926, 12.512, 9.216, , , , , , , 93.334, 8.795, 8.547, 0.000, 0.000, 0.000,, 0.68127, 0.72324, 0.11264, -0.00104,,,
 11:49:57.421,d2:03:b8:43:8d:44, 2015-01-01 00:04:51.965, -0.323, 1.077, -0.121, 28.992, 29.785, -11.047, , , , , , , 93.664, 8.773, 8.762, 0.000, 0.000, 0.000,, 0.68127, 0.72324, 0.11264, -0.00104,,,
 11:49:57.422,d2:03:b8:43:8d:44, 2015-01-01 00:04:51.965, -0.414, 1.032, 0.192, 23.01, 13.306, -11.902, , , , , , , 93.944, 8.888, 8.97, 0.000, 0.000, 0.000,, 0.68127, 0.72324, 0.11264, -0.00104,,,
 11:49:57.422,d2:03:b8:43:8d:44, 2015-01-01 00:04:51.965, -0.053, 1.091, 0.3, 5.798, 5.066, 7.69, , , , , , , 94.087, 8.943, 9.108, 0.000, 0.000, 0.000,, 0.68127, 0.72324, 0.11264, -0.00104,,,
 11:49:57.422,d2:03:b8:43:8d:44, 2015-01-01 00:04:51.965, -0.107, 1.033, 0.05, -0.183, 0, 9.399, , , , , , , 94.109, 8.811, 9.075, 0.000, 0.000, 0.000,, 0.68127, 0.72324, 0.11264, -0.00104,,,
 11:49:57.423,d2:03:b8:43:8d:44, 2015-01-01 00:04:51.965, -0.259, 0.999, 0.04, -3.784, 2.014, -12.573, , , , , , , 94.092, 8.844, 9.102, 0.000, 0.000, 0.000,, 0.68127, 0.72324, 0.11264, -0.00104,,,
 11:49:57.423,d2:03:b8:43:8d:44, 2015-01-01 00:04:51.965, -0.197, 1.025, 0.02, -6.531, -4.272, -2.625, , , , , , , 94.037, 8.943, 9.091, 0.000, 0.000, 0.000,, 0.68127, 0.72324, 0.11264, -0.00104,,,
 11:49:57.423,d2:03:b8:43:8d:44, 2015-01-01 00:04:51.965, -0.102, 1.013, -0.04, -9.277, -5.92, 10.803, , , , , , , 93.944, 8.882, 9.036, 0.000, 0.000, 0.000,, 0.68127, 0.72324, 0.11264, -0.00104,,,
 11:49:57.424,d2:03:b8:43:8d:44, 2015-01-01 00:04:51.965, -0.117, 0.979, -0.071, -9.583, -4.822, 1.587, , , , , , , 93.834, 8.822, 8.97, 0.000, 0.000, 0.000,, 0.68127, 0.72324, 0.11264, -0.00104,,,
 11:49:57.424,d2:03:b8:43:8d:44, 2015-01-01 00:04:51.965, -0.158, 0.995, -0.079, -10.254, -1.465, -3.357, , , , , , , 93.73, 8.844, 8.937, 0.000, 0.000, 0.000,, 0.68127, 0.72324, 0.11264, -0.00104,,,
 11:49:57.424,d2:03:b8:43:8d:44, 2015-01-01 00:04:51.965, -0.125, 0.994, -0.094, -10.193, -1.099, -1.221, , , , , , , 93.625, 8.871, 8.926, 0.000, 0.000, 0.000,, 0.68127, 0.72324, 0.11264, -0.00104,,,
 11:49:57.424,d2:03:b8:43:8d:44, 2015-01-01 00:04:51.965, -0.116, 0.981, -0.107, -9.338, 1.526, 0.549, , , , , , , 93.527, 8.866, 8.926, 0.000, 0.000, 0.000,, 0.68127, 0.72324, 0.11264, -0.00104,,,
 11:49:57.424,d2:03:b8:43:8d:44, 2015-01-01 00:04:51.965, -0.212, 0.962, -0.109, -7.751, 5.127, -2.869, , , , , , , 93.444, 8.871, 8.97, 0.000, 0.000, 0.000,, 0.68127, 0.72324, 0.11264, -0.00104,,,
 11:49:57.424,d2:03:b8:43:8d:44, 2015-01-01 00:04:51.965, -0.198, 0.928, -0.178, -1.953, 1.465, -3.845, , , , , , , 93.4, 8.915, 9.009, 0.000, 0.000, 0.000,, 0.68127, 0.72324, 0.11264, -0.00104,,,
 11:49:57.424,d2:03:b8:43:8d:44, 2015-01-01 00:04:51.965, -0.003, 0.88, -0.38, 9.949, -0.183, 8.24, , , , , , , 93.444, 8.888, 9.003, 0.000, 0.000, 0.000,, 0.68127, 0.72324, 0.11264, -0.00104,,,
 11:49:57.426,d2:03:b8:43:8d:44, 2015-01-01 00:04:51.965, 0.013, 0.853, -0.602, 31.372, 8.301, 10.925, , , , , , , 93.658, 8.773, 8.981, 0.000, 0.000, 0.000,, 0.68127, 0.72324, 0.11264, -0.00104,,,
 11:49:57.426,d2:03:b8:43:8d:44, 2015-01-01 00:04:51.965, -0.4, 1.042, 0.01, 32.532, 16.113, -16.174, , , , , , , 93.999, 8.795, 9.212, 0.000, 0.000, 0.000,, 0.68127, 0.72324, 0.11264, -0.00104,,,
 11:49:57.426,d2:03:b8:43:8d:44, 2015-01-01 00:04:51.965, -0.4, 1.178, 0.705, 1.587, 13.916, -2.625, , , , , , , 94.175, 8.937, 9.426, 0.000, 0.000, 0.000,, 0.68127, 0.72324, 0.11264, -0.00104,,,
 11:49:57.426,d2:03:b8:43:8d:44, 2015-01-01 00:04:51.965, 0.058, 1.042, 0.247, -7.141, -21.851, 15.808, , , , , , , 94.103, 8.86, 9.294, 0.000, 0.000, 0.000,, 0.68127, 0.72324, 0.11264, -0.00104,,,
 11:49:57.426,d2:03:b8:43:8d:44, 2015-01-01 00:04:51.965, -0.127, 0.974, -0.12, -10.254, -1.953, 1.648, , , , , , , 93.988, 8.723, 9.19, 0.000, 0.000, 0.000,, 0.68127, 0.72324, 0.11264, -0.00104,,,
 11:49:57.426,d2:03:b8:43:8d:44, 2015-01-01 00:04:51.965, -0.259, 0.977, -0.069, -7.446, -0.549, -24.109, , , , , , , 93.906, 8.915, 9.196, 0.000, 0.000, 0.000,, 0.68127, 0.72324, 0.11264, -0.00104,,,
 11:49:57.426,d2:03:b8:43:8d:44, 2015-01-01 00:04:51.965, -0.174, 1.015, -0.052, -8.118, -2.625, -4.7, , , , , , , 93.829, 9.064, 9.185, 0.000, 0.000, 0.000,, 0.68127, 0.72324, 0.11264, -0.00104,,,
 11:49:57.428,d2:03:b8:43:8d:44, 2015-01-01 00:04:51.965, -0.167, 0.993, -0.066, -9.094, -2.686, 5.005, , , , , , , 93.73, 9.036, 9.152, 0.000, 0.000, 0.000,, 0.68127, 0.72324, 0.11264, -0.00104,,,
 11:49:57.428,d2:03:b8:43:8d:44, 2015-01-01 00:04:51.965, -0.143, 0.977, -0.048, -8.24, -5.371, -1.831, , , , , , , 93.636, 9.025, 9.113, 0.000, 0.000, 0.000,, 0.68127, 0.72324, 0.11264, -0.00104,,,
 11:49:57.428,d2:03:b8:43:8d:44, 2015-01-01 00:04:51.965, -0.089, 0.999, -0.083, -8.972, -4.761, 0.244, , , , , , , 93.543, 9.042, 9.053, 0.000, 0.000, 0.000,, 0.68127, 0.72324, 0.11264, -0.00104,,,
 11:49:57.429,d2:03:b8:43:8d:44, 2015-01-01 00:04:51.965, -0.138, 0.979, -0.078, -9.033, 0.122, -0.916, , , , , , , 93.45, 9.042, 9.031, 0.000, 0.000, 0.000,, 0.68127, 0.72324, 0.11264, -0.00104,,,
 11:49:57.429,d2:03:b8:43:8d:44, 2015-01-01 00:04:51.965, -0.217, 0.962, -0.046, -7.324, 1.526, -12.268, , , , , , , 93.367, 9.113, 9.047, 0.000, 0.000, 0.000,, 0.68127, 0.72324, 0.11264, -0.00104,,,
 11:49:57.429,d2:03:b8:43:8d:44, 2015-01-01 00:04:51.965, -0.186, 0.986, -0.029, -6.592, -2.502, -8.911, , , , , , , 93.296, 9.229, 9.047, 0.000, 0.000, 0.000,, 0.68127, 0.72324, 0.11264, -0.00104,,,
 11:49:57.429,d2:03:b8:43:8d:44, 2015-01-01 00:04:51.965, -0.151, 0.996, -0.061, -6.592, -2.502, 0, , , , , , , 93.224, 9.267, 9.02, 0.000, 0.000, 0.000,, 0.68127, 0.72324, 0.11264, -0.00104,,,
 11:49:57.429,d2:03:b8:43:8d:44, 2015-01-01 00:04:51.965, -0.134, 0.98, -0.049, -5.676, -2.38, -0.916, , , , , , , 93.159, 9.267, 8.992, 0.000, 0.000, 0.000,, 0.68127, 0.72324, 0.11264, -0.00104,,,
 11:49:57.431,d2:03:b8:43:8d:44, 2015-01-01 00:04:51.965, -0.144, 0.981, -0.058, -4.761, -1.404, -4.944, , , , , , , 93.104, 9.3, 8.97, 0.000, 0.000, 0.000,, 0.68127, 0.72324, 0.11264, -0.00104,,,
 11:49:57.431,d2:03:b8:43:8d:44, 2015-01-01 00:04:51.965, -0.129, 0.985, -0.069, -4.456, 1.648, -4.761, , , , , , , 93.054, 9.355, 8.976, 0.000, 0.000, 0.000,, 0.68127, 0.72324, 0.11264, -0.00104,,,
 11:49:57.431,d2:03:b8:43:8d:44, 2015-01-01 00:04:51.965, -0.145, 0.981, -0.066, -4.272, 6.042, -2.563, , , , , , , 93.016, 9.388, 9.02, 0.000, 0.000, 0.000,, 0.68127, 0.72324, 0.11264, -0.00104,,,
 11:49:57.431,d2:03:b8:43:8d:44, 2015-01-01 00:04:51.965, -0.232, 0.978, -0.055, -3.784, 9.033, -3.662, , , , , , , 92.988, 9.415, 9.102, 0.000, 0.000, 0.000,, 0.68127, 0.72324, 0.11264, -0.00104,,,
 11:49:57.431,d2:03:b8:43:8d:44, 2015-01-01 00:04:51.965, -0.255, 0.978, -0.024, -2.258, 3.967, -3.601, , , , , , , 92.972, 9.448, 9.174, 0.000, 0.000, 0.000,, 0.68127, 0.72324, 0.11264, -0.00104,,,
 11:49:57.431,d2:03:b8:43:8d:44, 2015-01-01 00:04:51.965, -0.167, 0.985, -0.031, -0.732, -4.944, 0, , , , , , , 92.955, 9.47, 9.157, 0.000, 0.000, 0.000,, 0.68127, 0.72324, 0.11264, -0.00104,,,
 11:49:57.432,d2:03:b8:43:8d:44, 2015-01-01 00:04:51.965, -0.119, 0.984, -0.079, -0.305, -5.92, 4.517, , , , , , , 92.939, 9.443, 9.091, 0.000, 0.000, 0.000,, 0.68127, 0.72324, 0.11264, -0.00104,,,
 11:49:57.432,d2:03:b8:43:8d:44, 2015-01-01 00:04:51.965, -0.129, 0.969, -0.093, 0.793, -1.709, -0.549, , , , , , , 92.933, 9.426, 9.053, 0.000, 0.000, 0.000,, 0.68127, 0.72324, 0.11264, -0.00104,,,
 11:49:57.432,d2:03:b8:43:8d:44, 2015-01-01 00:04:51.965, -0.169, 0.971, -0.09, 1.831, 2.197, -0.549, , , , , , , 92.944, 9.432, 9.058, 0.000, 0.000, 0.000,, 0.68127, 0.72324, 0.11264, -0.00104,,,
 11:49:57.432,d2:03:b8:43:8d:44, 2015-01-01 00:04:51.965, -0.11, 0.935, -0.145, 5.615, 2.014, -0.122, , , , , , , 92.983, 9.437, 9.086, 0.000, 0.000, 0.000,, 0.68127, 0.72324, 0.11264, -0.00104,,,
 11:49:57.433,d2:03:b8:43:8d:44, 2015-01-01 00:04:51.965, -0.157, 0.967, -0.125, 9.216, 4.883, -5.188, , , , , , , 93.071, 9.465, 9.113, 0.000, 0.000, 0.000,, 0.68127, 0.72324, 0.11264, -0.00104,,,
 11:49:57.433,d2:03:b8:43:8d:44, 2015-01-01 00:04:51.965, -0.273, 0.994, -0.041, 8.667, 5.798, -8.118, , , , , , , 93.17, 9.531, 9.19, 0.000, 0.000, 0.000,, 0.68127, 0.72324, 0.11264, -0.00104,,,
 11:49:57.434,d2:03:b8:43:8d:44, 2015-01-01 00:04:51.965, -0.074, 0.89, -0.277, 17.7, -7.446, -0.488, , , , , , , 93.285, 9.586, 9.185, 0.000, 0.000, 0.000,, 0.68127, 0.72324, 0.11264, -0.00104,,,
 11:49:57.434,d2:03:b8:43:8d:44, 2015-01-01 00:04:51.965, 0.216, 0.814, -0.729, 38.452, -5.31, 10.803, , , , , , , 93.554, 9.531, 9.113, 0.000, 0.000, 0.000,, 0.68127, 0.72324, 0.11264, -0.00104,,,
 11:49:57.434,d2:03:b8:43:8d:44, 2015-01-01 00:04:51.965, -0.579, 0.973, -0.763, 60.425, 30.64, -5.615, , , , , , , 94.103, 9.448, 9.168, 0.000, 0.000, 0.000,, 0.68127, 0.72324, 0.11264, -0.00104,,,
 11:49:57.434,d2:03:b8:43:8d:44, 2015-01-01 00:04:51.965, -0.044, 0.925, -0.108, 65.308, 3.723, -11.719, , , , , , , 94.735, 9.591, 9.591, 0.000, 0.000, 0.000,, 0.68127, 0.72324, 0.11264, -0.00104,,,
 11:49:57.435,d2:03:b8:43:8d:44, 2015-01-01 00:04:51.965, -0.146, 1.167, -0.227, 69.336, -4.761, 53.894, , , , , , , 95.46, 9.36, 9.245, 0.000, 0.000, 0.000,, 0.68127, 0.72324, 0.11264, -0.00104,,,
 11:49:57.522,d2:03:b8:43:8d:44, 2015-01-01 00:04:51.965, -0.063, 0.938, 0.013, 63.599, 6.409, 12.207, , , , , , , 96.092, 8.959, 9.355, 0.000, 0.000, 0.000,, 0.68127, 0.72324, 0.11264, -0.00104,,,
 11:49:57.556,d2:03:b8:43:8d:44, 2015-01-01 00:04:51.965, -0.154, 1.009, -0.059, 60.181, 14.465, -15.198, , , , , , , 96.729, 9.069, 9.443, 0.000, 0.000, 0.000,, 0.68127, 0.72324, 0.11264, -0.00104,,,
 11:49:57.556,d2:03:b8:43:8d:44, 2015-01-01 00:04:51.965, -0.138, 1.074, 0.074, 49.805, 19.043, 11.292, , , , , , , 97.311, 9.025, 9.63, 0.000, 0.000, 0.000,, 0.68127, 0.72324, 0.11264, -0.00104,,,
 11:49:57.556,d2:03:b8:43:8d:44, 2015-01-01 00:04:51.965, -0.209, 1.057, 0.22, 37.476, 9.705, 8.911, , , , , , , 97.762, 8.904, 9.756, 0.000, 0.000, 0.000,, 0.68127, 0.72324, 0.11264, -0.00104,,,
 11:49:57.593,d2:03:b8:43:8d:44, 2015-01-01 00:04:51.965, -0.412, 1.06, 0.282, 20.081, 8.24, 12.207, , , , , , , 98.053, 8.778, 9.838, 0.000, 0.000, 0.000,, 0.68127, 0.72324, 0.11264, -0.00104,,,
 11:49:57.593,d2:03:b8:43:8d:44, 2015-01-01 00:04:51.965, -0.212, 1.062, 0.454, 2.441, -18.555, 1.892, , , , , , , 98.152, 8.734, 9.767, 0.000, 0.000, 0.000,, 0.68127, 0.72324, 0.11264, -0.00104,,,
 11:49:57.593,d2:03:b8:43:8d:44, 2015-01-01 00:04:51.965, -0.073, 1.047, 0.056, -13.794, -14.465, 15.32, , , , , , , 98.036, 8.679, 9.564, 0.000, 0.000, 0.000,, 0.68127, 0.72324, 0.11264, -0.00104,,,
 11:49:57.593,d2:03:b8:43:8d:44, 2015-01-01 00:04:51.965, -0.139, 0.966, -0.144, -17.883, -6.531, 5.676, , , , , , , 97.85, 8.558, 9.47, 0.000, 0.000, 0.000,, 0.68127, 0.72324, 0.11264, -0.00104,,,
 11:49:57.594,d2:03:b8:43:8d:44, 2015-01-01 00:04:51.965, -0.181, 0.968, -0.136, -15.442, -11.78, -6.042, , , , , , , 97.674, 8.613, 9.349, 0.000, 0.000, 0.000,, 0.68127, 0.72324, 0.11264, -0.00104,,,
 11:49:57.595,d2:03:b8:43:8d:44, 2015-01-01 00:04:51.965, -0.151, 1, -0.152, -19.775, -0.305, 4.028, , , , , , , 97.487, 8.624, 9.311, 0.000, 0.000, 0.000,, 0.68127, 0.72324, 0.11264, -0.00104,,,
 11:49:57.595,d2:03:b8:43:8d:44, 2015-01-01 00:04:51.965, -0.112, 0.981, -0.125, -19.714, -3.845, 5.371, , , , , , , 97.284, 8.569, 9.278, 0.000, 0.000, 0.000,, 0.68127, 0.72324, 0.11264, -0.00104,,,
 11:49:57.595,d2:03:b8:43:8d:44, 2015-01-01 00:04:51.965, -0.156, 0.984, -0.153, -21.545, 6.409, -0.305, , , , , , , 97.075, 8.547, 9.272, 0.000, 0.000, 0.000,, 0.68127, 0.72324, 0.11264, -0.00104,,,
 11:49:57.595,d2:03:b8:43:8d:44, 2015-01-01 00:04:51.965, -0.105, 0.98, -0.109, -21.057, 1.465, -0.366, , , , , , , 96.866, 8.542, 9.338, 0.000, 0.000, 0.000,, 0.68127, 0.72324, 0.11264, -0.00104,,,
 11:49:57.596,d2:03:b8:43:8d:44, 2015-01-01 00:04:51.965, -0.174, 0.979, -0.16, -19.714, 2.991, -6.287, , , , , , , 96.669, 8.575, 9.327, 0.000, 0.000, 0.000,, 0.68127, 0.72324, 0.11264, -0.00104,,,
 11:49:57.596,d2:03:b8:43:8d:44, 2015-01-01 00:04:51.965, -0.141, 0.943, -0.253, -15.93, 3.052, -7.08, , , , , , , 96.487, 8.646, 9.382, 0.000, 0.000, 0.000,, 0.68127, 0.72324, 0.11264, -0.00104,,,
 11:49:57.596,d2:03:b8:43:8d:44, 2015-01-01 00:04:51.965, -0.172, 0.944, -0.307, -11.047, 11.536, -3.784, , , , , , , 96.372, 8.69, 9.459, 0.000, 0.000, 0.000,, 0.68127, 0.72324, 0.11264, -0.00104,,,
 11:49:57.596,d2:03:b8:43:8d:44, 2015-01-01 00:04:51.965, -0.196, 0.979, -0.152, -6.836, 6.836, -0.732, , , , , , , 96.301, 8.701, 9.569, 0.000, 0.000, 0.000,, 0.68127, 0.72324, 0.11264, -0.00104,,,
 11:49:57.597,d2:03:b8:43:8d:44, 2015-01-01 00:04:51.965, -0.098, 0.98, -0.097, -5.066, -2.93, 6.531, , , , , , , 96.24, 8.663, 9.575, 0.000, 0.000, 0.000,, 0.68127, 0.72324, 0.11264, -0.00104,,,
 11:49:57.597,d2:03:b8:43:8d:44, 2015-01-01 00:04:51.965, -0.158, 0.998, -0.092, -6.409, 3.601, 6.409, , , , , , , 96.185, 8.591, 9.569, 0.000, 0.000, 0.000,, 0.68127, 0.72324, 0.11264, -0.00104,,,
 11:49:57.597,d2:03:b8:43:8d:44, 2015-01-01 00:04:51.965, -0.148, 0.975, -0.021, -6.897, -2.136, -3.723, , , , , , , 96.114, 8.58, 9.586, 0.000, 0.000, 0.000,, 0.68127, 0.72324, 0.11264, -0.00104,,,
 11:49:57.649,d2:03:b8:43:8d:44, 2015-01-01 00:04:51.965, -0.159, 0.998, -0.067, -8.484, -2.38, -3.906, , , , , , , 96.031, 8.63, 9.558, 0.000, 0.000, 0.000,, 0.68127, 0.72324, 0.11264, -0.00104,,,
 11:49:57.650,d2:03:b8:43:8d:44, 2015-01-01 00:04:51.965, -0.168, 0.993, -0.112, -10.681, 2.319, 1.221, , , , , , , 95.933, 8.646, 9.575, 0.000, 0.000, 0.000,, 0.66995, 0.7338, 0.11212, -3E-05,,,
 11:49:57.650,d2:03:b8:43:8d:44, 2015-01-01 00:04:51.965, -0.117, 0.944, -0.212, -5.554, -2.563, 0.244, , , , , , , 95.845, 8.63, 9.569, 0.000, 0.000, 0.000,, 0.66995, 0.7338, 0.11212, -3E-05,,,
 11:49:57.746,d2:03:b8:43:8d:44, 2015-01-01 00:04:51.965, -0.15, 0.968, -0.229, -3.418, 6.714, 3.235, , , , , , , 95.806, 8.619, 9.586, 0.000, 0.000, 0.000,, 0.66995, 0.7338, 0.11212, -3E-05,,,
 11:49:57.804,d2:03:b8:43:8d:44, 2015-01-01 00:04:52.500, -0.135, 0.952, -0.211, 3.174, 1.099, 1.77, , , , , , , 95.812, 8.591, 9.624, 0.000, 0.000, 0.000,, 0.66995, 0.7338, 0.11212, -3E-05,,,
 11:49:57.804,d2:03:b8:43:8d:44, 2015-01-01 00:04:52.500, -0.134, 0.976, -0.12, 4.395, 1.953, 2.197, , , , , , , 95.85, 8.569, 9.646, 0.000, 0.000, 0.000,, 0.66995, 0.7338, 0.11212, -3E-05,,,
 11:49:57.804,d2:03:b8:43:8d:44, 2015-01-01 00:04:52.500, -0.145, 0.997, -0.05, 2.93, 2.136, 3.479, , , , , , , 95.889, 8.542, 9.668, 0.000, 0.000, 0.000,, 0.66995, 0.7338, 0.11212, -3E-05,,,
 11:49:57.804,d2:03:b8:43:8d:44, 2015-01-01 00:04:52.500, -0.221, 1.054, 0.193, -8.667, 10.498, 0.977, , , , , , , 95.872, 8.509, 9.728, 0.000, 0.000, 0.000,, 0.66995, 0.7338, 0.11212, -3E-05,,,
 11:49:57.805,d2:03:b8:43:8d:44, 2015-01-01 00:04:52.500, -0.108, 1.032, 0.214, -18.25, -2.625, -3.723, , , , , , , 95.729, 8.52, 9.778, 0.000, 0.000, 0.000,, 0.66995, 0.7338, 0.11212, -3E-05,,,
 11:49:57.805,d2:03:b8:43:8d:44, 2015-01-01 00:04:52.500, -0.13, 0.998, -0.125, -19.775, 2.014, -0.671, , , , , , , 95.537, 8.542, 9.745, 0.000, 0.000, 0.000,, 0.66995, 0.7338, 0.11212, -3E-05,,,
 11:49:57.805,d2:03:b8:43:8d:44, 2015-01-01 00:04:52.500, -0.14, 0.972, -0.124, -18.555, 2.93, -6.409, , , , , , , 95.345, 8.575, 9.783, 0.000, 0.000, 0.000,, 0.66995, 0.7338, 0.11212, -3E-05,,,
 11:49:57.805,d2:03:b8:43:8d:44, 2015-01-01 00:04:52.500, -0.149, 0.985, -0.155, -16.846, 7.324, -5.188, , , , , , , 95.18, 8.641, 9.844, 0.000, 0.000, 0.000,, 0.66995, 0.7338, 0.11212, -3E-05,,,
 11:49:57.806,d2:03:b8:43:8d:44, 2015-01-01 00:04:52.500, -0.17, 0.98, -0.09, -16.235, 7.629, -4.456, , , , , , , 95.026, 8.674, 9.926, 0.000, 0.000, 0.000,, 0.66995, 0.7338, 0.11212, -3E-05,,,
 11:49:57.806,d2:03:b8:43:8d:44, 2015-01-01 00:04:52.500, -0.164, 0.979, 0.002, -14.832, -0.854, -9.644, , , , , , , 94.878, 8.74, 9.976, 0.000, 0.000, 0.000,, 0.66995, 0.7338, 0.11212, -3E-05,,,
 11:49:57.806,d2:03:b8:43:8d:44, 2015-01-01 00:04:52.500, -0.14, 0.993, -0.044, -14.587, -5.066, -9.033, , , , , , , 94.724, 8.844, 9.937, 0.000, 0.000, 0.000,, 0.66995, 0.7338, 0.11212, -3E-05,,,
 11:49:57.806,d2:03:b8:43:8d:44, 2015-01-01 00:04:52.500, -0.144, 0.982, -0.11, -13.794, -2.808, -8.972, , , , , , , 94.576, 8.932, 9.904, 0.000, 0.000, 0.000,, 0.66995, 0.7338, 0.11212, -3E-05,,,
 11:49:57.822,d2:03:b8:43:8d:44, 2015-01-01 00:04:52.500, -0.159, 0.972, -0.135, -11.108, -1.221, -10.01, , , , , , , 94.449, 9.031, 9.888, 0.000, 0.000, 0.000,, 0.66995, 0.7338, 0.11212, -3E-05,,,
 11:49:57.822,d2:03:b8:43:8d:44, 2015-01-01 00:04:52.500, -0.174, 0.994, -0.036, -11.108, 0.549, -10.498, , , , , , , 94.34, 9.135, 9.899, 0.000, 0.000, 0.000,, 0.66995, 0.7338, 0.11212, -3E-05,,,
 11:49:57.822,d2:03:b8:43:8d:44, 2015-01-01 00:04:52.500, -0.16, 0.993, -0.048, -11.292, -0.488, -8.484, , , , , , , 94.23, 9.234, 9.899, 0.000, 0.000, 0.000,, 0.66995, 0.7338, 0.11212, -3E-05,,,
 11:49:57.822,d2:03:b8:43:8d:44, 2015-01-01 00:04:52.500, -0.167, 0.989, -0.042, -11.353, -0.671, -7.874, , , , , , , 94.114, 9.305, 9.904, 0.000, 0.000, 0.000,, 0.66995, 0.7338, 0.11212, -3E-05,,,
 11:49:57.822,d2:03:b8:43:8d:44, 2015-01-01 00:04:52.500, -0.162, 0.985, -0.054, -10.376, -2.197, -10.986, , , , , , , 93.999, 9.41, 9.888, 0.000, 0.000, 0.000,, 0.66995, 0.7338, 0.11212, -3E-05,,,
 11:49:57.822,d2:03:b8:43:8d:44, 2015-01-01 00:04:52.500, -0.163, 0.99, -0.057, -10.193, -0.977, -9.46, , , , , , , 93.895, 9.509, 9.882, 0.000, 0.000, 0.000,, 0.66995, 0.7338, 0.11212, -3E-05,,,
 11:49:57.822,d2:03:b8:43:8d:44, 2015-01-01 00:04:52.500, -0.172, 0.983, -0.06, -9.216, -1.282, -10.864, , , , , , , 93.796, 9.613, 9.877, 0.000, 0.000, 0.000,, 0.66995, 0.7338, 0.11212, -3E-05,,,
 11:49:57.823,d2:03:b8:43:8d:44, 2015-01-01 00:04:52.500, -0.196, 0.985, -0.071, -8.911, -0.122, -10.559, , , , , , , 93.708, 9.723, 9.871, 0.000, 0.000, 0.000,, 0.66995, 0.7338, 0.11212, -3E-05,,,
 11:49:57.967,d2:03:b8:43:8d:44, 2015-01-01 00:04:52.500, -0.161, 0.985, -0.037, -8.606, -1.648, -8.972, , , , , , , 93.615, 9.816, 9.871, 0.000, 0.000, 0.000,, 0.66995, 0.7338, 0.11212, -3E-05,,,
 11:49:58.024,d2:03:b8:43:8d:44, 2015-01-01 00:04:52.500, -0.153, 0.993, -0.067, -8.911, -0.549, -4.761, , , , , , , 93.527, 9.893, 9.855, 0.000, 0.000, 0.000,, 0.66995, 0.7338, 0.11212, -3E-05,,,
 11:49:58.025,d2:03:b8:43:8d:44, 2015-01-01 00:04:52.500, -0.178, 0.974, -0.053, -8.423, 0.427, -8.423, , , , , , , 93.439, 9.948, 9.86, 0.000, 0.000, 0.000,, 0.66995, 0.7338, 0.11212, -3E-05,,,
 11:49:58.025,d2:03:b8:43:8d:44, 2015-01-01 00:04:52.500, -0.192, 0.98, -0.047, -7.385, -0.549, -11.658, , , , , , , 93.362, 10.063, 9.866, 0.000, 0.000, 0.000,, 0.66995, 0.7338, 0.11212, -3E-05,,,
 11:49:58.041,d2:03:b8:43:8d:44, 2015-01-01 00:04:52.500, -0.169, 0.991, -0.058, -7.507, -0.427, -6.897, , , , , , , 93.285, 10.151, 9.866, 0.000, 0.000, 0.000,, 0.66995, 0.7338, 0.11212, -3E-05,,,
 11:49:58.041,d2:03:b8:43:8d:44, 2015-01-01 00:04:52.500, -0.168, 0.976, -0.057, -6.897, -0.549, -6.714, , , , , , , 93.214, 10.217, 9.86, 0.000, 0.000, 0.000,, 0.66995, 0.7338, 0.11212, -3E-05,,,
 11:49:58.041,d2:03:b8:43:8d:44, 2015-01-01 00:04:52.500, -0.195, 0.977, -0.047, -6.226, -0.427, -10.559, , , , , , , 93.148, 10.305, 9.86, 0.000, 0.000, 0.000,, 0.66995, 0.7338, 0.11212, -3E-05,,,
 11:49:58.041,d2:03:b8:43:8d:44, 2015-01-01 00:04:52.500, -0.193, 0.985, -0.053, -5.981, -1.038, -9.155, , , , , , , 93.082, 10.415, 9.855, 0.000, 0.000, 0.000,, 0.66995, 0.7338, 0.11212, -3E-05,,,
 11:49:58.041,d2:03:b8:43:8d:44, 2015-01-01 00:04:52.500, -0.182, 0.987, -0.063, -5.981, -0.244, -6.104, , , , , , , 93.021, 10.486, 9.849, 0.000, 0.000, 0.000,, 0.66995, 0.7338, 0.11212, -3E-05,,,
 11:49:58.041,d2:03:b8:43:8d:44, 2015-01-01 00:04:52.500, -0.194, 0.98, -0.06, -5.798, 1.526, -3.723, , , , , , , 92.961, 10.53, 9.86, 0.000, 0.000, 0.000,, 0.66995, 0.7338, 0.11212, -3E-05,,,
 11:49:58.042,d2:03:b8:43:8d:44, 2015-01-01 00:04:52.500, -0.185, 0.975, -0.054, -4.822, 0, -5.005, , , , , , , 92.911, 10.574, 9.871, 0.000, 0.000, 0.000,, 0.66995, 0.7338, 0.11212, -3E-05,,,
 11:49:58.042,d2:03:b8:43:8d:44, 2015-01-01 00:04:52.500, -0.192, 0.971, -0.094, -3.479, 1.526, -3.174, , , , , , , 92.867, 10.618, 9.877, 0.000, 0.000, 0.000,, 0.66995, 0.7338, 0.11212, -3E-05,,,
 11:49:58.042,d2:03:b8:43:8d:44, 2015-01-01 00:04:52.500, -0.151, 0.945, -0.097, -0.793, 1.526, -3.052, , , , , , , 92.851, 10.64, 9.899, 0.000, 0.000, 0.000,, 0.66995, 0.7338, 0.11212, -3E-05,,,
 11:49:58.042,d2:03:b8:43:8d:44, 2015-01-01 00:04:52.500, -0.121, 0.929, -0.207, 5.798, 3.723, -4.456, , , , , , , 92.878, 10.684, 9.915, 0.000, 0.000, 0.000,, 0.66995, 0.7338, 0.11212, -3E-05,,,
 11:49:58.042,d2:03:b8:43:8d:44, 2015-01-01 00:04:52.500, -0.304, 0.969, -0.093, 7.874, 10.742, -8.362, , , , , , , 92.972, 10.739, 10.003, 0.000, 0.000, 0.000,, 0.66995, 0.7338, 0.11212, -3E-05,,,
 11:49:58.042,d2:03:b8:43:8d:44, 2015-01-01 00:04:52.500, -0.207, 0.996, 0.083, 7.263, -1.526, -10.01, , , , , , , 93.054, 10.849, 10.063, 0.000, 0.000, 0.000,, 0.66995, 0.7338, 0.11212, -3E-05,,,
 11:49:58.043,d2:03:b8:43:8d:44, 2015-01-01 00:04:52.500, -0.113, 1.025, -0.059, 4.272, -2.075, 9.827, , , , , , , 93.104, 10.844, 10.014, 0.000, 0.000, 0.000,, 0.66995, 0.7338, 0.11212, -3E-05,,,
 11:49:58.043,d2:03:b8:43:8d:44, 2015-01-01 00:04:52.500, -0.206, 0.97, -0.067, 3.906, 3.662, 5.066, , , , , , , 93.142, 10.739, 10.025, 0.000, 0.000, 0.000,, 0.66995, 0.7338, 0.11212, -3E-05,,,
 11:49:58.043,d2:03:b8:43:8d:44, 2015-01-01 00:04:52.500, -0.305, 0.956, -0.043, 5.31, -0.854, -8.606, , , , , , , 93.186, 10.783, 10.052, 0.000, 0.000, 0.000,, 0.66995, 0.7338, 0.11212, -3E-05,,,
 11:49:58.043,d2:03:b8:43:8d:44, 2015-01-01 00:04:52.500, -0.076, 0.826, -0.529, 21.362, -12.756, 5.615, , , , , , , 93.296, 10.811, 9.981, 0.000, 0.000, 0.000,, 0.66995, 0.7338, 0.11212, -3E-05,,,
 11:49:58.059,d2:03:b8:43:8d:44, 2015-01-01 00:04:52.500, -0.031, 0.76, -0.915, 53.528, -10.559, 13.855, , , , , , , 93.658, 10.701, 9.811, 0.000, 0.000, 0.000,, 0.67694, 0.72501, 0.12625, -0.00897,,,
 11:49:58.059,d2:03:b8:43:8d:44, 2015-01-01 00:04:52.500, -0.317, 1.046, -0.357, 57.129, 23.438, -7.324, , , , , , , 94.252, 10.662, 9.965, 0.000, 0.000, 0.000,, 0.67694, 0.72501, 0.12625, -0.00897,,,
 11:49:58.059,d2:03:b8:43:8d:44, 2015-01-01 00:04:52.500, -0.342, 1.134, 0.058, 55.664, 3.601, 21.851, , , , , , , 94.856, 10.596, 10.014, 0.000, 0.000, 0.000,, 0.67694, 0.72501, 0.12625, -0.00897,,,
 11:49:58.060,d2:03:b8:43:8d:44, 2015-01-01 00:04:52.500, 0.081, 0.935, 0.112, 45.654, 0.366, 15.808, , , , , , , 95.328, 10.344, 10.129, 0.000, 0.000, 0.000,, 0.67694, 0.72501, 0.12625, -0.00897,,,
 11:49:58.193,d2:03:b8:43:8d:44, 2015-01-01 00:04:52.920, -0.058, 1.058, 0.023, 40.283, 4.272, -3.845, , , , , , , 95.768, 10.349, 10.052, 0.000, 0.000, 0.000,, 0.67694, 0.72501, 0.12625, -0.00897,,,
 11:49:58.247,d2:03:b8:43:8d:44, 2015-01-01 00:04:52.920, -0.487, 1.146, 0.355, 15.564, 33.081, -3.906, , , , , , , 96.097, 10.338, 10.267, 0.000, 0.000, 0.000,, 0.67694, 0.72501, 0.12625, -0.00897,,,
 11:49:58.247,d2:03:b8:43:8d:44, 2015-01-01 00:04:52.920, -0.229, 1.056, 0.674, -6.775, -2.075, -3.174, , , , , , , 96.141, 10.382, 10.503, 0.000, 0.000, 0.000,, 0.67694, 0.72501, 0.12625, -0.00897,,,
 11:49:58.247,d2:03:b8:43:8d:44, 2015-01-01 00:04:52.920, -0.089, 1.053, -0.011, -13.184, -23.071, 17.761, , , , , , , 95.999, 10.338, 10.261, 0.000, 0.000, 0.000,, 0.67694, 0.72501, 0.12625, -0.00897,,,
 11:49:58.263,d2:03:b8:43:8d:44, 2015-01-01 00:04:52.920, -0.15, 0.98, -0.152, -19.531, -3.418, 6.592, , , , , , , 95.801, 10.19, 10.14, 0.000, 0.000, 0.000,, 0.67694, 0.72501, 0.12625, -0.00897,,,
 11:49:58.263,d2:03:b8:43:8d:44, 2015-01-01 00:04:52.920, -0.25, 0.975, -0.107, -21.484, 2.136, -5.92, , , , , , , 95.592, 10.217, 10.157, 0.000, 0.000, 0.000,, 0.67694, 0.72501, 0.12625, -0.00897,,,
 11:49:58.263,d2:03:b8:43:8d:44, 2015-01-01 00:04:52.920, -0.162, 0.997, -0.09, -21.973, -7.935, 4.578, , , , , , , 95.367, 10.234, 10.124, 0.000, 0.000, 0.000,, 0.67694, 0.72501, 0.12625, -0.00897,,,
 11:49:58.263,d2:03:b8:43:8d:44, 2015-01-01 00:04:52.920, -0.119, 0.988, -0.112, -23.071, -7.385, 10.864, , , , , , , 95.125, 10.151, 10.014, 0.000, 0.000, 0.000,, 0.67694, 0.72501, 0.12625, -0.00897,,,
 11:49:58.264,d2:03:b8:43:8d:44, 2015-01-01 00:04:52.920, -0.202, 0.975, -0.106, -24.536, 0.732, 1.099, , , , , , , 94.878, 10.085, 9.998, 0.000, 0.000, 0.000,, 0.67694, 0.72501, 0.12625, -0.00897,,,
 11:49:58.264,d2:03:b8:43:8d:44, 2015-01-01 00:04:52.920, -0.137, 0.984, -0.071, -22.644, -6.592, -2.747, , , , , , , 94.636, 10.118, 9.959, 0.000, 0.000, 0.000,, 0.67694, 0.72501, 0.12625, -0.00897,,,
 11:49:58.264,d2:03:b8:43:8d:44, 2015-01-01 00:04:52.920, -0.15, 0.996, -0.133, -22.644, -1.221, 4.517, , , , , , , 94.4, 10.102, 9.91, 0.000, 0.000, 0.000,, 0.67694, 0.72501, 0.12625, -0.00897,,,
 11:49:58.264,d2:03:b8:43:8d:44, 2015-01-01 00:04:52.920, -0.13, 0.968, -0.141, -20.142, -0.061, -4.211, , , , , , , 94.18, 10.102, 9.915, 0.000, 0.000, 0.000,, 0.67694, 0.72501, 0.12625, -0.00897,,,
 11:49:58.265,d2:03:b8:43:8d:44, 2015-01-01 00:04:52.920, -0.069, 0.994, -0.188, -17.09, 6.165, -0.793, , , , , , , 94.01, 10.146, 9.926, 0.000, 0.000, 0.000,, 0.67694, 0.72501, 0.12625, -0.00897,,,
 11:49:58.265,d2:03:b8:43:8d:44, 2015-01-01 00:04:52.920, -0.215, 1.014, -0.083, -19.775, 19.47, 4.761, , , , , , , 93.845, 10.096, 10.069, 0.000, 0.000, 0.000,, 0.67694, 0.72501, 0.12625, -0.00897,,,
 11:49:58.265,d2:03:b8:43:8d:44, 2015-01-01 00:04:52.920, -0.401, 0.976, -0.024, -19.897, 18.188, -2.075, , , , , , , 93.68, 10.074, 10.278, 0.000, 0.000, 0.000,, 0.67694, 0.72501, 0.12625, -0.00897,,,
 11:49:58.266,d2:03:b8:43:8d:44, 2015-01-01 00:04:52.920, -0.233, 0.95, -0.056, -13.428, -8.545, 2.136, , , , , , , 93.521, 10.096, 10.3, 0.000, 0.000, 0.000,, 0.67694, 0.72501, 0.12625, -0.00897,,,
 11:49:58.266,d2:03:b8:43:8d:44, 2015-01-01 00:04:52.920, -0.116, 0.841, -0.509, -2.075, -8.24, 24.414, , , , , , , 93.411, 9.948, 10.206, 0.000, 0.000, 0.000,, 0.67694, 0.72501, 0.12625, -0.00897,,,
 11:49:58.267,d2:03:b8:43:8d:44, 2015-01-01 00:04:52.920, 0.127, 0.576, -1.255, 41.199, -4.517, 25.757, , , , , , , 93.593, 9.679, 10.113, 0.000, 0.000, 0.000,, 0.67694, 0.72501, 0.12625, -0.00897,,,
 11:49:58.267,d2:03:b8:43:8d:44, 2015-01-01 00:04:52.920, -0.175, 0.926, -0.874, 75.867, 21.851, -13.55, , , , , , , 94.252, 9.619, 10.157, 0.000, 0.000, 0.000,, 0.67694, 0.72501, 0.12625, -0.00897,,,
 11:49:58.267,d2:03:b8:43:8d:44, 2015-01-01 00:04:52.920, -0.365, 1.275, 0.211, 61.279, 41.748, 18.433, , , , , , , 95.032, 9.608, 10.514, 0.000, 0.000, 0.000,, 0.67694, 0.72501, 0.12625, -0.00897,,,
 11:49:58.410,d2:03:b8:43:8d:44, 2015-01-01 00:04:52.920, -0.026, 0.983, 0.293, 59.57, -12.451, 40.771, , , , , , , 95.62, 9.196, 10.64, 0.000, 0.000, 0.000,, 0.67694, 0.72501, 0.12625, -0.00897,,,
 11:49:58.466,d2:03:b8:43:8d:44, 2015-01-01 00:04:52.920, -0.173, 1.113, 0.433, 36.743, 7.507, -1.831, , , , , , , 96.097, 9.08, 10.58, 0.000, 0.000, 0.000,, 0.67694, 0.72501, 0.12625, -0.00897,,,
 11:49:58.466,d2:03:b8:43:8d:44, 2015-01-01 00:04:52.920, -0.337, 1.147, 0.577, 6.47, 7.507, 1.953, , , , , , , 96.306, 9.075, 10.684, 0.000, 0.000, 0.000,, 0.67694, 0.72501, 0.12625, -0.00897,,,
 11:49:58.466,d2:03:b8:43:8d:44, 2015-01-01 00:04:52.920, -0.168, 1.087, 0.518, -16.724, -4.517, 5.188, , , , , , , 96.246, 9.036, 10.69, 0.000, 0.000, 0.000,, 0.67694, 0.72501, 0.12625, -0.00897,,,
 11:49:58.482,d2:03:b8:43:8d:44, 2015-01-01 00:04:52.920, -0.081, 1.046, 0.011, -26.672, -11.658, 17.09, , , , , , , 95.988, 8.932, 10.563, 0.000, 0.000, 0.000,, 0.67694, 0.72501, 0.12625, -0.00897,,,
 11:49:58.482,d2:03:b8:43:8d:44, 2015-01-01 00:04:52.920, -0.143, 0.975, -0.128, -29.663, 0, 5.493, , , , , , , 95.691, 8.806, 10.519, 0.000, 0.000, 0.000,, 0.67694, 0.72501, 0.12625, -0.00897,,,
 11:49:58.483,d2:03:b8:43:8d:44, 2015-01-01 00:04:52.920, -0.152, 0.979, -0.104, -28.442, -6.531, -5.859, , , , , , , 95.394, 8.839, 10.47, 0.000, 0.000, 0.000,, 0.67694, 0.72501, 0.12625, -0.00897,,,
 11:49:58.483,d2:03:b8:43:8d:44, 2015-01-01 00:04:52.920, -0.088, 0.995, -0.146, -28.687, -3.052, -0.671, , , , , , , 95.098, 8.871, 10.432, 0.000, 0.000, 0.000,, 0.67694, 0.72501, 0.12625, -0.00897,,,
 11:49:58.483,d2:03:b8:43:8d:44, 2015-01-01 00:04:52.920, -0.123, 0.954, -0.194, -24.719, -5.737, -4.7, , , , , , , 94.823, 8.888, 10.377, 0.000, 0.000, 0.000,, 0.67694, 0.72501, 0.12625, -0.00897,,,
 11:49:58.483,d2:03:b8:43:8d:44, 2015-01-01 00:04:52.920, -0.157, 0.944, -0.269, -19.165, 2.93, -13.062, , , , , , , 94.603, 9.009, 10.382, 0.000, 0.000, 0.000,, 0.67694, 0.72501, 0.12625, -0.00897,,,
 11:49:58.484,d2:03:b8:43:8d:44, 2015-01-01 00:04:52.920, -0.207, 0.959, -0.268, -14.099, 7.324, -2.563, , , , , , , 94.444, 9.075, 10.453, 0.000, 0.000, 0.000,, 0.67694, 0.72501, 0.12625, -0.00897,,,
 11:49:58.484,d2:03:b8:43:8d:44, 2015-01-01 00:04:52.920, -0.134, 0.926, -0.304, -4.028, 4.272, 1.709, , , , , , , 94.367, 9.075, 10.508, 0.000, 0.000, 0.000,, 0.67694, 0.72501, 0.12625, -0.00897,,,
 11:49:58.484,d2:03:b8:43:8d:44, 2015-01-01 00:04:52.920, -0.043, 0.941, -0.25, 4.944, 1.587, 6.409, , , , , , , 94.378, 9.025, 10.53, 0.000, 0.000, 0.000,, 0.67694, 0.72501, 0.12625, -0.00897,,,
 11:49:58.484,d2:03:b8:43:8d:44, 2015-01-01 00:04:52.920, -0.257, 1.025, 0.081, 2.197, 11.658, -4.639, , , , , , , 94.444, 9.003, 10.585, 0.000, 0.000, 0.000,, 0.67694, 0.72501, 0.12625, -0.00897,,,
 11:49:58.484,d2:03:b8:43:8d:44, 2015-01-01 00:04:52.920, -0.252, 1.067, 0.396, -11.353, 5.554, -12.878, , , , , , , 94.406, 9.108, 10.706, 0.000, 0.000, 0.000,, 0.67694, 0.72501, 0.12625, -0.00897,,,
 11:49:58.485,d2:03:b8:43:8d:44, 2015-01-01 00:04:52.920, -0.041, 1.026, 0.15, -19.897, -12.39, -5.493, , , , , , , 94.224, 9.19, 10.673, 0.000, 0.000, 0.000,, 0.67694, 0.72501, 0.12625, -0.00897,,,
 11:49:58.485,d2:03:b8:43:8d:44, 2015-01-01 00:04:52.920, -0.067, 0.964, -0.256, -15.564, -3.601, -10.803, , , , , , , 94.032, 9.283, 10.563, 0.000, 0.000, 0.000,, 0.67694, 0.72501, 0.12625, -0.00897,,,
 11:49:58.485,d2:03:b8:43:8d:44, 2015-01-01 00:04:52.920, -0.354, 0.986, -0.133, -15.564, 12.329, -15.686, , , , , , , 93.889, 9.415, 10.657, 0.000, 0.000, 0.000,, 0.67694, 0.72501, 0.12625, -0.00897,,,
 11:49:58.485,d2:03:b8:43:8d:44, 2015-01-01 00:04:52.920, -0.368, 0.925, -0.167, -6.897, -5.371, -9.033, , , , , , , 93.779, 9.547, 10.695, 0.000, 0.000, 0.000,, 0.67694, 0.72501, 0.12625, -0.00897,,,
 11:49:58.485,d2:03:b8:43:8d:44, 2015-01-01 00:04:52.920, -0.045, 0.838, -0.397, 8.301, -27.222, 8.545, , , , , , , 93.746, 9.553, 10.541, 0.000, 0.000, 0.000,, 0.67694, 0.72501, 0.12625, -0.00897,,,
 11:49:58.501,d2:03:b8:43:8d:44, 2015-01-01 00:04:52.920, 0.12, 0.822, -0.779, 38.818, -29.358, 5.554, , , , , , , 93.955, 9.487, 10.14, 0.000, 0.000, 0.000,, 0.67725, 0.72556, 0.12149, 6E-05,,,
 11:49:58.502,d2:03:b8:43:8d:44, 2015-01-01 00:04:52.920, -0.23, 1.049, -0.18, 34.058, 15.869, -1.709, , , , , , , 94.323, 9.498, 10.206, 0.000, 0.000, 0.000,, 0.67725, 0.72556, 0.12149, 6E-05,,,
 11:49:58.502,d2:03:b8:43:8d:44, 2015-01-01 00:04:52.920, -0.302, 1.069, 0.178, 28.137, 9.705, 1.77, , , , , , , 94.669, 9.481, 10.278, 0.000, 0.000, 0.000,, 0.67725, 0.72556, 0.12149, 6E-05,,,
 11:49:58.502,d2:03:b8:43:8d:44, 2015-01-01 00:04:52.920, 0.025, 1.025, 0.208, 22.583, -16.357, 8.362, , , , , , , 94.905, 9.437, 10.239, 0.000, 0.000, 0.000,, 0.67725, 0.72556, 0.12149, 6E-05,,,
 11:49:58.667,d2:03:b8:43:8d:44, 2015-01-01 00:04:53.365, -0.337, 1.116, 0.312, -3.906, 30.64, 1.099, , , , , , , 95.01, 9.36, 10.311, 0.000, 0.000, 0.000,, 0.67725, 0.72556, 0.12149, 6E-05,,,
 11:49:58.714,d2:03:b8:43:8d:44, 2015-01-01 00:04:53.365, -0.212, 1.032, 0.465, -13.367, -7.996, -14.099, , , , , , , 94.933, 9.437, 10.437, 0.000, 0.000, 0.000,, 0.67725, 0.72556, 0.12149, 6E-05,,,
 11:49:58.714,d2:03:b8:43:8d:44, 2015-01-01 00:04:53.365, -0.087, 1.044, 0.015, -19.897, -11.78, 0.854, , , , , , , 94.735, 9.525, 10.311, 0.000, 0.000, 0.000,, 0.67725, 0.72556, 0.12149, 6E-05,,,
 11:49:58.715,d2:03:b8:43:8d:44, 2015-01-01 00:04:53.365, -0.151, 0.968, -0.163, -20.142, -2.075, -1.465, , , , , , , 94.515, 9.509, 10.245, 0.000, 0.000, 0.000,, 0.67725, 0.72556, 0.12149, 6E-05,,,
 11:49:58.731,d2:03:b8:43:8d:44, 2015-01-01 00:04:53.365, -0.192, 0.946, -0.257, -13.855, 0, -11.23, , , , , , , 94.345, 9.597, 10.245, 0.000, 0.000, 0.000,, 0.67725, 0.72556, 0.12149, 6E-05,,,
 11:49:58.731,d2:03:b8:43:8d:44, 2015-01-01 00:04:53.365, -0.183, 0.94, -0.364, -6.47, 4.944, 3.723, , , , , , , 94.246, 9.635, 10.272, 0.000, 0.000, 0.000,, 0.67725, 0.72556, 0.12149, 6E-05,,,
 11:49:58.731,d2:03:b8:43:8d:44, 2015-01-01 00:04:53.365, -0.083, 0.896, -0.404, 7.568, 4.211, 8.728, , , , , , , 94.263, 9.547, 10.327, 0.000, 0.000, 0.000,, 0.67725, 0.72556, 0.12149, 6E-05,,,
 11:49:58.731,d2:03:b8:43:8d:44, 2015-01-01 00:04:53.365, -0.109, 0.952, -0.274, 16.968, 4.15, 6.47, , , , , , , 94.411, 9.465, 10.333, 0.000, 0.000, 0.000,, 0.67725, 0.72556, 0.12149, 6E-05,,,
 11:49:58.731,d2:03:b8:43:8d:44, 2015-01-01 00:04:53.365, -0.168, 0.984, -0.091, 18.066, 8.972, 3.845, , , , , , , 94.598, 9.415, 10.404, 0.000, 0.000, 0.000,, 0.67725, 0.72556, 0.12149, 6E-05,,,
 11:49:58.731,d2:03:b8:43:8d:44, 2015-01-01 00:04:53.365, -0.231, 1.03, 0.117, 11.353, 12.878, 1.709, , , , , , , 94.763, 9.382, 10.53, 0.000, 0.000, 0.000,, 0.67725, 0.72556, 0.12149, 6E-05,,,
 11:49:58.731,d2:03:b8:43:8d:44, 2015-01-01 00:04:53.365, -0.305, 1.097, 0.455, -7.751, 13.55, 0.122, , , , , , , 94.801, 9.36, 10.673, 0.000, 0.000, 0.000,, 0.67725, 0.72556, 0.12149, 6E-05,,,
 11:49:58.732,d2:03:b8:43:8d:44, 2015-01-01 00:04:53.365, -0.074, 1.036, 0.314, -19.043, -11.841, -2.38, , , , , , , 94.647, 9.371, 10.668, 0.000, 0.000, 0.000,, 0.67725, 0.72556, 0.12149, 6E-05,,,
 11:49:58.732,d2:03:b8:43:8d:44, 2015-01-01 00:04:53.365, -0.095, 1, -0.132, -20.691, -4.822, -0.427, , , , , , , 94.427, 9.388, 10.558, 0.000, 0.000, 0.000,, 0.67725, 0.72556, 0.12149, 6E-05,,,
 11:49:58.732,d2:03:b8:43:8d:44, 2015-01-01 00:04:53.365, -0.264, 0.968, -0.199, -19.104, 7.324, -9.033, , , , , , , 94.23, 9.437, 10.591, 0.000, 0.000, 0.000,, 0.67725, 0.72556, 0.12149, 6E-05,,,
 11:49:58.732,d2:03:b8:43:8d:44, 2015-01-01 00:04:53.365, -0.192, 0.949, -0.25, -13.428, 3.845, -1.404, , , , , , , 94.076, 9.498, 10.662, 0.000, 0.000, 0.000,, 0.67725, 0.72556, 0.12149, 6E-05,,,
 11:49:58.732,d2:03:b8:43:8d:44, 2015-01-01 00:04:53.365, 0.074, 0.908, -0.417, -0.793, 0.183, 15.442, , , , , , , 94.01, 9.41, 10.651, 0.000, 0.000, 0.000,, 0.67725, 0.72556, 0.12149, 6E-05,,,
 11:49:58.732,d2:03:b8:43:8d:44, 2015-01-01 00:04:53.365, -0.187, 0.987, -0.125, 1.831, 15.32, 3.235, , , , , , , 94.043, 9.289, 10.717, 0.000, 0.000, 0.000,, 0.67725, 0.72556, 0.12149, 6E-05,,,
 11:49:58.732,d2:03:b8:43:8d:44, 2015-01-01 00:04:53.365, -0.292, 0.945, 0.011, 3.784, 5.127, -20.447, , , , , , , 94.081, 9.399, 10.86, 0.000, 0.000, 0.000,, 0.67725, 0.72556, 0.12149, 6E-05,,,
 11:49:58.733,d2:03:b8:43:8d:44, 2015-01-01 00:04:53.365, -0.069, 0.983, -0.134, 7.019, 0.488, -6.226, , , , , , , 94.147, 9.553, 10.876, 0.000, 0.000, 0.000,, 0.67725, 0.72556, 0.12149, 6E-05,,,
 11:49:58.733,d2:03:b8:43:8d:44, 2015-01-01 00:04:53.365, -0.289, 1.092, 0.215, -5.737, 12.573, 7.507, , , , , , , 94.169, 9.503, 10.948, 0.000, 0.000, 0.000,, 0.67725, 0.72556, 0.12149, 6E-05,,,
 11:49:58.749,d2:03:b8:43:8d:44, 2015-01-01 00:04:53.365, -0.192, 0.987, 0.212, -11.292, -8.545, -20.142, , , , , , , 94.07, 9.575, 10.986, 0.000, 0.000, 0.000,, 0.67725, 0.72556, 0.12149, 6E-05,,,
 11:49:58.749,d2:03:b8:43:8d:44, 2015-01-01 00:04:53.365, -0.085, 1.027, -0.033, -13.55, -11.292, -6.653, , , , , , , 93.928, 9.728, 10.871, 0.000, 0.000, 0.000,, 0.67725, 0.72556, 0.12149, 6E-05,,,
 11:49:58.750,d2:03:b8:43:8d:44, 2015-01-01 00:04:53.365, -0.176, 0.994, -0.109, -15.198, 1.038, -6.531, , , , , , , 93.768, 9.778, 10.833, 0.000, 0.000, 0.000,, 0.67725, 0.72556, 0.12149, 6E-05,,,
 11:49:58.750,d2:03:b8:43:8d:44, 2015-01-01 00:04:53.365, -0.207, 0.97, -0.07, -13.794, 0.427, -12.817, , , , , , , 93.625, 9.888, 10.854, 0.000, 0.000, 0.000,, 0.67725, 0.72556, 0.12149, 6E-05,,,
 11:49:58.917,d2:03:b8:43:8d:44, 2015-01-01 00:04:53.365, -0.14, 0.985, -0.077, -12.024, -1.77, -9.094, , , , , , , 93.499, 9.998, 10.849, 0.000, 0.000, 0.000,, 0.67725, 0.72556, 0.12149, 6E-05,,,
 11:49:58.984,d2:03:b8:43:8d:44, 2015-01-01 00:04:53.365, -0.185, 0.988, -0.048, -11.78, -0.366, -8.972, , , , , , , 93.378, 10.08, 10.838, 0.000, 0.000, 0.000,, 0.67725, 0.72556, 0.12149, 6E-05,,,
 11:49:58.984,d2:03:b8:43:8d:44, 2015-01-01 00:04:53.785, -0.212, 0.962, -0.034, -10.559, -3.723, -16.907, , , , , , , 93.263, 10.223, 10.833, 0.000, 0.000, 0.000,, 0.6842, 0.71692, 0.13333, -0.00482,,,
 11:49:58.984,d2:03:b8:43:8d:44, 2015-01-01 00:04:53.785, -0.275, 0.934, -0.194, -5.066, -6.775, -12.39, , , , , , , 93.17, 10.377, 10.778, 0.000, 0.000, 0.000,, 0.6842, 0.71692, 0.13333, -0.00482,,,
 11:49:59.000,d2:03:b8:43:8d:44, 2015-01-01 00:04:53.785, -0.028, 0.773, -0.611, 17.517, -20.874, -3.235, , , , , , , 93.197, 10.453, 10.646, 0.000, 0.000, 0.000,, 0.6842, 0.71692, 0.13333, -0.00482,,,
 11:49:59.000,d2:03:b8:43:8d:44, 2015-01-01 00:04:53.785, 0.106, 0.785, -0.802, 44.983, -8.85, -0.305, , , , , , , 93.505, 10.475, 10.448, 0.000, 0.000, 0.000,, 0.6842, 0.71692, 0.13333, -0.00482,,,
 11:49:59.000,d2:03:b8:43:8d:44, 2015-01-01 00:04:53.785, -0.483, 1.114, -0.15, 44.983, 31.616, -11.963, , , , , , , 94.021, 10.514, 10.552, 0.000, 0.000, 0.000,, 0.6842, 0.71692, 0.13333, -0.00482,,,
 11:49:59.000,d2:03:b8:43:8d:44, 2015-01-01 00:04:53.785, -0.281, 1.161, 0.58, 24.109, 6.104, 3.845, , , , , , , 94.384, 10.569, 10.838, 0.000, 0.000, 0.000,, 0.6842, 0.71692, 0.13333, -0.00482,,,
 11:49:59.001,d2:03:b8:43:8d:44, 2015-01-01 00:04:53.785, -0.048, 1.103, 0.527, 1.587, -3.906, 13.611, , , , , , , 94.493, 10.448, 10.827, 0.000, 0.000, 0.000,, 0.6842, 0.71692, 0.13333, -0.00482,,,
 11:49:59.001,d2:03:b8:43:8d:44, 2015-01-01 00:04:53.785, -0.201, 1.025, 0.302, -15.137, 1.892, -18.616, , , , , , , 94.4, 10.47, 10.816, 0.000, 0.000, 0.000,, 0.6842, 0.71692, 0.13333, -0.00482,,,
 11:49:59.001,d2:03:b8:43:8d:44, 2015-01-01 00:04:53.785, -0.283, 0.993, -0.074, -14.893, 0.244, -28.015, , , , , , , 94.252, 10.761, 10.838, 0.000, 0.000, 0.000,, 0.6842, 0.71692, 0.13333, -0.00482,,,
 11:49:59.001,d2:03:b8:43:8d:44, 2015-01-01 00:04:53.785, -0.191, 1.006, -0.099, -15.991, 0.549, -2.93, , , , , , , 94.098, 10.887, 10.86, 0.000, 0.000, 0.000,, 0.6842, 0.71692, 0.13333, -0.00482,,,
 11:49:59.002,d2:03:b8:43:8d:44, 2015-01-01 00:04:53.785, -0.22, 0.99, -0.071, -16.052, 1.221, 3.906, , , , , , , 93.939, 10.86, 10.871, 0.000, 0.000, 0.000,, 0.6842, 0.71692, 0.13333, -0.00482,,,
 11:49:59.002,d2:03:b8:43:8d:44, 2015-01-01 00:04:53.785, -0.153, 0.968, -0.057, -14.038, -4.089, -6.714, , , , , , , 93.779, 10.876, 10.865, 0.000, 0.000, 0.000,, 0.6842, 0.71692, 0.13333, -0.00482,,,
 11:49:59.002,d2:03:b8:43:8d:44, 2015-01-01 00:04:53.785, -0.149, 0.985, -0.118, -12.451, -3.723, -1.892, , , , , , , 93.642, 10.937, 10.805, 0.000, 0.000, 0.000,, 0.6842, 0.71692, 0.13333, -0.00482,,,
 11:49:59.002,d2:03:b8:43:8d:44, 2015-01-01 00:04:53.785, -0.245, 0.962, -0.054, -11.353, -0.366, -10.071, , , , , , , 93.521, 10.981, 10.8, 0.000, 0.000, 0.000,, 0.6842, 0.71692, 0.13333, -0.00482,,,
 11:49:59.002,d2:03:b8:43:8d:44, 2015-01-01 00:04:53.785, -0.202, 0.976, -0.049, -10.01, -4.211, -13, , , , , , , 93.411, 11.129, 10.783, 0.000, 0.000, 0.000,, 0.6842, 0.71692, 0.13333, -0.00482,,,
 11:49:59.003,d2:03:b8:43:8d:44, 2015-01-01 00:04:53.785, -0.167, 0.974, -0.104, -9.705, -1.282, 0.854, , , , , , , 93.301, 11.173, 10.756, 0.000, 0.000, 0.000,, 0.6842, 0.71692, 0.13333, -0.00482,,,
 11:49:59.003,d2:03:b8:43:8d:44, 2015-01-01 00:04:53.785, -0.212, 0.945, -0.09, -6.348, 0, -3.662, , , , , , , 93.219, 11.184, 10.75, 0.000, 0.000, 0.000,, 0.6842, 0.71692, 0.13333, -0.00482,,,
 11:49:59.003,d2:03:b8:43:8d:44, 2015-01-01 00:04:53.785, -0.205, 0.957, -0.051, -3.052, -2.869, -7.935, , , , , , , 93.17, 11.255, 10.745, 0.000, 0.000, 0.000,, 0.6842, 0.71692, 0.13333, -0.00482,,,
 11:49:59.003,d2:03:b8:43:8d:44, 2015-01-01 00:04:53.785, -0.236, 0.981, -0.039, -1.465, -2.197, -2.991, , , , , , , 93.148, 11.31, 10.706, 0.000, 0.000, 0.000,, 0.6842, 0.71692, 0.13333, -0.00482,,,
 11:49:59.004,d2:03:b8:43:8d:44, 2015-01-01 00:04:53.785, -0.158, 0.981, -0.004, -1.099, -5.737, -1.892, , , , , , , 93.126, 11.332, 10.673, 0.000, 0.000, 0.000,, 0.6842, 0.71692, 0.13333, -0.00482,,,
 11:49:59.004,d2:03:b8:43:8d:44, 2015-01-01 00:04:53.785, -0.151, 0.99, -0.076, -1.343, -0.122, 1.099, , , , , , , 93.104, 11.338, 10.635, 0.000, 0.000, 0.000,, 0.6842, 0.71692, 0.13333, -0.00482,,,
 11:49:59.004,d2:03:b8:43:8d:44, 2015-01-01 00:04:53.785, -0.197, 0.964, -0.067, 0.366, 1.77, -4.395, , , , , , , 93.104, 11.349, 10.651, 0.000, 0.000, 0.000,, 0.6842, 0.71692, 0.13333, -0.00482,,,
 11:49:59.138,d2:03:b8:43:8d:44, 2015-01-01 00:04:53.785, -0.212, 0.959, -0.065, 2.563, -1.282, -13.611, , , , , , , 93.12, 11.448, 10.657, 0.000, 0.000, 0.000,, 0.6842, 0.71692, 0.13333, -0.00482,,,
 11:49:59.180,d2:03:b8:43:8d:44, 2015-01-01 00:04:53.785, -0.152, 0.903, -0.315, 12.39, -4.639, -5.981, , , , , , , 93.186, 11.552, 10.624, 0.000, 0.000, 0.000,, 0.6842, 0.71692, 0.13333, -0.00482,,,
 11:49:59.180,d2:03:b8:43:8d:44, 2015-01-01 00:04:53.785, -0.055, 0.832, -0.527, 30.884, -3.54, -1.038, , , , , , , 93.4, 11.569, 10.563, 0.000, 0.000, 0.000,, 0.6842, 0.71692, 0.13333, -0.00482,,,
 11:49:59.180,d2:03:b8:43:8d:44, 2015-01-01 00:04:53.785, -0.33, 1.001, -0.191, 31.982, 25.391, 2.625, , , , , , , 93.757, 11.558, 10.701, 0.000, 0.000, 0.000,, 0.6842, 0.71692, 0.13333, -0.00482,,,
 11:49:59.196,d2:03:b8:43:8d:44, 2015-01-01 00:04:53.785, -0.52, 1.152, 0.552, 11.719, 19.226, -5.371, , , , , , , 94.026, 11.536, 10.981, 0.000, 0.000, 0.000,, 0.6842, 0.71692, 0.13333, -0.00482,,,
 11:49:59.196,d2:03:b8:43:8d:44, 2015-01-01 00:04:53.785, -0.025, 1.079, 0.411, -0.916, -21.606, 6.714, , , , , , , 94.054, 11.58, 10.915, 0.000, 0.000, 0.000,, 0.6842, 0.71692, 0.13333, -0.00482,,,
 11:49:59.196,d2:03:b8:43:8d:44, 2015-01-01 00:04:53.785, -0.098, 1.011, -0.1, -8.179, -2.869, 16.541, , , , , , , 93.966, 11.404, 10.767, 0.000, 0.000, 0.000,, 0.6842, 0.71692, 0.13333, -0.00482,,,
 11:49:59.197,d2:03:b8:43:8d:44, 2015-01-01 00:04:53.785, -0.258, 0.934, -0.134, -5.005, 3.296, -16.235, , , , , , , 93.9, 11.437, 10.778, 0.000, 0.000, 0.000,, 0.6842, 0.71692, 0.13333, -0.00482,,,
 11:49:59.197,d2:03:b8:43:8d:44, 2015-01-01 00:04:53.785, -0.304, 1.002, -0.081, -5.676, 6.47, -2.502, , , , , , , 93.867, 11.552, 10.844, 0.000, 0.000, 0.000,, 0.6842, 0.71692, 0.13333, -0.00482,,,
 11:49:59.197,d2:03:b8:43:8d:44, 2015-01-01 00:04:53.785, -0.177, 0.986, 0.01, -5.676, -4.395, 8.911, , , , , , , 93.807, 11.497, 10.849, 0.000, 0.000, 0.000,, 0.6842, 0.71692, 0.13333, -0.00482,,,
 11:49:59.198,d2:03:b8:43:8d:44, 2015-01-01 00:04:53.785, -0.184, 0.973, -0.041, -5.127, -7.141, 4.395, , , , , , , 93.735, 11.426, 10.772, 0.000, 0.000, 0.000,, 0.6842, 0.71692, 0.13333, -0.00482,,,
 11:49:59.198,d2:03:b8:43:8d:44, 2015-01-01 00:04:53.785, -0.252, 0.974, -0.052, -4.944, -6.653, -3.052, , , , , , , 93.669, 11.431, 10.706, 0.000, 0.000, 0.000,, 0.6842, 0.71692, 0.13333, -0.00482,,,
 11:49:59.198,d2:03:b8:43:8d:44, 2015-01-01 00:04:53.785, -0.213, 0.989, -0.057, -4.944, -9.644, 0.977, , , , , , , 93.604, 11.459, 10.624, 0.000, 0.000, 0.000,, 0.6842, 0.71692, 0.13333, -0.00482,,,
 11:49:59.198,d2:03:b8:43:8d:44, 2015-01-01 00:04:53.785, -0.133, 0.992, -0.065, -5.737, -10.01, 8.179, , , , , , , 93.527, 11.409, 10.508, 0.000, 0.000, 0.000,, 0.6842, 0.71692, 0.13333, -0.00482,,,
 11:49:59.198,d2:03:b8:43:8d:44, 2015-01-01 00:04:53.785, -0.161, 0.976, -0.085, -5.981, -4.333, 5.859, , , , , , , 93.45, 11.338, 10.432, 0.000, 0.000, 0.000,, 0.6842, 0.71692, 0.13333, -0.00482,,,
 11:49:59.198,d2:03:b8:43:8d:44, 2015-01-01 00:04:53.785, -0.236, 0.969, -0.055, -5.493, -0.427, -0.916, , , , , , , 93.389, 11.321, 10.415, 0.000, 0.000, 0.000,, 0.6842, 0.71692, 0.13333, -0.00482,,,
 11:49:59.198,d2:03:b8:43:8d:44, 2015-01-01 00:04:53.785, -0.212, 0.979, -0.032, -4.7, -3.784, 0.427, , , , , , , 93.334, 11.332, 10.388, 0.000, 0.000, 0.000,, 0.6842, 0.71692, 0.13333, -0.00482,,,
 11:49:59.198,d2:03:b8:43:8d:44, 2015-01-01 00:04:53.785, -0.181, 0.982, -0.043, -4.333, -5.371, 4.089, , , , , , , 93.274, 11.305, 10.338, 0.000, 0.000, 0.000,, 0.6842, 0.71692, 0.13333, -0.00482,,,
 11:49:59.198,d2:03:b8:43:8d:44, 2015-01-01 00:04:53.785, -0.143, 0.981, -0.059, -3.479, -4.211, 1.587, , , , , , , 93.224, 11.283, 10.283, 0.000, 0.000, 0.000,, 0.6842, 0.71692, 0.13333, -0.00482,,,
 11:49:59.198,d2:03:b8:43:8d:44, 2015-01-01 00:04:53.785, -0.146, 0.981, -0.105, -3.113, 2.319, 4.15, , , , , , , 93.192, 11.255, 10.267, 0.000, 0.000, 0.000,, 0.6842, 0.71692, 0.13333, -0.00482,,,
 11:49:59.231,d2:03:b8:43:8d:44, 2015-01-01 00:04:53.785, -0.198, 0.973, -0.066, -3.113, 8.24, 2.319, , , , , , , 93.17, 11.212, 10.327, 0.000, 0.000, 0.000,, 0.6842, 0.71692, 0.13333, -0.00482,,,
 11:49:59.231,d2:03:b8:43:8d:44, 2015-01-01 00:04:53.785, -0.24, 0.968, -0.043, -1.526, 7.629, 0.122, , , , , , , 93.159, 11.206, 10.41, 0.000, 0.000, 0.000,, 0.6842, 0.71692, 0.13333, -0.00482,,,
 11:49:59.232,d2:03:b8:43:8d:44, 2015-01-01 00:04:53.785, -0.263, 0.968, -0.01, -0.122, 3.357, 0.183, , , , , , , 93.164, 11.195, 10.464, 0.000, 0.000, 0.000,, 0.6842, 0.71692, 0.13333, -0.00482,,,
 11:49:59.232,d2:03:b8:43:8d:44, 2015-01-01 00:04:53.785, -0.195, 0.972, -0.017, 1.709, -4.089, 1.465, , , , , , , 93.17, 11.195, 10.453, 0.000, 0.000, 0.000,, 0.6842, 0.71692, 0.13333, -0.00482,,,
 11:49:59.366,d2:03:b8:43:8d:44, 2015-01-01 00:04:53.785, -0.138, 0.983, -0.048, 2.319, -5.737, 5.737, , , , , , , 93.181, 11.151, 10.388, 0.000, 0.000, 0.000,, 0.6842, 0.71692, 0.13333, -0.00482,,,
 11:49:59.432,d2:03:b8:43:8d:44, 2015-01-01 00:04:53.785, -0.176, 0.975, -0.063, 2.502, -1.038, 1.831, , , , , , , 93.197, 11.113, 10.355, 0.000, 0.000, 0.000,, 0.68753, 0.71417, 0.13089, -0.00549,,,
 11:49:59.432,d2:03:b8:43:8d:44, 2015-01-01 00:04:54.200, -0.208, 0.974, -0.053, 3.601, -0.427, -4.639, , , , , , , 93.224, 11.135, 10.349, 0.000, 0.000, 0.000,, 0.68753, 0.71417, 0.13089, -0.00549,,,
 11:49:59.432,d2:03:b8:43:8d:44, 2015-01-01 00:04:54.200, -0.213, 0.989, -0.072, 3.479, 0.061, -0.916, , , , , , , 93.257, 11.173, 10.344, 0.000, 0.000, 0.000,, 0.68753, 0.71417, 0.13089, -0.00549,,,
 11:49:59.448,d2:03:b8:43:8d:44, 2015-01-01 00:04:54.200, -0.177, 0.988, -0.05, 2.441, -0.916, 2.747, , , , , , , 93.285, 11.157, 10.344, 0.000, 0.000, 0.000,, 0.68753, 0.71417, 0.13089, -0.00549,,,
 11:49:59.448,d2:03:b8:43:8d:44, 2015-01-01 00:04:54.200, -0.191, 0.988, -0.07, 1.404, 0.427, 2.441, , , , , , , 93.301, 11.129, 10.333, 0.000, 0.000, 0.000,, 0.68753, 0.71417, 0.13089, -0.00549,,,
 11:49:59.448,d2:03:b8:43:8d:44, 2015-01-01 00:04:54.200, -0.219, 0.992, -0.058, -0.488, 1.77, 0.916, , , , , , , 93.307, 11.113, 10.349, 0.000, 0.000, 0.000,, 0.68753, 0.71417, 0.13089, -0.00549,,,
 11:49:59.450,d2:03:b8:43:8d:44, 2015-01-01 00:04:54.200, -0.175, 0.998, -0.068, -2.075, -0.122, 4.272, , , , , , , 93.296, 11.091, 10.349, 0.000, 0.000, 0.000,, 0.68753, 0.71417, 0.13089, -0.00549,,,
 11:49:59.450,d2:03:b8:43:8d:44, 2015-01-01 00:04:54.200, -0.145, 1.004, -0.095, -4.395, 3.174, 7.812, , , , , , , 93.263, 11.025, 10.36, 0.000, 0.000, 0.000,, 0.68753, 0.71417, 0.13089, -0.00549,,,
 11:49:59.450,d2:03:b8:43:8d:44, 2015-01-01 00:04:54.200, -0.115, 0.992, -0.093, -5.859, 8.057, 10.681, , , , , , , 93.219, 10.926, 10.41, 0.000, 0.000, 0.000,, 0.68753, 0.71417, 0.13089, -0.00549,,,
 11:49:59.450,d2:03:b8:43:8d:44, 2015-01-01 00:04:54.200, -0.257, 0.977, -0.143, -5.493, 13.977, 7.629, , , , , , , 93.175, 10.827, 10.519, 0.000, 0.000, 0.000,, 0.68753, 0.71417, 0.13089, -0.00549,,,
 11:49:59.450,d2:03:b8:43:8d:44, 2015-01-01 00:04:54.200, -0.173, 0.865, -0.433, 5.432, 14.16, 13.184, , , , , , , 93.197, 10.717, 10.673, 0.000, 0.000, 0.000,, 0.68753, 0.71417, 0.13089, -0.00549,,,
 11:49:59.450,d2:03:b8:43:8d:44, 2015-01-01 00:04:54.200, 0.119, 0.793, -0.732, 32.532, 9.888, 16.357, , , , , , , 93.417, 10.563, 10.734, 0.000, 0.000, 0.000,, 0.68753, 0.71417, 0.13089, -0.00549,,,
 11:49:59.450,d2:03:b8:43:8d:44, 2015-01-01 00:04:54.200, -0.294, 0.975, -0.6, 48.34, 38.513, 15.015, , , , , , , 93.895, 10.393, 10.953, 0.000, 0.000, 0.000,, 0.68753, 0.71417, 0.13089, -0.00549,,,
 11:49:59.450,d2:03:b8:43:8d:44, 2015-01-01 00:04:54.200, -0.289, 1.064, 0.152, 50.72, 21.24, 11.292, , , , , , , 94.466, 10.25, 11.245, 0.000, 0.000, 0.000,, 0.68753, 0.71417, 0.13089, -0.00549,,,
 11:49:59.452,d2:03:b8:43:8d:44, 2015-01-01 00:04:54.200, -0.417, 1.187, 0.797, 20.264, 16.968, 17.09, , , , , , , 94.856, 10.074, 11.437, 0.000, 0.000, 0.000,, 0.68753, 0.71417, 0.13089, -0.00549,,,
 11:49:59.452,d2:03:b8:43:8d:44, 2015-01-01 00:04:54.200, 0.089, 0.974, 0.666, -3.296, -17.761, 8.362, , , , , , , 94.894, 9.97, 11.431, 0.000, 0.000, 0.000,, 0.68753, 0.71417, 0.13089, -0.00549,,,
 11:49:59.452,d2:03:b8:43:8d:44, 2015-01-01 00:04:54.200, -0.156, 0.938, -0.14, -4.456, -7.324, 0.244, , , , , , , 94.823, 9.915, 11.234, 0.000, 0.000, 0.000,, 0.68753, 0.71417, 0.13089, -0.00549,,,
 11:49:59.452,d2:03:b8:43:8d:44, 2015-01-01 00:04:54.200, -0.385, 1.018, -0.109, -3.296, -0.244, -31.372, , , , , , , 94.785, 10.096, 11.25, 0.000, 0.000, 0.000,, 0.68753, 0.71417, 0.13089, -0.00549,,,
 11:49:59.452,d2:03:b8:43:8d:44, 2015-01-01 00:04:54.200, -0.14, 1.072, -0.082, -5.249, -4.517, 10.559, , , , , , , 94.735, 10.234, 11.234, 0.000, 0.000, 0.000,, 0.68753, 0.71417, 0.13089, -0.00549,,,
 11:49:59.468,d2:03:b8:43:8d:44, 2015-01-01 00:04:54.200, -0.122, 0.98, -0.074, -5.981, -3.601, 19.958, , , , , , , 94.664, 10.009, 11.168, 0.000, 0.000, 0.000,, 0.68753, 0.71417, 0.13089, -0.00549,,,
 11:49:59.468,d2:03:b8:43:8d:44, 2015-01-01 00:04:54.200, -0.239, 0.949, -0.059, -3.479, -4.395, -10.62, , , , , , , 94.609, 9.998, 11.135, 0.000, 0.000, 0.000,, 0.68753, 0.71417, 0.13089, -0.00549,,,
 11:49:59.468,d2:03:b8:43:8d:44, 2015-01-01 00:04:54.200, -0.219, 1.001, -0.078, -3.906, -6.042, 1.709, , , , , , , 94.565, 10.063, 11.08, 0.000, 0.000, 0.000,, 0.68753, 0.71417, 0.13089, -0.00549,,,
 11:49:59.468,d2:03:b8:43:8d:44, 2015-01-01 00:04:54.200, -0.131, 0.991, -0.07, -4.639, -7.507, 14.465, , , , , , , 94.504, 9.965, 11.003, 0.000, 0.000, 0.000,, 0.68753, 0.71417, 0.13089, -0.00549,,,
 11:49:59.620,d2:03:b8:43:8d:44, 2015-01-01 00:04:54.200, -0.164, 0.97, -0.087, -3.54, -4.761, 10.315, , , , , , , 94.449, 9.838, 10.926, 0.000, 0.000, 0.000,, 0.68753, 0.71417, 0.13089, -0.00549,,,
 11:49:59.677,d2:03:b8:43:8d:44, 2015-01-01 00:04:54.200, -0.173, 0.971, -0.072, -1.892, -4.089, 4.395, , , , , , , 94.417, 9.778, 10.876, 0.000, 0.000, 0.000,, 0.68753, 0.71417, 0.13089, -0.00549,,,
 11:49:59.677,d2:03:b8:43:8d:44, 2015-01-01 00:04:54.200, -0.175, 0.983, -0.071, -1.038, -3.479, 5.859, , , , , , , 94.389, 9.728, 10.833, 0.000, 0.000, 0.000,, 0.68753, 0.71417, 0.13089, -0.00549,,,
 11:49:59.677,d2:03:b8:43:8d:44, 2015-01-01 00:04:54.200, -0.197, 0.994, -0.066, -0.732, -4.211, 4.883, , , , , , , 94.378, 9.679, 10.789, 0.000, 0.000, 0.000,, 0.68753, 0.71417, 0.13089, -0.00549,,,
 11:49:59.693,d2:03:b8:43:8d:44, 2015-01-01 00:04:54.200, -0.148, 0.99, -0.068, -1.404, -7.263, 6.409, , , , , , , 94.351, 9.63, 10.728, 0.000, 0.000, 0.000,, 0.68753, 0.71417, 0.13089, -0.00549,,,
 11:49:59.693,d2:03:b8:43:8d:44, 2015-01-01 00:04:54.200, -0.122, 0.99, -0.099, -2.808, -4.639, 9.705, , , , , , , 94.318, 9.547, 10.651, 0.000, 0.000, 0.000,, 0.68753, 0.71417, 0.13089, -0.00549,,,
 11:49:59.693,d2:03:b8:43:8d:44, 2015-01-01 00:04:54.200, -0.143, 0.981, -0.093, -4.028, -1.526, 5.432, , , , , , , 94.274, 9.476, 10.618, 0.000, 0.000, 0.000,, 0.68753, 0.71417, 0.13089, -0.00549,,,
 11:49:59.694,d2:03:b8:43:8d:44, 2015-01-01 00:04:54.200, -0.167, 0.975, -0.078, -3.906, -0.183, 0.366, , , , , , , 94.235, 9.454, 10.607, 0.000, 0.000, 0.000,, 0.68753, 0.71417, 0.13089, -0.00549,,,
 11:49:59.694,d2:03:b8:43:8d:44, 2015-01-01 00:04:54.200, -0.173, 0.985, -0.073, -4.089, 0.305, 0.916, , , , , , , 94.191, 9.448, 10.607, 0.000, 0.000, 0.000,, 0.68753, 0.71417, 0.13089, -0.00549,,,
 11:49:59.694,d2:03:b8:43:8d:44, 2015-01-01 00:04:54.200, -0.167, 0.981, -0.067, -3.54, -0.183, 2.991, , , , , , , 94.153, 9.426, 10.607, 0.000, 0.000, 0.000,, 0.68753, 0.71417, 0.13089, -0.00549,,,
 11:49:59.694,d2:03:b8:43:8d:44, 2015-01-01 00:04:54.200, -0.167, 0.982, -0.066, -2.808, -0.61, 2.136, , , , , , , 94.12, 9.399, 10.602, 0.000, 0.000, 0.000,, 0.68753, 0.71417, 0.13089, -0.00549,,,
 11:49:59.695,d2:03:b8:43:8d:44, 2015-01-01 00:04:54.200, -0.167, 0.98, -0.062, -1.77, -1.587, 1.16, , , , , , , 94.092, 9.388, 10.585, 0.000, 0.000, 0.000,, 0.68753, 0.71417, 0.13089, -0.00549,,,
 11:49:59.695,d2:03:b8:43:8d:44, 2015-01-01 00:04:54.200, -0.17, 0.986, -0.066, -1.343, -1.343, 1.526, , , , , , , 94.076, 9.377, 10.563, 0.000, 0.000, 0.000,, 0.68753, 0.71417, 0.13089, -0.00549,,,
 11:49:59.695,d2:03:b8:43:8d:44, 2015-01-01 00:04:54.200, -0.175, 0.989, -0.066, -1.221, -1.221, 2.808, , , , , , , 94.059, 9.355, 10.547, 0.000, 0.000, 0.000,, 0.68753, 0.71417, 0.13089, -0.00549,,,
 11:49:59.695,d2:03:b8:43:8d:44, 2015-01-01 00:04:54.200, -0.161, 0.99, -0.067, -1.343, -0.977, 5.493, , , , , , , 94.043, 9.316, 10.53, 0.000, 0.000, 0.000,, 0.68753, 0.71417, 0.13089, -0.00549,,,
 11:49:59.695,d2:03:b8:43:8d:44, 2015-01-01 00:04:54.200, -0.156, 0.986, -0.066, -1.465, -0.488, 6.775, , , , , , , 94.026, 9.25, 10.519, 0.000, 0.000, 0.000,, 0.68753, 0.71417, 0.13089, -0.00549,,,
 11:49:59.696,d2:03:b8:43:8d:44, 2015-01-01 00:04:54.200, -0.15, 0.984, -0.067, -1.221, -0.183, 5.981, , , , , , , 94.01, 9.185, 10.508, 0.000, 0.000, 0.000,, 0.68753, 0.71417, 0.13089, -0.00549,,,
 11:49:59.696,d2:03:b8:43:8d:44, 2015-01-01 00:04:54.200, -0.148, 0.985, -0.068, -1.038, 0.061, 4.761, , , , , , , 93.994, 9.13, 10.503, 0.000, 0.000, 0.000,, 0.68753, 0.71417, 0.13089, -0.00549,,,
 11:49:59.696,d2:03:b8:43:8d:44, 2015-01-01 00:04:54.200, -0.161, 0.984, -0.069, -0.793, 0.793, 3.54, , , , , , , 93.983, 9.091, 10.503, 0.000, 0.000, 0.000,, 0.68753, 0.71417, 0.13089, -0.00549,,,
 11:49:59.696,d2:03:b8:43:8d:44, 2015-01-01 00:04:54.200, -0.175, 0.988, -0.072, -0.977, 0.977, 3.174, , , , , , , 93.977, 9.058, 10.514, 0.000, 0.000, 0.000,, 0.68753, 0.71417, 0.13089, -0.00549,,,
 11:49:59.729,d2:03:b8:43:8d:44, 2015-01-01 00:04:54.200, -0.169, 0.993, -0.077, -1.709, 0.366, 5.676, , , , , , , 93.961, 9.014, 10.514, 0.000, 0.000, 0.000,, 0.68753, 0.71417, 0.13089, -0.00549,,,
 11:49:59.729,d2:03:b8:43:8d:44, 2015-01-01 00:04:54.200, -0.135, 0.991, -0.076, -2.747, 1.038, 9.521, , , , , , , 93.939, 8.937, 10.514, 0.000, 0.000, 0.000,, 0.68753, 0.71417, 0.13089, -0.00549,,,
 11:49:59.729,d2:03:b8:43:8d:44, 2015-01-01 00:04:54.200, -0.123, 0.988, -0.07, -3.418, 1.77, 9.583, , , , , , , 93.906, 8.839, 10.525, 0.000, 0.000, 0.000,, 0.68753, 0.71417, 0.13089, -0.00549,,,
 11:49:59.730,d2:03:b8:43:8d:44, 2015-01-01 00:04:54.200, -0.149, 0.975, -0.062, -2.869, 2.808, 4.578, , , , , , , 93.878, 8.767, 10.541, 0.000, 0.000, 0.000,, 0.68753, 0.71417, 0.13089, -0.00549,,,
 11:49:59.901,d2:03:b8:43:8d:44, 2015-01-01 00:04:54.585, -0.15, 0.977, -0.055, -1.221, 1.526, -0.366, , , , , , , 93.856, 8.751, 10.563, 0.000, 0.000, 0.000,, 0.68314, 0.72043, 0.11899, 0.0072,,,
 11:49:59.958,d2:03:b8:43:8d:44, 2015-01-01 00:04:54.585, -0.139, 0.986, -0.059, -0.366, 0.61, 0, , , , , , , 93.851, 8.751, 10.574, 0.000, 0.000, 0.000,, 0.68314, 0.72043, 0.11899, 0.0072,,,
 11:49:59.958,d2:03:b8:43:8d:44, 2015-01-01 00:04:54.585, -0.135, 0.981, -0.061, 0.183, 0.061, -2.38, , , , , , , 93.851, 8.762, 10.574, 0.000, 0.000, 0.000,, 0.68314, 0.72043, 0.11899, 0.0072,,,
 11:49:59.958,d2:03:b8:43:8d:44, 2015-01-01 00:04:54.585, -0.146, 0.983, -0.062, 0.488, 0.61, -5.31, , , , , , , 93.856, 8.806, 10.58, 0.000, 0.000, 0.000,, 0.68314, 0.72043, 0.11899, 0.0072,,,
 11:49:59.959,d2:03:b8:43:8d:44, 2015-01-01 00:04:54.585, -0.16, 0.985, -0.062, 0.671, 0.793, -7.507, , , , , , , 93.862, 8.871, 10.591, 0.000, 0.000, 0.000,, 0.68314, 0.72043, 0.11899, 0.0072,,,
 11:49:59.959,d2:03:b8:43:8d:44, 2015-01-01 00:04:54.585, -0.167, 0.986, -0.063, 0.977, 0.916, -7.263, , , , , , , 93.873, 8.948, 10.602, 0.000, 0.000, 0.000,, 0.68314, 0.72043, 0.11899, 0.0072,,,
 11:49:59.959,d2:03:b8:43:8d:44, 2015-01-01 00:04:54.585, -0.174, 0.988, -0.064, 0.916, 0.854, -5.615, , , , , , , 93.884, 9.009, 10.618, 0.000, 0.000, 0.000,, 0.68314, 0.72043, 0.11899, 0.0072,,,
 11:49:59.959,d2:03:b8:43:8d:44, 2015-01-01 00:04:54.585, -0.168, 0.989, -0.066, 0.793, 0.61, -3.235, , , , , , , 93.895, 9.053, 10.629, 0.000, 0.000, 0.000,, 0.68314, 0.72043, 0.11899, 0.0072,,,
 11:49:59.976,d2:03:b8:43:8d:44, 2015-01-01 00:04:54.585, -0.157, 0.989, -0.067, 0.549, 0.305, -1.282, , , , , , , 93.9, 9.075, 10.635, 0.000, 0.000, 0.000,, 0.68314, 0.72043, 0.11899, 0.0072,,,
 11:49:59.976,d2:03:b8:43:8d:44, 2015-01-01 00:04:54.585, -0.148, 0.985, -0.065, 0.671, 0.366, -0.732, , , , , , , 93.906, 9.086, 10.635, 0.000, 0.000, 0.000,, 0.68314, 0.72043, 0.11899, 0.0072,,,
 11:49:59.976,d2:03:b8:43:8d:44, 2015-01-01 00:04:54.585, -0.149, 0.983, -0.064, 1.221, 0.61, -2.38, , , , , , , 93.917, 9.097, 10.64, 0.000, 0.000, 0.000,, 0.68314, 0.72043, 0.11899, 0.0072,,,
 11:49:59.976,d2:03:b8:43:8d:44, 2015-01-01 00:04:54.585, -0.163, 0.987, -0.069, 1.343, 1.221, -3.601, , , , , , , 93.928, 9.13, 10.651, 0.000, 0.000, 0.000,, 0.68314, 0.72043, 0.11899, 0.0072,,,
 11:49:59.976,d2:03:b8:43:8d:44, 2015-01-01 00:04:54.585, -0.173, 0.988, -0.071, 1.038, 1.587, -3.418, , , , , , , 93.944, 9.168, 10.668, 0.000, 0.000, 0.000,, 0.68314, 0.72043, 0.11899, 0.0072,,,
 11:49:59.976,d2:03:b8:43:8d:44, 2015-01-01 00:04:54.585, -0.164, 0.986, -0.07, 0.61, 0.61, -1.831, , , , , , , 93.955, 9.196, 10.679, 0.000, 0.000, 0.000,, 0.68314, 0.72043, 0.11899, 0.0072,,,
 11:49:59.977,d2:03:b8:43:8d:44, 2015-01-01 00:04:54.585, -0.161, 0.984, -0.068, 0.488, 0.244, -0.854, , , , , , , 93.955, 9.201, 10.684, 0.000, 0.000, 0.000,, 0.68314, 0.72043, 0.11899, 0.0072,,,
 11:49:59.977,d2:03:b8:43:8d:44, 2015-01-01 00:04:54.585, -0.166, 0.984, -0.067, 0.671, 0.061, -1.77, , , , , , , 93.966, 9.218, 10.684, 0.000, 0.000, 0.000,, 0.68314, 0.72043, 0.11899, 0.0072,,,
 11:49:59.977,d2:03:b8:43:8d:44, 2015-01-01 00:04:54.585, -0.164, 0.987, -0.068, 0.61, 0.427, -0.488, , , , , , , 93.972, 9.229, 10.69, 0.000, 0.000, 0.000,, 0.68314, 0.72043, 0.11899, 0.0072,,,
 11:49:59.977,d2:03:b8:43:8d:44, 2015-01-01 00:04:54.585, -0.156, 0.985, -0.066, 0.671, -0.061, 0.488, , , , , , , 93.977, 9.229, 10.684, 0.000, 0.000, 0.000,, 0.68314, 0.72043, 0.11899, 0.0072,,,
 11:49:59.977,d2:03:b8:43:8d:44, 2015-01-01 00:04:54.585, -0.164, 0.985, -0.067, 0.732, 0.244, -0.061, , , , , , , 93.983, 9.229, 10.684, 0.000, 0.000, 0.000,, 0.68314, 0.72043, 0.11899, 0.0072,,,
 11:49:59.977,d2:03:b8:43:8d:44, 2015-01-01 00:04:54.585, -0.167, 0.985, -0.065, 0.916, -0.061, -0.549, , , , , , , 93.988, 9.234, 10.684, 0.000, 0.000, 0.000,, 0.68314, 0.72043, 0.11899, 0.0072,,,
 11:49:59.978,d2:03:b8:43:8d:44, 2015-01-01 00:04:54.585, -0.17, 0.989, -0.068, 0.732, 0.061, 0.977, , , , , , , 93.999, 9.229, 10.684, 0.000, 0.000, 0.000,, 0.68314, 0.72043, 0.11899, 0.0072,,,
 11:49:59.978,d2:03:b8:43:8d:44, 2015-01-01 00:04:54.585, -0.163, 0.987, -0.066, 0.732, -0.122, 2.38, , , , , , , 94.005, 9.212, 10.679, 0.000, 0.000, 0.000,, 0.68314, 0.72043, 0.11899, 0.0072,,,
 11:49:59.978,d2:03:b8:43:8d:44, 2015-01-01 00:04:54.585, -0.159, 0.986, -0.067, 0.671, -0.061, 3.601, , , , , , , 94.01, 9.179, 10.673, 0.000, 0.000, 0.000,, 0.68314, 0.72043, 0.11899, 0.0072,,,
 11:49:59.978,d2:03:b8:43:8d:44, 2015-01-01 00:04:54.585, -0.156, 0.983, -0.065, 0.916, -0.366, 3.174, , , , , , , 94.016, 9.146, 10.668, 0.000, 0.000, 0.000,, 0.68314, 0.72043, 0.11899, 0.0072,,,
 11:50:00.122,d2:03:b8:43:8d:44, 2015-01-01 00:04:54.585, -0.163, 0.982, -0.067, 1.282, -0.061, 2.625, , , , , , , 94.026, 9.119, 10.662, 0.000, 0.000, 0.000,, 0.68314, 0.72043, 0.11899, 0.0072,,,
 11:50:00.177,d2:03:b8:43:8d:44, 2015-01-01 00:04:54.585, -0.159, 0.984, -0.067, 1.587, -0.671, 2.075, , , , , , , 94.037, 9.097, 10.657, 0.000, 0.000, 0.000,, 0.68314, 0.72043, 0.11899, 0.0072,,,
 11:50:00.177,d2:03:b8:43:8d:44, 2015-01-01 00:04:54.585, -0.152, 0.986, -0.07, 1.709, -0.671, 2.869, , , , , , , 94.054, 9.075, 10.646, 0.000, 0.000, 0.000,, 0.68314, 0.72043, 0.11899, 0.0072,,,
 11:50:00.177,d2:03:b8:43:8d:44, 2015-01-01 00:04:54.585, -0.149, 0.984, -0.069, 1.831, -0.916, 2.197, , , , , , , 94.07, 9.047, 10.635, 0.000, 0.000, 0.000,, 0.68314, 0.72043, 0.11899, 0.0072,,,
 11:50:00.193,d2:03:b8:43:8d:44, 2015-01-01 00:04:54.585, -0.157, 0.985, -0.073, 1.892, -0.305, 0.977, , , , , , , 94.087, 9.031, 10.624, 0.000, 0.000, 0.000,, 0.68079, 0.7225, 0.11978, 0.00644,,,
 11:50:00.193,d2:03:b8:43:8d:44, 2015-01-01 00:04:54.585, -0.166, 0.989, -0.075, 1.404, -0.061, 0.854, , , , , , , 94.103, 9.025, 10.624, 0.000, 0.000, 0.000,, 0.68079, 0.7225, 0.11978, 0.00644,,,
 11:50:00.193,d2:03:b8:43:8d:44, 2015-01-01 00:04:54.585, -0.162, 0.991, -0.076, 0.732, 0, 2.625, , , , , , , 94.109, 9.009, 10.618, 0.000, 0.000, 0.000,, 0.68079, 0.7225, 0.11978, 0.00644,,,
 11:50:00.194,d2:03:b8:43:8d:44, 2015-01-01 00:04:54.585, -0.151, 0.987, -0.071, 0.183, -0.183, 4.517, , , , , , , 94.114, 8.97, 10.613, 0.000, 0.000, 0.000,, 0.68079, 0.7225, 0.11978, 0.00644,,,
 11:50:00.194,d2:03:b8:43:8d:44, 2015-01-01 00:04:54.585, -0.149, 0.981, -0.068, 0.61, -0.061, 3.906, , , , , , , 94.114, 8.926, 10.607, 0.000, 0.000, 0.000,, 0.68079, 0.7225, 0.11978, 0.00644,,,
 11:50:00.194,d2:03:b8:43:8d:44, 2015-01-01 00:04:54.585, -0.155, 0.983, -0.067, 1.099, 0.122, 2.563, , , , , , , 94.125, 8.893, 10.607, 0.000, 0.000, 0.000,, 0.68079, 0.7225, 0.11978, 0.00644,,,
 11:50:00.194,d2:03:b8:43:8d:44, 2015-01-01 00:04:54.585, -0.155, 0.983, -0.066, 1.587, -0.183, 1.709, , , , , , , 94.136, 8.877, 10.602, 0.000, 0.000, 0.000,, 0.68079, 0.7225, 0.11978, 0.00644,,,
 11:50:00.194,d2:03:b8:43:8d:44, 2015-01-01 00:04:54.585, -0.15, 0.986, -0.068, 1.709, -0.549, 1.404, , , , , , , 94.153, 8.86, 10.596, 0.000, 0.000, 0.000,, 0.68079, 0.7225, 0.11978, 0.00644,,,
 11:50:00.195,d2:03:b8:43:8d:44, 2015-01-01 00:04:54.585, -0.142, 0.986, -0.07, 1.709, -0.488, 1.099, , , , , , , 94.164, 8.849, 10.585, 0.000, 0.000, 0.000,, 0.68079, 0.7225, 0.11978, 0.00644,,,
 11:50:00.195,d2:03:b8:43:8d:44, 2015-01-01 00:04:54.585, -0.144, 0.987, -0.072, 1.526, 0.183, 0.183, , , , , , , 94.18, 8.839, 10.585, 0.000, 0.000, 0.000,, 0.68079, 0.7225, 0.11978, 0.00644,,,
 11:50:00.195,d2:03:b8:43:8d:44, 2015-01-01 00:04:54.585, -0.156, 0.985, -0.073, 1.343, 1.038, -1.16, , , , , , , 94.197, 8.844, 10.591, 0.000, 0.000, 0.000,, 0.68079, 0.7225, 0.11978, 0.00644,,,
 11:50:00.196,d2:03:b8:43:8d:44, 2015-01-01 00:04:54.585, -0.164, 0.988, -0.073, 1.221, 0.916, -1.587, , , , , , , 94.208, 8.86, 10.602, 0.000, 0.000, 0.000,, 0.68079, 0.7225, 0.11978, 0.00644,,,
 11:50:00.196,d2:03:b8:43:8d:44, 2015-01-01 00:04:54.585, -0.161, 0.989, -0.074, 0.793, 0.488, -0.183, , , , , , , 94.219, 8.871, 10.607, 0.000, 0.000, 0.000,, 0.68079, 0.7225, 0.11978, 0.00644,,,
 11:50:00.196,d2:03:b8:43:8d:44, 2015-01-01 00:04:54.585, -0.156, 0.99, -0.076, 0.366, 0.183, 0.916, , , , , , , 94.224, 8.866, 10.607, 0.000, 0.000, 0.000,, 0.68079, 0.7225, 0.11978, 0.00644,,,
 11:50:00.196,d2:03:b8:43:8d:44, 2015-01-01 00:04:54.585, -0.15, 0.985, -0.075, 0.061, 0.061, 1.465, , , , , , , 94.224, 8.855, 10.607, 0.000, 0.000, 0.000,, 0.68079, 0.7225, 0.11978, 0.00644,,,
 11:50:00.197,d2:03:b8:43:8d:44, 2015-01-01 00:04:54.585, -0.149, 0.986, -0.074, 0.122, 0.244, 0.977, , , , , , , 94.224, 8.839, 10.607, 0.000, 0.000, 0.000,, 0.68079, 0.7225, 0.11978, 0.00644,,,
 11:50:00.213,d2:03:b8:43:8d:44, 2015-01-01 00:04:54.585, -0.146, 0.985, -0.073, 0.183, 0.244, 0.244, , , , , , , 94.23, 8.833, 10.607, 0.000, 0.000, 0.000,, 0.68079, 0.7225, 0.11978, 0.00644,,,
 11:50:00.213,d2:03:b8:43:8d:44, 2015-01-01 00:04:54.585, -0.148, 0.986, -0.072, 0.244, 0.549, -0.732, , , , , , , 94.23, 8.839, 10.613, 0.000, 0.000, 0.000,, 0.68079, 0.7225, 0.11978, 0.00644,,,
 11:50:00.213,d2:03:b8:43:8d:44, 2015-01-01 00:04:54.585, -0.15, 0.985, -0.074, 0.061, 0.549, -1.77, , , , , , , 94.23, 8.849, 10.613, 0.000, 0.000, 0.000,, 0.68079, 0.7225, 0.11978, 0.00644,,,
 11:50:00.213,d2:03:b8:43:8d:44, 2015-01-01 00:04:54.585, -0.158, 0.986, -0.073, -0.122, 0.61, -2.991, , , , , , , 94.23, 8.877, 10.624, 0.000, 0.000, 0.000,, 0.68079, 0.7225, 0.11978, 0.00644,,,
 11:50:00.341,d2:03:b8:43:8d:44, 2015-01-01 00:04:55.035, -0.156, 0.987, -0.072, -0.305, 0.366, -2.625, , , , , , , 94.23, 8.904, 10.629, 0.000, 0.000, 0.000,, 0.68079, 0.7225, 0.11978, 0.00644,,,
 11:50:00.396,d2:03:b8:43:8d:44, 2015-01-01 00:04:55.035, -0.156, 0.986, -0.071, -0.549, 0.366, -2.258, , , , , , , 94.224, 8.926, 10.635, 0.000, 0.000, 0.000,, 0.68079, 0.7225, 0.11978, 0.00644,,,
 11:50:00.396,d2:03:b8:43:8d:44, 2015-01-01 00:04:55.035, -0.164, 0.986, -0.072, -0.61, 0.61, -2.502, , , , , , , 94.219, 8.954, 10.64, 0.000, 0.000, 0.000,, 0.68079, 0.7225, 0.11978, 0.00644,,,
 11:50:00.397,d2:03:b8:43:8d:44, 2015-01-01 00:04:55.035, -0.166, 0.989, -0.072, -0.977, 0.488, -2.014, , , , , , , 94.208, 8.976, 10.646, 0.000, 0.000, 0.000,, 0.68079, 0.7225, 0.11978, 0.00644,,,
 11:50:00.413,d2:03:b8:43:8d:44, 2015-01-01 00:04:55.035, -0.159, 0.988, -0.072, -1.343, 0.183, -0.122, , , , , , , 94.197, 8.987, 10.646, 0.000, 0.000, 0.000,, 0.68079, 0.7225, 0.11978, 0.00644,,,
 11:50:00.413,d2:03:b8:43:8d:44, 2015-01-01 00:04:55.035, -0.159, 0.986, -0.07, -1.282, 0, 0.427, , , , , , , 94.186, 8.981, 10.646, 0.000, 0.000, 0.000,, 0.68079, 0.7225, 0.11978, 0.00644,,,
 11:50:00.413,d2:03:b8:43:8d:44, 2015-01-01 00:04:55.035, -0.157, 0.985, -0.071, -1.16, 0, 0.427, , , , , , , 94.169, 8.981, 10.646, 0.000, 0.000, 0.000,, 0.68079, 0.7225, 0.11978, 0.00644,,,
 11:50:00.414,d2:03:b8:43:8d:44, 2015-01-01 00:04:55.035, -0.154, 0.986, -0.07, -1.099, 0, 0.916, , , , , , , 94.158, 8.97, 10.646, 0.000, 0.000, 0.000,, 0.68079, 0.7225, 0.11978, 0.00644,,,
 11:50:00.414,d2:03:b8:43:8d:44, 2015-01-01 00:04:55.035, -0.153, 0.985, -0.071, -0.977, 0.122, 0.854, , , , , , , 94.147, 8.965, 10.64, 0.000, 0.000, 0.000,, 0.68079, 0.7225, 0.11978, 0.00644,,,
 11:50:00.414,d2:03:b8:43:8d:44, 2015-01-01 00:04:55.035, -0.158, 0.985, -0.071, -0.916, 0.244, 0, , , , , , , 94.136, 8.959, 10.646, 0.000, 0.000, 0.000,, 0.68079, 0.7225, 0.11978, 0.00644,,,
 11:50:00.415,d2:03:b8:43:8d:44, 2015-01-01 00:04:55.035, -0.162, 0.985, -0.071, -0.854, 0.183, 0, , , , , , , 94.125, 8.959, 10.646, 0.000, 0.000, 0.000,, 0.68079, 0.7225, 0.11978, 0.00644,,,
 11:50:00.415,d2:03:b8:43:8d:44, 2015-01-01 00:04:55.035, -0.16, 0.987, -0.071, -0.793, 0.122, 0.854, , , , , , , 94.114, 8.954, 10.646, 0.000, 0.000, 0.000,, 0.68079, 0.7225, 0.11978, 0.00644,,,
 11:50:00.415,d2:03:b8:43:8d:44, 2015-01-01 00:04:55.035, -0.156, 0.985, -0.068, -0.549, -0.061, 1.709, , , , , , , 94.109, 8.943, 10.64, 0.000, 0.000, 0.000,, 0.68079, 0.7225, 0.11978, 0.00644,,,
 11:50:00.416,d2:03:b8:43:8d:44, 2015-01-01 00:04:55.035, -0.157, 0.985, -0.069, -0.488, -0.183, 1.343, , , , , , , 94.103, 8.926, 10.64, 0.000, 0.000, 0.000,, 0.68079, 0.7225, 0.11978, 0.00644,,,
 11:50:00.416,d2:03:b8:43:8d:44, 2015-01-01 00:04:55.035, -0.156, 0.985, -0.068, -0.366, -0.305, 1.404, , , , , , , 94.092, 8.915, 10.635, 0.000, 0.000, 0.000,, 0.68079, 0.7225, 0.11978, 0.00644,,,
 11:50:00.416,d2:03:b8:43:8d:44, 2015-01-01 00:04:55.035, -0.152, 0.988, -0.068, -0.427, -0.244, 1.709, , , , , , , 94.087, 8.899, 10.629, 0.000, 0.000, 0.000,, 0.68079, 0.7225, 0.11978, 0.00644,,,
 11:50:00.417,d2:03:b8:43:8d:44, 2015-01-01 00:04:55.035, -0.149, 0.984, -0.068, -0.122, -0.183, 1.709, , , , , , , 94.081, 8.882, 10.624, 0.000, 0.000, 0.000,, 0.68079, 0.7225, 0.11978, 0.00644,,,
 11:50:00.417,d2:03:b8:43:8d:44, 2015-01-01 00:04:55.035, -0.151, 0.986, -0.067, 0, 0, 0.854, , , , , , , 94.081, 8.866, 10.618, 0.000, 0.000, 0.000,, 0.68079, 0.7225, 0.11978, 0.00644,,,
 11:50:00.417,d2:03:b8:43:8d:44, 2015-01-01 00:04:55.035, -0.153, 0.985, -0.068, 0.061, 0, 0.366, , , , , , , 94.081, 8.86, 10.618, 0.000, 0.000, 0.000,, 0.68079, 0.7225, 0.11978, 0.00644,,,
 11:50:00.417,d2:03:b8:43:8d:44, 2015-01-01 00:04:55.035, -0.156, 0.986, -0.069, 0.183, 0, -0.061, , , , , , , 94.081, 8.86, 10.618, 0.000, 0.000, 0.000,, 0.68079, 0.7225, 0.11978, 0.00644,,,
 11:50:00.459,d2:03:b8:43:8d:44, 2015-01-01 00:04:55.035, -0.156, 0.986, -0.071, 0.122, 0.061, 0.183, , , , , , , 94.081, 8.86, 10.613, 0.000, 0.000, 0.000,, 0.68079, 0.7225, 0.11978, 0.00644,,,
 11:50:00.459,d2:03:b8:43:8d:44, 2015-01-01 00:04:55.035, -0.153, 0.987, -0.07, 0, 0.122, 0.549, , , , , , , 94.081, 8.855, 10.613, 0.000, 0.000, 0.000,, 0.68079, 0.7225, 0.11978, 0.00644,,,
 11:50:00.459,d2:03:b8:43:8d:44, 2015-01-01 00:04:55.035, -0.15, 0.985, -0.07, 0, 0.122, 0.732, , , , , , , 94.081, 8.849, 10.613, 0.000, 0.000, 0.000,, 0.68079, 0.7225, 0.11978, 0.00644,,,
 11:50:00.460,d2:03:b8:43:8d:44, 2015-01-01 00:04:55.035, -0.159, 0.985, -0.07, 0.122, 0.366, 0, , , , , , , 94.081, 8.844, 10.618, 0.000, 0.000, 0.000,, 0.68079, 0.7225, 0.11978, 0.00644,,,
 11:50:00.616,d2:03:b8:43:8d:44, 2015-01-01 00:04:55.035, -0.161, 0.985, -0.069, 0.244, 0.061, 0, , , , , , , 94.081, 8.849, 10.618, 0.000, 0.000, 0.000,, 0.68079, 0.7225, 0.11978, 0.00644,,,
 11:50:00.742,d2:03:b8:43:8d:44, 2015-01-01 00:04:55.035, -0.155, 0.989, -0.07, 0.305, -0.061, 1.404, , , , , , , 94.087, 8.839, 10.613, 0.000, 0.000, 0.000,, 0.68079, 0.7225, 0.11978, 0.00644,,,
 11:50:00.742,d2:03:b8:43:8d:44, 2015-01-01 00:04:55.480, -0.149, 0.986, -0.069, 0.366, -0.183, 1.953, , , , , , , 94.087, 8.822, 10.613, 0.000, 0.000, 0.000,, 0.68164, 0.72186, 0.11871, 0.00742,,,
 11:50:00.742,d2:03:b8:43:8d:44, 2015-01-01 00:04:55.480, -0.148, 0.985, -0.069, 0.671, -0.122, 1.16, , , , , , , 94.092, 8.806, 10.607, 0.000, 0.000, 0.000,, 0.68164, 0.72186, 0.11871, 0.00742,,,
 11:50:00.758,d2:03:b8:43:8d:44, 2015-01-01 00:04:55.480, -0.15, 0.985, -0.07, 0.732, 0.122, 0.549, , , , , , , 94.098, 8.8, 10.607, 0.000, 0.000, 0.000,, 0.68164, 0.72186, 0.11871, 0.00742,,,
 11:50:00.758,d2:03:b8:43:8d:44, 2015-01-01 00:04:55.480, -0.155, 0.987, -0.07, 0.671, 0.183, 0, , , , , , , 94.103, 8.8, 10.607, 0.000, 0.000, 0.000,, 0.68164, 0.72186, 0.11871, 0.00742,,,
 11:50:00.758,d2:03:b8:43:8d:44, 2015-01-01 00:04:55.480, -0.157, 0.987, -0.07, 0.427, 0.244, 0, , , , , , , 94.109, 8.8, 10.607, 0.000, 0.000, 0.000,, 0.68164, 0.72186, 0.11871, 0.00742,,,
 11:50:00.758,d2:03:b8:43:8d:44, 2015-01-01 00:04:55.480, -0.157, 0.989, -0.071, 0.183, 0.061, 0.427, , , , , , , 94.114, 8.795, 10.607, 0.000, 0.000, 0.000,, 0.68164, 0.72186, 0.11871, 0.00742,,,
 11:50:00.758,d2:03:b8:43:8d:44, 2015-01-01 00:04:55.480, -0.153, 0.987, -0.07, 0, 0, 1.282, , , , , , , 94.114, 8.789, 10.607, 0.000, 0.000, 0.000,, 0.68164, 0.72186, 0.11871, 0.00742,,,
 11:50:00.758,d2:03:b8:43:8d:44, 2015-01-01 00:04:55.480, -0.152, 0.987, -0.07, -0.061, 0, 1.343, , , , , , , 94.114, 8.773, 10.602, 0.000, 0.000, 0.000,, 0.68164, 0.72186, 0.11871, 0.00742,,,
 11:50:00.759,d2:03:b8:43:8d:44, 2015-01-01 00:04:55.480, -0.152, 0.985, -0.07, -0.122, 0, 1.16, , , , , , , 94.109, 8.762, 10.602, 0.000, 0.000, 0.000,, 0.68164, 0.72186, 0.11871, 0.00742,,,
 11:50:00.759,d2:03:b8:43:8d:44, 2015-01-01 00:04:55.480, -0.154, 0.987, -0.07, -0.244, 0, 0.854, , , , , , , 94.103, 8.751, 10.602, 0.000, 0.000, 0.000,, 0.68164, 0.72186, 0.11871, 0.00742,,,
 11:50:00.759,d2:03:b8:43:8d:44, 2015-01-01 00:04:55.480, -0.152, 0.987, -0.07, -0.305, -0.061, 1.343, , , , , , , 94.103, 8.74, 10.596, 0.000, 0.000, 0.000,, 0.68164, 0.72186, 0.11871, 0.00742,,,
 11:50:00.759,d2:03:b8:43:8d:44, 2015-01-01 00:04:55.480, -0.149, 0.986, -0.069, -0.244, -0.061, 1.465, , , , , , , 94.098, 8.729, 10.591, 0.000, 0.000, 0.000,, 0.68164, 0.72186, 0.11871, 0.00742,,,
 11:50:00.760,d2:03:b8:43:8d:44, 2015-01-01 00:04:55.480, -0.149, 0.985, -0.07, -0.244, 0, 1.343, , , , , , , 94.092, 8.712, 10.591, 0.000, 0.000, 0.000,, 0.68164, 0.72186, 0.11871, 0.00742,,,
 11:50:00.760,d2:03:b8:43:8d:44, 2015-01-01 00:04:55.480, -0.15, 0.986, -0.069, -0.061, 0, 0.732, , , , , , , 94.092, 8.701, 10.591, 0.000, 0.000, 0.000,, 0.68164, 0.72186, 0.11871, 0.00742,,,
 11:50:00.760,d2:03:b8:43:8d:44, 2015-01-01 00:04:55.480, -0.15, 0.985, -0.071, 0, 0, 0.549, , , , , , , 94.087, 8.696, 10.585, 0.000, 0.000, 0.000,, 0.68164, 0.72186, 0.11871, 0.00742,,,
 11:50:00.761,d2:03:b8:43:8d:44, 2015-01-01 00:04:55.480, -0.15, 0.987, -0.07, 0.061, -0.061, 0.244, , , , , , , 94.087, 8.69, 10.585, 0.000, 0.000, 0.000,, 0.68164, 0.72186, 0.11871, 0.00742,,,
 11:50:00.761,d2:03:b8:43:8d:44, 2015-01-01 00:04:55.480, -0.152, 0.985, -0.07, 0.061, 0, 0, , , , , , , 94.087, 8.69, 10.585, 0.000, 0.000, 0.000,, 0.68164, 0.72186, 0.11871, 0.00742,,,
 11:50:00.761,d2:03:b8:43:8d:44, 2015-01-01 00:04:55.480, -0.151, 0.987, -0.07, 0.122, 0, -0.183, , , , , , , 94.087, 8.69, 10.58, 0.000, 0.000, 0.000,, 0.68164, 0.72186, 0.11871, 0.00742,,,
 11:50:00.761,d2:03:b8:43:8d:44, 2015-01-01 00:04:55.480, -0.15, 0.987, -0.07, 0.061, 0.061, 0.061, , , , , , , 94.087, 8.696, 10.58, 0.000, 0.000, 0.000,, 0.68164, 0.72186, 0.11871, 0.00742,,,
 11:50:00.762,d2:03:b8:43:8d:44, 2015-01-01 00:04:55.480, -0.15, 0.987, -0.069, 0, 0.061, -0.061, , , , , , , 94.087, 8.696, 10.58, 0.000, 0.000, 0.000,, 0.68164, 0.72186, 0.11871, 0.00742,,,
 11:50:00.762,d2:03:b8:43:8d:44, 2015-01-01 00:04:55.480, -0.15, 0.986, -0.069, 0, 0.244, -0.061, , , , , , , 94.087, 8.696, 10.58, 0.000, 0.000, 0.000,, 0.68164, 0.72186, 0.11871, 0.00742,,,
 11:50:00.762,d2:03:b8:43:8d:44, 2015-01-01 00:04:55.480, -0.151, 0.986, -0.068, 0.061, 0.122, -0.366, , , , , , , 94.087, 8.696, 10.58, 0.000, 0.000, 0.000,, 0.68164, 0.72186, 0.11871, 0.00742,,,
 11:50:00.762,d2:03:b8:43:8d:44, 2015-01-01 00:04:55.480, -0.149, 0.985, -0.067, 0.244, 0, -0.61, , , , , , , 94.087, 8.701, 10.58, 0.000, 0.000, 0.000,, 0.68164, 0.72186, 0.11871, 0.00742,,,
 11:50:00.763,d2:03:b8:43:8d:44, 2015-01-01 00:04:55.480, -0.149, 0.987, -0.07, 0.244, 0, -1.038, , , , , , , 94.092, 8.712, 10.58, 0.000, 0.000, 0.000,, 0.68164, 0.72186, 0.11871, 0.00742,,,
 11:50:00.763,d2:03:b8:43:8d:44, 2015-01-01 00:04:55.480, -0.15, 0.987, -0.071, 0.183, 0.122, -1.404, , , , , , , 94.092, 8.723, 10.58, 0.000, 0.000, 0.000,, 0.68164, 0.72186, 0.11871, 0.00742,,,
 11:50:00.763,d2:03:b8:43:8d:44, 2015-01-01 00:04:55.480, -0.153, 0.988, -0.071, 0, 0.244, -1.831, , , , , , , 94.092, 8.74, 10.58, 0.000, 0.000, 0.000,, 0.68164, 0.72186, 0.11871, 0.00742,,,
 11:50:00.763,d2:03:b8:43:8d:44, 2015-01-01 00:04:55.480, -0.155, 0.986, -0.07, -0.061, 0.244, -1.648, , , , , , , 94.092, 8.762, 10.585, 0.000, 0.000, 0.000,, 0.68164, 0.72186, 0.11871, 0.00742,,,
 11:50:00.763,d2:03:b8:43:8d:44, 2015-01-01 00:04:55.480, -0.157, 0.987, -0.071, -0.244, 0.122, -1.404, , , , , , , 94.087, 8.773, 10.585, 0.000, 0.000, 0.000,, 0.68164, 0.72186, 0.11871, 0.00742,,,
 11:50:00.764,d2:03:b8:43:8d:44, 2015-01-01 00:04:55.480, -0.159, 0.987, -0.071, -0.305, 0.122, -0.549, , , , , , , 94.087, 8.784, 10.585, 0.000, 0.000, 0.000,, 0.68164, 0.72186, 0.11871, 0.00742,,,
 11:50:00.764,d2:03:b8:43:8d:44, 2015-01-01 00:04:55.480, -0.157, 0.988, -0.07, -0.427, 0.061, 0.366, , , , , , , 94.081, 8.784, 10.591, 0.000, 0.000, 0.000,, 0.68164, 0.72186, 0.11871, 0.00742,,,
 11:50:01.021,d2:03:b8:43:8d:44, 2015-01-01 00:04:55.480, -0.15, 0.987, -0.07, -0.488, 0, 1.587, , , , , , , 94.076, 8.778, 10.585, 0.000, 0.000, 0.000,, 0.68164, 0.72186, 0.11871, 0.00742,,,
 11:50:01.021,d2:03:b8:43:8d:44, 2015-01-01 00:04:55.480, -0.148, 0.986, -0.069, -0.488, 0, 1.465, , , , , , , 94.07, 8.762, 10.585, 0.000, 0.000, 0.000,, 0.68164, 0.72186, 0.11871, 0.00742,,,
 11:50:01.022,d2:03:b8:43:8d:44, 2015-01-01 00:04:55.480, -0.153, 0.984, -0.067, -0.244, 0.061, 0.488, , , , , , , 94.065, 8.751, 10.58, 0.000, 0.000, 0.000,, 0.68164, 0.72186, 0.11871, 0.00742,,,
 11:50:01.022,d2:03:b8:43:8d:44, 2015-01-01 00:04:55.480, -0.154, 0.986, -0.068, -0.183, 0.122, 0.244, , , , , , , 94.059, 8.745, 10.58, 0.000, 0.000, 0.000,, 0.68164, 0.72186, 0.11871, 0.00742,,,
 11:50:01.114,d2:03:b8:43:8d:44, 2015-01-01 00:04:55.480, -0.151, 0.986, -0.068, -0.061, 0.183, 0.854, , , , , , , 94.059, 8.74, 10.58, 0.000, 0.000, 0.000,, 0.68164, 0.72186, 0.11871, 0.00742,,,
 11:50:01.114,d2:03:b8:43:8d:44, 2015-01-01 00:04:55.480, -0.148, 0.985, -0.068, 0, 0, 0.549, , , , , , , 94.054, 8.734, 10.58, 0.000, 0.000, 0.000,, 0.68173, 0.72162, 0.11981, 0.00659,,,
 11:50:01.115,d2:03:b8:43:8d:44, 2015-01-01 00:04:55.480, -0.151, 0.985, -0.067, 0.122, 0.122, -0.061, , , , , , , 94.059, 8.734, 10.58, 0.000, 0.000, 0.000,, 0.68173, 0.72162, 0.11981, 0.00659,,,
 11:50:01.115,d2:03:b8:43:8d:44, 2015-01-01 00:04:55.480, -0.151, 0.986, -0.067, 0.366, 0.122, -0.61, , , , , , , 94.059, 8.734, 10.58, 0.000, 0.000, 0.000,, 0.68173, 0.72162, 0.11981, 0.00659,,,
 11:50:01.115,d2:03:b8:43:8d:44, 2015-01-01 00:04:55.480, -0.155, 0.987, -0.069, 0.244, 0.244, -0.61, , , , , , , 94.059, 8.745, 10.58, 0.000, 0.000, 0.000,, 0.68173, 0.72162, 0.11981, 0.00659,,,
 11:50:01.115,d2:03:b8:43:8d:44, 2015-01-01 00:04:55.480, -0.151, 0.987, -0.069, 0.244, 0, -0.427, , , , , , , 94.065, 8.751, 10.58, 0.000, 0.000, 0.000,, 0.68173, 0.72162, 0.11981, 0.00659,,,
 11:50:01.116,d2:03:b8:43:8d:44, 2015-01-01 00:04:55.480, -0.153, 0.985, -0.069, 0.366, 0.183, -0.488, , , , , , , 94.065, 8.756, 10.58, 0.000, 0.000, 0.000,, 0.68173, 0.72162, 0.11981, 0.00659,,,
 11:50:01.116,d2:03:b8:43:8d:44, 2015-01-01 00:04:55.480, -0.154, 0.985, -0.069, 0.427, 0.061, -1.099, , , , , , , 94.07, 8.762, 10.585, 0.000, 0.000, 0.000,, 0.68173, 0.72162, 0.11981, 0.00659,,,
 11:50:01.116,d2:03:b8:43:8d:44, 2015-01-01 00:04:55.480, -0.155, 0.986, -0.07, 0.488, 0.183, -0.732, , , , , , , 94.076, 8.773, 10.585, 0.000, 0.000, 0.000,, 0.68173, 0.72162, 0.11981, 0.00659,,,
 11:50:01.116,d2:03:b8:43:8d:44, 2015-01-01 00:04:55.480, -0.153, 0.987, -0.069, 0.427, 0, -0.549, , , , , , , 94.076, 8.778, 10.585, 0.000, 0.000, 0.000,, 0.68173, 0.72162, 0.11981, 0.00659,,,
 11:50:01.117,d2:03:b8:43:8d:44, 2015-01-01 00:04:55.480, -0.148, 0.986, -0.07, 0.427, 0.122, -0.244, , , , , , , 94.081, 8.784, 10.585, 0.000, 0.000, 0.000,, 0.68173, 0.72162, 0.11981, 0.00659,,,
 11:50:01.117,d2:03:b8:43:8d:44, 2015-01-01 00:04:55.480, -0.148, 0.985, -0.069, 0.427, 0.244, -0.916, , , , , , , 94.087, 8.789, 10.585, 0.000, 0.000, 0.000,, 0.68173, 0.72162, 0.11981, 0.00659,,,
 11:50:01.117,d2:03:b8:43:8d:44, 2015-01-01 00:04:55.480, -0.157, 0.985, -0.071, 0.549, 0.427, -1.77, , , , , , , 94.087, 8.806, 10.591, 0.000, 0.000, 0.000,, 0.68173, 0.72162, 0.11981, 0.00659,,,
 11:50:01.117,d2:03:b8:43:8d:44, 2015-01-01 00:04:55.480, -0.16, 0.988, -0.071, 0.366, 0.305, -1.831, , , , , , , 94.092, 8.822, 10.591, 0.000, 0.000, 0.000,, 0.68173, 0.72162, 0.11981, 0.00659,,,
 11:50:01.117,d2:03:b8:43:8d:44, 2015-01-01 00:04:55.480, -0.155, 0.989, -0.072, 0.122, 0.183, -0.427, , , , , , , 94.098, 8.833, 10.596, 0.000, 0.000, 0.000,, 0.68173, 0.72162, 0.11981, 0.00659,,,
 11:50:01.118,d2:03:b8:43:8d:44, 2015-01-01 00:04:55.480, -0.15, 0.987, -0.071, 0, 0.183, 0.183, , , , , , , 94.098, 8.833, 10.596, 0.000, 0.000, 0.000,, 0.68173, 0.72162, 0.11981, 0.00659,,,
 11:50:01.118,d2:03:b8:43:8d:44, 2015-01-01 00:04:55.480, -0.154, 0.986, -0.07, 0, 0.366, -0.366, , , , , , , 94.098, 8.833, 10.596, 0.000, 0.000, 0.000,, 0.68173, 0.72162, 0.11981, 0.00659,,,
 11:50:01.118,d2:03:b8:43:8d:44, 2015-01-01 00:04:55.480, -0.153, 0.986, -0.069, 0.061, 0.366, -0.671, , , , , , , 94.098, 8.844, 10.602, 0.000, 0.000, 0.000,, 0.68173, 0.72162, 0.11981, 0.00659,,,
 11:50:01.118,d2:03:b8:43:8d:44, 2015-01-01 00:04:55.480, -0.157, 0.986, -0.07, 0, 0.366, -0.671, , , , , , , 94.098, 8.849, 10.602, 0.000, 0.000, 0.000,, 0.68173, 0.72162, 0.11981, 0.00659,,,
 11:50:01.118,d2:03:b8:43:8d:44, 2015-01-01 00:04:55.480, -0.157, 0.986, -0.07, 0, 0.061, -0.732, , , , , , , 94.098, 8.855, 10.607, 0.000, 0.000, 0.000,, 0.68173, 0.72162, 0.11981, 0.00659,,,
 11:50:01.154,d2:03:b8:43:8d:44, 2015-01-01 00:04:55.480, -0.156, 0.987, -0.071, -0.183, 0.183, -0.061, , , , , , , 94.092, 8.86, 10.607, 0.000, 0.000, 0.000,, 0.68173, 0.72162, 0.11981, 0.00659,,,
 11:50:01.165,d2:03:b8:43:8d:44, 2015-01-01 00:04:55.925, -0.152, 0.986, -0.07, -0.305, 0.061, 0.305, , , , , , , 94.087, 8.86, 10.607, 0.000, 0.000, 0.000,, 0.68173, 0.72162, 0.11981, 0.00659,,,
 11:50:01.165,d2:03:b8:43:8d:44, 2015-01-01 00:04:55.925, -0.155, 0.986, -0.07, -0.305, 0.305, 0.183, , , , , , , 94.087, 8.855, 10.607, 0.000, 0.000, 0.000,, 0.68173, 0.72162, 0.11981, 0.00659,,,
 11:50:01.165,d2:03:b8:43:8d:44, 2015-01-01 00:04:55.925, -0.155, 0.986, -0.07, -0.244, 0.244, 0, , , , , , , 94.081, 8.855, 10.607, 0.000, 0.000, 0.000,, 0.68173, 0.72162, 0.11981, 0.00659,,,
 11:50:01.166,d2:03:b8:43:8d:44, 2015-01-01 00:04:55.925, -0.156, 0.987, -0.07, -0.122, 0.305, 0.183, , , , , , , 94.081, 8.855, 10.607, 0.000, 0.000, 0.000,, 0.68173, 0.72162, 0.11981, 0.00659,,,
 11:50:01.166,d2:03:b8:43:8d:44, 2015-01-01 00:04:55.925, -0.153, 0.986, -0.069, -0.122, 0.122, 0.366, , , , , , , 94.076, 8.849, 10.607, 0.000, 0.000, 0.000,, 0.68173, 0.72162, 0.11981, 0.00659,,,
 11:50:01.166,d2:03:b8:43:8d:44, 2015-01-01 00:04:55.925, -0.154, 0.986, -0.07, 0, 0.183, 0.305, , , , , , , 94.076, 8.849, 10.613, 0.000, 0.000, 0.000,, 0.68173, 0.72162, 0.11981, 0.00659,,,
 11:50:01.167,d2:03:b8:43:8d:44, 2015-01-01 00:04:55.925, -0.149, 0.986, -0.07, 0.122, 0, 0.061, , , , , , , 94.076, 8.849, 10.607, 0.000, 0.000, 0.000,, 0.68173, 0.72162, 0.11981, 0.00659,,,
 11:50:01.221,d2:03:b8:43:8d:44, 2015-01-01 00:04:55.925, -0.15, 0.986, -0.07, 0.183, 0.244, -0.366, , , , , , , 94.076, 8.849, 10.607, 0.000, 0.000, 0.000,, 0.68173, 0.72162, 0.11981, 0.00659,,,
 11:50:01.221,d2:03:b8:43:8d:44, 2015-01-01 00:04:55.925, -0.153, 0.984, -0.069, 0.244, 0.244, -1.526, , , , , , , 94.076, 8.86, 10.613, 0.000, 0.000, 0.000,, 0.68173, 0.72162, 0.11981, 0.00659,,,
 11:50:01.222,d2:03:b8:43:8d:44, 2015-01-01 00:04:55.925, -0.158, 0.987, -0.071, 0.183, 0.366, -1.953, , , , , , , 94.081, 8.877, 10.613, 0.000, 0.000, 0.000,, 0.68173, 0.72162, 0.11981, 0.00659,,,
 11:50:01.222,d2:03:b8:43:8d:44, 2015-01-01 00:04:55.925, -0.156, 0.987, -0.07, 0, 0.183, -1.465, , , , , , , 94.081, 8.893, 10.618, 0.000, 0.000, 0.000,, 0.68173, 0.72162, 0.11981, 0.00659,,,
 11:50:01.222,d2:03:b8:43:8d:44, 2015-01-01 00:04:55.925, -0.156, 0.987, -0.071, -0.122, 0.244, -0.916, , , , , , , 94.076, 8.91, 10.618, 0.000, 0.000, 0.000,, 0.68173, 0.72162, 0.11981, 0.00659,,,
 11:50:01.222,d2:03:b8:43:8d:44, 2015-01-01 00:04:55.925, -0.154, 0.985, -0.069, -0.061, 0, -1.16, , , , , , , 94.076, 8.915, 10.618, 0.000, 0.000, 0.000,, 0.68173, 0.72162, 0.11981, 0.00659,,,
 11:50:01.223,d2:03:b8:43:8d:44, 2015-01-01 00:04:55.925, -0.158, 0.986, -0.07, -0.122, 0.244, -1.221, , , , , , , 94.076, 8.932, 10.624, 0.000, 0.000, 0.000,, 0.68173, 0.72162, 0.11981, 0.00659,,,
 11:50:01.223,d2:03:b8:43:8d:44, 2015-01-01 00:04:55.925, -0.155, 0.986, -0.069, -0.122, 0.122, -1.221, , , , , , , 94.07, 8.943, 10.624, 0.000, 0.000, 0.000,, 0.68173, 0.72162, 0.11981, 0.00659,,,
 11:50:01.319,d2:03:b8:43:8d:44, 2015-01-01 00:04:55.925, -0.154, 0.986, -0.07, -0.244, 0.244, -0.854, , , , , , , 94.07, 8.954, 10.624, 0.000, 0.000, 0.000,, 0.68173, 0.72162, 0.11981, 0.00659,,,
 11:50:01.319,d2:03:b8:43:8d:44, 2015-01-01 00:04:55.925, -0.153, 0.985, -0.07, -0.305, 0.244, -1.099, , , , , , , 94.065, 8.965, 10.629, 0.000, 0.000, 0.000,, 0.68173, 0.72162, 0.11981, 0.00659,,,
 11:50:01.319,d2:03:b8:43:8d:44, 2015-01-01 00:04:55.925, -0.156, 0.985, -0.07, -0.122, 0.427, -1.526, , , , , , , 94.065, 8.976, 10.629, 0.000, 0.000, 0.000,, 0.68173, 0.72162, 0.11981, 0.00659,,,
 11:50:01.319,d2:03:b8:43:8d:44, 2015-01-01 00:04:55.925, -0.158, 0.984, -0.069, -0.061, 0.427, -1.831, , , , , , , 94.065, 8.998, 10.635, 0.000, 0.000, 0.000,, 0.68173, 0.72162, 0.11981, 0.00659,,,
 11:50:01.352,d2:03:b8:43:8d:44, 2015-01-01 00:04:55.925, -0.164, 0.987, -0.071, -0.061, 0.366, -1.953, , , , , , , 94.059, 9.014, 10.64, 0.000, 0.000, 0.000,, 0.68173, 0.72162, 0.11981, 0.00659,,,
 11:50:01.352,d2:03:b8:43:8d:44, 2015-01-01 00:04:55.925, -0.16, 0.986, -0.07, -0.122, 0.061, -1.221, , , , , , , 94.059, 9.031, 10.64, 0.000, 0.000, 0.000,, 0.68173, 0.72162, 0.11981, 0.00659,,,
 11:50:01.352,d2:03:b8:43:8d:44, 2015-01-01 00:04:55.925, -0.161, 0.987, -0.071, -0.244, 0.122, -0.244, , , , , , , 94.054, 9.036, 10.64, 0.000, 0.000, 0.000,, 0.68173, 0.72162, 0.11981, 0.00659,,,
 11:50:01.352,d2:03:b8:43:8d:44, 2015-01-01 00:04:55.925, -0.155, 0.985, -0.07, -0.183, 0, 0, , , , , , , 94.054, 9.042, 10.64, 0.000, 0.000, 0.000,, 0.68173, 0.72162, 0.11981, 0.00659,,,
 11:50:01.353,d2:03:b8:43:8d:44, 2015-01-01 00:04:55.925, -0.157, 0.986, -0.07, -0.183, 0.122, -0.183, , , , , , , 94.048, 9.042, 10.64, 0.000, 0.000, 0.000,, 0.68173, 0.72162, 0.11981, 0.00659,,,
 11:50:01.353,d2:03:b8:43:8d:44, 2015-01-01 00:04:55.925, -0.156, 0.985, -0.069, -0.244, 0.061, -0.549, , , , , , , 94.048, 9.047, 10.64, 0.000, 0.000, 0.000,, 0.68173, 0.72162, 0.11981, 0.00659,,,
 11:50:01.354,d2:03:b8:43:8d:44, 2015-01-01 00:04:55.925, -0.158, 0.987, -0.069, -0.305, 0.244, -0.671, , , , , , , 94.043, 9.053, 10.64, 0.000, 0.000, 0.000,, 0.68173, 0.72162, 0.11981, 0.00659,,,
 11:50:01.354,d2:03:b8:43:8d:44, 2015-01-01 00:04:55.925, -0.157, 0.985, -0.068, -0.366, 0.244, -0.732, , , , , , , 94.037, 9.058, 10.64, 0.000, 0.000, 0.000,, 0.68173, 0.72162, 0.11981, 0.00659,,,
 11:50:01.354,d2:03:b8:43:8d:44, 2015-01-01 00:04:55.925, -0.161, 0.986, -0.068, -0.366, 0.366, -1.099, , , , , , , 94.032, 9.069, 10.646, 0.000, 0.000, 0.000,, 0.68173, 0.72162, 0.11981, 0.00659,,,
 11:50:01.354,d2:03:b8:43:8d:44, 2015-01-01 00:04:55.925, -0.16, 0.985, -0.068, -0.366, 0.122, -0.854, , , , , , , 94.032, 9.08, 10.646, 0.000, 0.000, 0.000,, 0.68173, 0.72162, 0.11981, 0.00659,,,
 11:50:01.355,d2:03:b8:43:8d:44, 2015-01-01 00:04:55.925, -0.161, 0.986, -0.069, -0.427, 0.183, -0.549, , , , , , , 94.026, 9.086, 10.646, 0.000, 0.000, 0.000,, 0.68173, 0.72162, 0.11981, 0.00659,,,
 11:50:01.355,d2:03:b8:43:8d:44, 2015-01-01 00:04:55.925, -0.16, 0.984, -0.068, -0.366, 0.061, -0.366, , , , , , , 94.021, 9.091, 10.646, 0.000, 0.000, 0.000,, 0.68173, 0.72162, 0.11981, 0.00659,,,
 11:50:01.396,d2:03:b8:43:8d:44, 2015-01-01 00:04:55.925, -0.162, 0.986, -0.069, -0.305, 0, -0.366, , , , , , , 94.016, 9.097, 10.646, 0.000, 0.000, 0.000,, 0.68173, 0.72162, 0.11981, 0.00659,,,
 11:50:01.397,d2:03:b8:43:8d:44, 2015-01-01 00:04:55.925, -0.156, 0.984, -0.068, -0.183, 0, 0.122, , , , , , , 94.01, 9.097, 10.646, 0.000, 0.000, 0.000,, 0.68173, 0.72162, 0.11981, 0.00659,,,
 11:50:01.397,d2:03:b8:43:8d:44, 2015-01-01 00:04:55.925, -0.156, 0.985, -0.069, -0.061, 0.061, 0, , , , , , , 94.01, 9.097, 10.646, 0.000, 0.000, 0.000,, 0.68173, 0.72162, 0.11981, 0.00659,,,
 11:50:01.397,d2:03:b8:43:8d:44, 2015-01-01 00:04:55.925, -0.159, 0.985, -0.07, -0.183, 0.183, -0.427, , , , , , , 94.005, 9.102, 10.646, 0.000, 0.000, 0.000,, 0.68173, 0.72162, 0.11981, 0.00659,,,
 11:50:01.425,d2:03:b8:43:8d:44, 2015-01-01 00:04:55.925, -0.164, 0.987, -0.069, -0.305, 0.305, -0.366, , , , , , , 94.005, 9.102, 10.646, 0.000, 0.000, 0.000,, 0.68173, 0.72162, 0.11981, 0.00659,,,
 11:50:01.425,d2:03:b8:43:8d:44, 2015-01-01 00:04:55.925, -0.16, 0.986, -0.069, -0.427, 0.244, 0.122, , , , , , , 93.999, 9.108, 10.651, 0.000, 0.000, 0.000,, 0.68173, 0.72162, 0.11981, 0.00659,,,
 11:50:01.425,d2:03:b8:43:8d:44, 2015-01-01 00:04:55.925, -0.159, 0.986, -0.068, -0.427, 0.244, 0.671, , , , , , , 93.994, 9.102, 10.651, 0.000, 0.000, 0.000,, 0.68173, 0.72162, 0.11981, 0.00659,,,
 11:50:01.425,d2:03:b8:43:8d:44, 2015-01-01 00:04:55.925, -0.16, 0.983, -0.067, -0.244, 0.122, 0.427, , , , , , , 93.988, 9.097, 10.651, 0.000, 0.000, 0.000,, 0.68173, 0.72162, 0.11981, 0.00659,,,
 11:50:01.531,d2:03:b8:43:8d:44, 2015-01-01 00:04:55.925, -0.16, 0.985, -0.067, -0.061, 0.061, 0.244, , , , , , , 93.988, 9.091, 10.651, 0.000, 0.000, 0.000,, 0.68173, 0.72162, 0.11981, 0.00659,,,
 11:50:01.531,d2:03:b8:43:8d:44, 2015-01-01 00:04:55.925, -0.157, 0.986, -0.067, 0, 0.061, 0.732, , , , , , , 93.983, 9.086, 10.651, 0.000, 0.000, 0.000,, 0.6824, 0.72073, 0.12143, 0.0054,,,
 11:50:01.531,d2:03:b8:43:8d:44, 2015-01-01 00:04:55.925, -0.159, 0.986, -0.067, 0, 0.183, 0.427, , , , , , , 93.983, 9.08, 10.651, 0.000, 0.000, 0.000,, 0.6824, 0.72073, 0.12143, 0.0054,,,
 11:50:01.531,d2:03:b8:43:8d:44, 2015-01-01 00:04:55.925, -0.16, 0.984, -0.067, 0, 0, 0.305, , , , , , , 93.983, 9.08, 10.651, 0.000, 0.000, 0.000,, 0.6824, 0.72073, 0.12143, 0.0054,,,
 11:50:01.561,d2:03:b8:43:8d:44, 2015-01-01 00:04:55.925, -0.157, 0.987, -0.067, 0, 0, 0.488, , , , , , , 93.983, 9.075, 10.646, 0.000, 0.000, 0.000,, 0.6824, 0.72073, 0.12143, 0.0054,,,
 11:50:01.561,d2:03:b8:43:8d:44, 2015-01-01 00:04:55.925, -0.153, 0.985, -0.068, 0, 0, 0.732, , , , , , , 93.977, 9.069, 10.646, 0.000, 0.000, 0.000,, 0.6824, 0.72073, 0.12143, 0.0054,,,
 11:50:01.562,d2:03:b8:43:8d:44, 2015-01-01 00:04:55.925, -0.154, 0.984, -0.067, 0, 0, -0.061, , , , , , , 93.977, 9.064, 10.646, 0.000, 0.000, 0.000,, 0.6824, 0.72073, 0.12143, 0.0054,,,
 11:50:01.562,d2:03:b8:43:8d:44, 2015-01-01 00:04:55.925, -0.156, 0.984, -0.067, 0, 0.122, -0.732, , , , , , , 93.977, 9.069, 10.646, 0.000, 0.000, 0.000,, 0.6824, 0.72073, 0.12143, 0.0054,,,
 11:50:01.562,d2:03:b8:43:8d:44, 2015-01-01 00:04:55.925, -0.158, 0.985, -0.068, 0, 0.183, -1.16, , , , , , , 93.977, 9.08, 10.646, 0.000, 0.000, 0.000,, 0.6824, 0.72073, 0.12143, 0.0054,,,
 11:50:01.562,d2:03:b8:43:8d:44, 2015-01-01 00:04:55.925, -0.156, 0.985, -0.068, 0, 0.061, -1.343, , , , , , , 93.977, 9.091, 10.646, 0.000, 0.000, 0.000,, 0.6824, 0.72073, 0.12143, 0.0054,,,
 11:50:01.562,d2:03:b8:43:8d:44, 2015-01-01 00:04:55.925, -0.155, 0.985, -0.069, -0.122, 0.305, -1.526, , , , , , , 93.972, 9.108, 10.651, 0.000, 0.000, 0.000,, 0.6824, 0.72073, 0.12143, 0.0054,,,
 11:50:01.563,d2:03:b8:43:8d:44, 2015-01-01 00:04:55.925, -0.156, 0.985, -0.069, -0.061, 0.366, -2.197, , , , , , , 93.972, 9.13, 10.651, 0.000, 0.000, 0.000,, 0.6824, 0.72073, 0.12143, 0.0054,,,
 11:50:01.602,d2:03:b8:43:8d:44, 2015-01-01 00:04:55.925, -0.159, 0.986, -0.067, 0, 0.427, -3.113, , , , , , , 93.972, 9.157, 10.657, 0.000, 0.000, 0.000,, 0.6824, 0.72073, 0.12143, 0.0054,,,
 11:50:01.602,d2:03:b8:43:8d:44, 2015-01-01 00:04:55.925, -0.158, 0.985, -0.067, 0.061, 0.366, -3.174, , , , , , , 93.972, 9.185, 10.662, 0.000, 0.000, 0.000,, 0.6824, 0.72073, 0.12143, 0.0054,,,
 11:50:01.603,d2:03:b8:43:8d:44, 2015-01-01 00:04:55.925, -0.159, 0.985, -0.067, 0.183, 0.305, -3.418, , , , , , , 93.972, 9.218, 10.668, 0.000, 0.000, 0.000,, 0.6824, 0.72073, 0.12143, 0.0054,,,
 11:50:01.604,d2:03:b8:43:8d:44, 2015-01-01 00:04:55.925, -0.161, 0.983, -0.067, 0.305, 0.305, -3.967, , , , , , , 93.977, 9.256, 10.673, 0.000, 0.000, 0.000,, 0.6824, 0.72073, 0.12143, 0.0054,,,
 11:50:01.631,d2:03:b8:43:8d:44, 2015-01-01 00:04:55.925, -0.159, 0.984, -0.066, 0.61, 0.305, -4.333, , , , , , , 93.983, 9.3, 10.679, 0.000, 0.000, 0.000,, 0.6824, 0.72073, 0.12143, 0.0054,,,
 11:50:01.632,d2:03:b8:43:8d:44, 2015-01-01 00:04:56.375, -0.155, 0.983, -0.066, 1.16, 0.183, -4.578, , , , , , , 93.988, 9.344, 10.679, 0.000, 0.000, 0.000,, 0.6824, 0.72073, 0.12143, 0.0054,,,
 11:50:01.632,d2:03:b8:43:8d:44, 2015-01-01 00:04:56.375, -0.168, 0.982, -0.067, 1.404, 0.305, -6.226, , , , , , , 94.005, 9.399, 10.69, 0.000, 0.000, 0.000,, 0.6824, 0.72073, 0.12143, 0.0054,,,
 11:50:01.632,d2:03:b8:43:8d:44, 2015-01-01 00:04:56.375, -0.177, 0.983, -0.069, 1.709, 0.366, -6.958, , , , , , , 94.021, 9.465, 10.695, 0.000, 0.000, 0.000,, 0.6824, 0.72073, 0.12143, 0.0054,,,
 11:50:01.721,d2:03:b8:43:8d:44, 2015-01-01 00:04:56.375, -0.176, 0.988, -0.071, 1.465, 0.305, -4.944, , , , , , , 94.037, 9.525, 10.701, 0.000, 0.000, 0.000,, 0.6824, 0.72073, 0.12143, 0.0054,,,
 11:50:01.721,d2:03:b8:43:8d:44, 2015-01-01 00:04:56.375, -0.175, 0.986, -0.07, 1.221, 0.244, -2.991, , , , , , , 94.048, 9.564, 10.706, 0.000, 0.000, 0.000,, 0.6824, 0.72073, 0.12143, 0.0054,,,
 11:50:01.721,d2:03:b8:43:8d:44, 2015-01-01 00:04:56.375, -0.176, 0.985, -0.07, 1.221, -0.061, -2.075, , , , , , , 94.059, 9.591, 10.706, 0.000, 0.000, 0.000,, 0.6824, 0.72073, 0.12143, 0.0054,,,
 11:50:01.722,d2:03:b8:43:8d:44, 2015-01-01 00:04:56.375, -0.176, 0.986, -0.071, 1.221, 0, -0.427, , , , , , , 94.076, 9.602, 10.706, 0.000, 0.000, 0.000,, 0.6824, 0.72073, 0.12143, 0.0054,,,
 11:50:01.738,d2:03:b8:43:8d:44, 2015-01-01 00:04:56.375, -0.172, 0.986, -0.07, 1.16, -0.305, 0.793, , , , , , , 94.087, 9.602, 10.706, 0.000, 0.000, 0.000,, 0.6824, 0.72073, 0.12143, 0.0054,,,
 11:50:01.738,d2:03:b8:43:8d:44, 2015-01-01 00:04:56.375, -0.173, 0.985, -0.071, 1.099, -0.244, 1.892, , , , , , , 94.092, 9.586, 10.695, 0.000, 0.000, 0.000,, 0.6824, 0.72073, 0.12143, 0.0054,,,
 11:50:01.738,d2:03:b8:43:8d:44, 2015-01-01 00:04:56.375, -0.171, 0.986, -0.071, 0.916, -0.305, 2.563, , , , , , , 94.103, 9.564, 10.69, 0.000, 0.000, 0.000,, 0.6824, 0.72073, 0.12143, 0.0054,,,
 11:50:01.738,d2:03:b8:43:8d:44, 2015-01-01 00:04:56.375, -0.165, 0.985, -0.07, 0.793, -0.366, 3.662, , , , , , , 94.109, 9.536, 10.684, 0.000, 0.000, 0.000,, 0.6824, 0.72073, 0.12143, 0.0054,,,
 11:50:01.766,d2:03:b8:43:8d:44, 2015-01-01 00:04:56.375, -0.158, 0.985, -0.071, 0.671, -0.366, 3.845, , , , , , , 94.114, 9.498, 10.673, 0.000, 0.000, 0.000,, 0.6824, 0.72073, 0.12143, 0.0054,,,
 11:50:01.767,d2:03:b8:43:8d:44, 2015-01-01 00:04:56.375, -0.169, 0.985, -0.073, 0.366, 0.061, 3.113, , , , , , , 94.12, 9.459, 10.673, 0.000, 0.000, 0.000,, 0.6824, 0.72073, 0.12143, 0.0054,,,
 11:50:01.767,d2:03:b8:43:8d:44, 2015-01-01 00:04:56.375, -0.173, 0.987, -0.071, 0.122, 0.122, 3.174, , , , , , , 94.12, 9.432, 10.668, 0.000, 0.000, 0.000,, 0.6824, 0.72073, 0.12143, 0.0054,,,
 11:50:01.767,d2:03:b8:43:8d:44, 2015-01-01 00:04:56.375, -0.173, 0.988, -0.072, -0.305, 0.366, 5.371, , , , , , , 94.12, 9.388, 10.668, 0.000, 0.000, 0.000,, 0.6824, 0.72073, 0.12143, 0.0054,,,
 11:50:01.782,d2:03:b8:43:8d:44, 2015-01-01 00:04:56.375, -0.168, 0.987, -0.071, -0.61, 0, 6.714, , , , , , , 94.109, 9.327, 10.662, 0.000, 0.000, 0.000,, 0.6824, 0.72073, 0.12143, 0.0054,,,
 11:50:01.782,d2:03:b8:43:8d:44, 2015-01-01 00:04:56.375, -0.164, 0.986, -0.071, -0.854, -0.122, 7.935, , , , , , , 94.103, 9.25, 10.657, 0.000, 0.000, 0.000,, 0.6824, 0.72073, 0.12143, 0.0054,,,
 11:50:01.782,d2:03:b8:43:8d:44, 2015-01-01 00:04:56.375, -0.156, 0.986, -0.07, -0.916, -0.427, 8.057, , , , , , , 94.087, 9.174, 10.646, 0.000, 0.000, 0.000,, 0.6824, 0.72073, 0.12143, 0.0054,,,
 11:50:01.782,d2:03:b8:43:8d:44, 2015-01-01 00:04:56.375, -0.155, 0.984, -0.069, -0.854, -0.366, 7.812, , , , , , , 94.076, 9.091, 10.635, 0.000, 0.000, 0.000,, 0.6824, 0.72073, 0.12143, 0.0054,,,
 11:50:01.883,d2:03:b8:43:8d:44, 2015-01-01 00:04:56.375, -0.155, 0.983, -0.068, -0.61, -0.61, 6.592, , , , , , , 94.065, 9.025, 10.624, 0.000, 0.000, 0.000,, 0.6824, 0.72073, 0.12143, 0.0054,,,
 11:50:02.026,d2:03:b8:43:8d:44, 2015-01-01 00:04:56.375, -0.153, 0.983, -0.068, -0.305, -0.671, 5.92, , , , , , , 94.059, 8.959, 10.607, 0.000, 0.000, 0.000,, 0.6824, 0.72073, 0.12143, 0.0054,,,
 11:50:02.026,d2:03:b8:43:8d:44, 2015-01-01 00:04:56.375, -0.156, 0.984, -0.068, 0, -0.732, 5.31, , , , , , , 94.054, 8.904, 10.596, 0.000, 0.000, 0.000,, 0.67957, 0.72488, 0.11185, 0.01123,,,
 11:50:02.027,d2:03:b8:43:8d:44, 2015-01-01 00:04:56.375, -0.163, 0.984, -0.067, 0.427, -0.854, 4.944, , , , , , , 94.054, 8.855, 10.585, 0.000, 0.000, 0.000,, 0.67957, 0.72488, 0.11185, 0.01123,,,
 11:50:02.074,d2:03:b8:43:8d:44, 2015-01-01 00:04:56.820, -0.159, 0.986, -0.067, 0.671, -1.221, 6.042, , , , , , , 94.059, 8.806, 10.569, 0.000, 0.000, 0.000,, 0.67957, 0.72488, 0.11185, 0.01123,,,
 11:50:02.074,d2:03:b8:43:8d:44, 2015-01-01 00:04:56.820, -0.155, 0.985, -0.067, 0.916, -1.16, 7.385, , , , , , , 94.059, 8.734, 10.547, 0.000, 0.000, 0.000,, 0.67957, 0.72488, 0.11185, 0.01123,,,
 11:50:02.075,d2:03:b8:43:8d:44, 2015-01-01 00:04:56.820, -0.145, 0.984, -0.067, 1.404, -1.343, 7.751, , , , , , , 94.07, 8.663, 10.53, 0.000, 0.000, 0.000,, 0.67957, 0.72488, 0.11185, 0.01123,,,
 11:50:02.075,d2:03:b8:43:8d:44, 2015-01-01 00:04:56.820, -0.145, 0.986, -0.069, 1.526, -1.038, 7.812, , , , , , , 94.081, 8.586, 10.508, 0.000, 0.000, 0.000,, 0.67957, 0.72488, 0.11185, 0.01123,,,
 11:50:02.075,d2:03:b8:43:8d:44, 2015-01-01 00:04:56.820, -0.146, 0.983, -0.067, 1.953, -1.16, 6.47, , , , , , , 94.098, 8.514, 10.492, 0.000, 0.000, 0.000,, 0.67957, 0.72488, 0.11185, 0.01123,,,
 11:50:02.075,d2:03:b8:43:8d:44, 2015-01-01 00:04:56.820, -0.151, 0.986, -0.068, 2.441, -1.221, 6.348, , , , , , , 94.114, 8.454, 10.475, 0.000, 0.000, 0.000,, 0.67957, 0.72488, 0.11185, 0.01123,,,
 11:50:02.076,d2:03:b8:43:8d:44, 2015-01-01 00:04:56.820, -0.148, 0.987, -0.068, 2.747, -1.526, 6.958, , , , , , , 94.136, 8.388, 10.453, 0.000, 0.000, 0.000,, 0.67957, 0.72488, 0.11185, 0.01123,,,
 11:50:02.076,d2:03:b8:43:8d:44, 2015-01-01 00:04:56.820, -0.149, 0.987, -0.069, 3.113, -1.404, 7.812, , , , , , , 94.164, 8.311, 10.432, 0.000, 0.000, 0.000,, 0.67957, 0.72488, 0.11185, 0.01123,,,
 11:50:02.077,d2:03:b8:43:8d:44, 2015-01-01 00:04:56.820, -0.147, 0.987, -0.07, 3.479, -1.526, 8.423, , , , , , , 94.191, 8.234, 10.41, 0.000, 0.000, 0.000,, 0.67957, 0.72488, 0.11185, 0.01123,,,
 11:50:02.077,d2:03:b8:43:8d:44, 2015-01-01 00:04:56.820, -0.142, 0.988, -0.071, 3.845, -1.282, 9.644, , , , , , , 94.224, 8.146, 10.388, 0.000, 0.000, 0.000,, 0.67957, 0.72488, 0.11185, 0.01123,,,
 11:50:02.077,d2:03:b8:43:8d:44, 2015-01-01 00:04:56.820, -0.137, 0.987, -0.071, 4.028, -1.038, 10.193, , , , , , , 94.263, 8.047, 10.366, 0.000, 0.000, 0.000,, 0.67957, 0.72488, 0.11185, 0.01123,,,
 11:50:02.078,d2:03:b8:43:8d:44, 2015-01-01 00:04:56.820, -0.129, 0.985, -0.071, 4.517, -1.099, 9.46, , , , , , , 94.301, 7.949, 10.344, 0.000, 0.000, 0.000,, 0.67957, 0.72488, 0.11185, 0.01123,,,
 11:50:02.078,d2:03:b8:43:8d:44, 2015-01-01 00:04:56.820, -0.123, 0.984, -0.071, 5.066, -1.038, 7.568, , , , , , , 94.345, 7.861, 10.327, 0.000, 0.000, 0.000,, 0.67957, 0.72488, 0.11185, 0.01123,,,
 11:50:02.078,d2:03:b8:43:8d:44, 2015-01-01 00:04:56.820, -0.131, 0.986, -0.074, 5.554, -0.244, 5.493, , , , , , , 94.4, 7.8, 10.316, 0.000, 0.000, 0.000,, 0.67957, 0.72488, 0.11185, 0.01123,,,
 11:50:02.079,d2:03:b8:43:8d:44, 2015-01-01 00:04:56.820, -0.138, 0.988, -0.077, 5.676, -0.305, 4.333, , , , , , , 94.455, 7.751, 10.305, 0.000, 0.000, 0.000,, 0.67957, 0.72488, 0.11185, 0.01123,,,
 11:50:02.079,d2:03:b8:43:8d:44, 2015-01-01 00:04:56.820, -0.146, 0.992, -0.08, 5.249, -0.122, 5.066, , , , , , , 94.504, 7.707, 10.3, 0.000, 0.000, 0.000,, 0.67957, 0.72488, 0.11185, 0.01123,,,
 11:50:02.080,d2:03:b8:43:8d:44, 2015-01-01 00:04:56.820, -0.147, 0.994, -0.083, 4.333, -0.366, 7.507, , , , , , , 94.554, 7.646, 10.289, 0.000, 0.000, 0.000,, 0.67957, 0.72488, 0.11185, 0.01123,,,
 11:50:02.080,d2:03:b8:43:8d:44, 2015-01-01 00:04:56.820, -0.135, 0.997, -0.086, 3.113, -0.671, 11.108, , , , , , , 94.587, 7.553, 10.278, 0.000, 0.000, 0.000,, 0.67957, 0.72488, 0.11185, 0.01123,,,
 11:50:02.080,d2:03:b8:43:8d:44, 2015-01-01 00:04:56.820, -0.124, 0.993, -0.086, 1.709, -0.366, 13.306, , , , , , , 94.609, 7.427, 10.256, 0.000, 0.000, 0.000,, 0.67957, 0.72488, 0.11185, 0.01123,,,
 11:50:02.080,d2:03:b8:43:8d:44, 2015-01-01 00:04:56.820, -0.12, 0.99, -0.084, 0.977, -0.061, 12.512, , , , , , , 94.62, 7.295, 10.245, 0.000, 0.000, 0.000,, 0.67957, 0.72488, 0.11185, 0.01123,,,
 11:50:02.081,d2:03:b8:43:8d:44, 2015-01-01 00:04:56.820, -0.111, 0.989, -0.083, 0.305, -0.122, 10.803, , , , , , , 94.62, 7.18, 10.234, 0.000, 0.000, 0.000,, 0.67957, 0.72488, 0.11185, 0.01123,,,
 11:50:02.081,d2:03:b8:43:8d:44, 2015-01-01 00:04:56.820, -0.112, 0.989, -0.084, -0.366, 0.122, 8.728, , , , , , , 94.62, 7.086, 10.223, 0.000, 0.000, 0.000,, 0.67957, 0.72488, 0.11185, 0.01123,,,
 11:50:02.081,d2:03:b8:43:8d:44, 2015-01-01 00:04:56.820, -0.102, 0.986, -0.079, -0.488, 0, 6.042, , , , , , , 94.614, 7.015, 10.217, 0.000, 0.000, 0.000,, 0.67957, 0.72488, 0.11185, 0.01123,,,
 11:50:02.081,d2:03:b8:43:8d:44, 2015-01-01 00:04:56.820, -0.101, 0.986, -0.077, -0.122, 0.244, 3.296, , , , , , , 94.609, 6.965, 10.212, 0.000, 0.000, 0.000,, 0.67957, 0.72488, 0.11185, 0.01123,,,
 11:50:02.186,d2:03:b8:43:8d:44, 2015-01-01 00:04:56.820, -0.113, 0.983, -0.076, 0.488, 0.549, -1.221, , , , , , , 94.609, 6.96, 10.212, 0.000, 0.000, 0.000,, 0.67957, 0.72488, 0.11185, 0.01123,,,
 11:50:02.186,d2:03:b8:43:8d:44, 2015-01-01 00:04:56.820, -0.12, 0.986, -0.076, 1.16, 0.427, -4.028, , , , , , , 94.62, 6.987, 10.223, 0.000, 0.000, 0.000,, 0.67957, 0.72488, 0.11185, 0.01123,,,
 11:50:02.186,d2:03:b8:43:8d:44, 2015-01-01 00:04:56.820, -0.124, 0.991, -0.081, 0.854, 0.61, -3.967, , , , , , , 94.631, 7.031, 10.228, 0.000, 0.000, 0.000,, 0.67957, 0.72488, 0.11185, 0.01123,,,
 11:50:02.231,d2:03:b8:43:8d:44, 2015-01-01 00:04:56.820, -0.121, 0.989, -0.08, 0.732, 0.488, -4.272, , , , , , , 94.636, 7.07, 10.239, 0.000, 0.000, 0.000,, 0.67957, 0.72488, 0.11185, 0.01123,,,
 11:50:02.280,d2:03:b8:43:8d:44, 2015-01-01 00:04:56.820, -0.12, 0.989, -0.08, 0.671, 0.732, -4.028, , , , , , , 94.642, 7.114, 10.245, 0.000, 0.000, 0.000,, 0.67957, 0.72488, 0.11185, 0.01123,,,
 11:50:02.280,d2:03:b8:43:8d:44, 2015-01-01 00:04:56.820, -0.125, 0.986, -0.078, 0.854, 0.916, -5.371, , , , , , , 94.653, 7.158, 10.256, 0.000, 0.000, 0.000,, 0.67957, 0.72488, 0.11185, 0.01123,,,
 11:50:02.280,d2:03:b8:43:8d:44, 2015-01-01 00:04:56.820, -0.122, 0.985, -0.077, 1.648, 0.916, -5.737, , , , , , , 94.664, 7.213, 10.267, 0.000, 0.000, 0.000,, 0.67957, 0.72488, 0.11185, 0.01123,,,
 11:50:02.280,d2:03:b8:43:8d:44, 2015-01-01 00:04:56.820, -0.127, 0.987, -0.076, 2.625, 1.282, -5.92, , , , , , , 94.691, 7.273, 10.283, 0.000, 0.000, 0.000,, 0.67957, 0.72488, 0.11185, 0.01123,,,
 11:50:02.280,d2:03:b8:43:8d:44, 2015-01-01 00:04:56.820, -0.138, 0.986, -0.077, 3.54, 1.709, -6.409, , , , , , , 94.724, 7.333, 10.305, 0.000, 0.000, 0.000,, 0.67957, 0.72488, 0.11185, 0.01123,,,
 11:50:02.280,d2:03:b8:43:8d:44, 2015-01-01 00:04:56.820, -0.154, 0.993, -0.082, 3.906, 1.77, -4.883, , , , , , , 94.763, 7.388, 10.327, 0.000, 0.000, 0.000,, 0.67957, 0.72488, 0.11185, 0.01123,,,
 11:50:02.281,d2:03:b8:43:8d:44, 2015-01-01 00:04:56.820, -0.154, 0.994, -0.085, 3.479, 1.526, -1.038, , , , , , , 94.801, 7.421, 10.344, 0.000, 0.000, 0.000,, 0.67957, 0.72488, 0.11185, 0.01123,,,
 11:50:02.281,d2:03:b8:43:8d:44, 2015-01-01 00:04:56.820, -0.135, 0.997, -0.087, 2.686, 0.732, 3.662, , , , , , , 94.834, 7.405, 10.349, 0.000, 0.000, 0.000,, 0.67957, 0.72488, 0.11185, 0.01123,,,
 11:50:02.281,d2:03:b8:43:8d:44, 2015-01-01 00:04:56.820, -0.12, 0.991, -0.088, 1.526, 0.854, 6.531, , , , , , , 94.85, 7.344, 10.355, 0.000, 0.000, 0.000,, 0.67957, 0.72488, 0.11185, 0.01123,,,
 11:50:02.281,d2:03:b8:43:8d:44, 2015-01-01 00:04:56.820, -0.117, 0.986, -0.085, 1.221, 1.099, 5.188, , , , , , , 94.867, 7.284, 10.36, 0.000, 0.000, 0.000,, 0.67957, 0.72488, 0.11185, 0.01123,,,
 11:50:02.281,d2:03:b8:43:8d:44, 2015-01-01 00:04:56.820, -0.113, 0.983, -0.08, 1.648, 1.526, 3.052, , , , , , , 94.878, 7.245, 10.366, 0.000, 0.000, 0.000,, 0.67957, 0.72488, 0.11185, 0.01123,,,
 11:50:02.281,d2:03:b8:43:8d:44, 2015-01-01 00:04:56.820, -0.105, 0.984, -0.079, 2.686, 2.075, 0.977, , , , , , , 94.905, 7.224, 10.382, 0.000, 0.000, 0.000,, 0.67957, 0.72488, 0.11185, 0.01123,,,
 11:50:02.297,d2:03:b8:43:8d:44, 2015-01-01 00:04:56.820, -0.109, 0.982, -0.078, 3.906, 3.235, -1.648, , , , , , , 94.938, 7.224, 10.41, 0.000, 0.000, 0.000,, 0.67957, 0.72488, 0.11185, 0.01123,,,
 11:50:02.297,d2:03:b8:43:8d:44, 2015-01-01 00:04:56.820, -0.115, 0.983, -0.077, 5.554, 3.723, -5.859, , , , , , , 94.993, 7.262, 10.448, 0.000, 0.000, 0.000,, 0.67957, 0.72488, 0.11185, 0.01123,,,
 11:50:02.297,d2:03:b8:43:8d:44, 2015-01-01 00:04:56.820, -0.129, 0.984, -0.082, 6.714, 3.723, -7.996, , , , , , , 95.059, 7.333, 10.492, 0.000, 0.000, 0.000,, 0.67957, 0.72488, 0.11185, 0.01123,,,
 11:50:02.297,d2:03:b8:43:8d:44, 2015-01-01 00:04:56.820, -0.137, 0.986, -0.084, 7.141, 2.197, -9.46, , , , , , , 95.136, 7.421, 10.53, 0.000, 0.000, 0.000,, 0.67957, 0.72488, 0.11185, 0.01123,,,
 11:50:02.297,d2:03:b8:43:8d:44, 2015-01-01 00:04:56.820, -0.146, 0.99, -0.093, 6.775, 2.136, -8.972, , , , , , , 95.208, 7.509, 10.552, 0.000, 0.000, 0.000,, 0.67957, 0.72488, 0.11185, 0.01123,,,
 11:50:02.297,d2:03:b8:43:8d:44, 2015-01-01 00:04:56.820, -0.143, 0.992, -0.093, 6.348, 0.977, -6.653, , , , , , , 95.273, 7.586, 10.574, 0.000, 0.000, 0.000,, 0.67957, 0.72488, 0.11185, 0.01123,,,
 11:50:02.298,d2:03:b8:43:8d:44, 2015-01-01 00:04:56.820, -0.13, 0.989, -0.096, 5.737, 0.793, -5.005, , , , , , , 95.334, 7.641, 10.591, 0.000, 0.000, 0.000,, 0.67957, 0.72488, 0.11185, 0.01123,,,
 11:50:02.298,d2:03:b8:43:8d:44, 2015-01-01 00:04:56.820, -0.125, 0.988, -0.097, 5.066, 0.854, -4.7, , , , , , , 95.389, 7.69, 10.602, 0.000, 0.000, 0.000,, 0.67957, 0.72488, 0.11185, 0.01123,,,
 11:50:02.550,d2:03:b8:43:8d:44, 2015-01-01 00:04:56.820, -0.141, 0.987, -0.102, 4.15, 1.831, -6.165, , , , , , , 95.438, 7.745, 10.618, 0.000, 0.000, 0.000,, 0.67957, 0.72488, 0.11185, 0.01123,,,
 11:50:02.550,d2:03:b8:43:8d:44, 2015-01-01 00:04:57.240, -0.16, 0.992, -0.102, 2.93, 2.747, -5.493, , , , , , , 95.477, 7.8, 10.646, 0.000, 0.000, 0.000,, 0.67169, 0.73178, 0.11417, 0.01373,,,
 11:50:02.550,d2:03:b8:43:8d:44, 2015-01-01 00:04:57.240, -0.16, 0.994, -0.103, 1.526, 3.113, -0.854, , , , , , , 95.504, 7.833, 10.679, 0.000, 0.000, 0.000,, 0.67169, 0.73178, 0.11417, 0.01373,,,
 11:50:02.550,d2:03:b8:43:8d:44, 2015-01-01 00:04:57.240, -0.145, 0.992, -0.101, 0.488, 3.052, 3.906, , , , , , , 95.515, 7.811, 10.706, 0.000, 0.000, 0.000,, 0.67169, 0.73178, 0.11417, 0.01373,,,
 11:50:02.602,d2:03:b8:43:8d:44, 2015-01-01 00:04:57.240, -0.133, 0.988, -0.097, -0.061, 2.808, 6.47, , , , , , , 95.521, 7.751, 10.728, 0.000, 0.000, 0.000,, 0.67169, 0.73178, 0.11417, 0.01373,,,
 11:50:02.603,d2:03:b8:43:8d:44, 2015-01-01 00:04:57.240, -0.128, 0.983, -0.091, 0.061, 2.319, 5.371, , , , , , , 95.521, 7.69, 10.75, 0.000, 0.000, 0.000,, 0.67169, 0.73178, 0.11417, 0.01373,,,
 11:50:02.603,d2:03:b8:43:8d:44, 2015-01-01 00:04:57.240, -0.122, 0.981, -0.088, 1.099, 1.343, 3.723, , , , , , , 95.526, 7.646, 10.761, 0.000, 0.000, 0.000,, 0.67169, 0.73178, 0.11417, 0.01373,,,
 11:50:02.603,d2:03:b8:43:8d:44, 2015-01-01 00:04:57.240, -0.125, 0.982, -0.089, 2.197, 0.671, 0.793, , , , , , , 95.543, 7.619, 10.767, 0.000, 0.000, 0.000,, 0.67169, 0.73178, 0.11417, 0.01373,,,
 11:50:02.603,d2:03:b8:43:8d:44, 2015-01-01 00:04:57.240, -0.13, 0.982, -0.093, 2.991, 0.244, -1.526, , , , , , , 95.57, 7.63, 10.772, 0.000, 0.000, 0.000,, 0.67169, 0.73178, 0.11417, 0.01373,,,
 11:50:02.603,d2:03:b8:43:8d:44, 2015-01-01 00:04:57.240, -0.147, 0.988, -0.1, 2.686, 1.16, -2.075, , , , , , , 95.603, 7.646, 10.778, 0.000, 0.000, 0.000,, 0.67169, 0.73178, 0.11417, 0.01373,,,
 11:50:02.604,d2:03:b8:43:8d:44, 2015-01-01 00:04:57.240, -0.15, 0.991, -0.101, 2.075, 1.709, 0.671, , , , , , , 95.625, 7.657, 10.794, 0.000, 0.000, 0.000,, 0.67169, 0.73178, 0.11417, 0.01373,,,
 11:50:02.604,d2:03:b8:43:8d:44, 2015-01-01 00:04:57.240, -0.157, 0.993, -0.104, 1.038, 2.625, 4.761, , , , , , , 95.641, 7.625, 10.811, 0.000, 0.000, 0.000,, 0.67169, 0.73178, 0.11417, 0.01373,,,
 11:50:02.604,d2:03:b8:43:8d:44, 2015-01-01 00:04:57.240, -0.145, 0.993, -0.104, 0.122, 3.723, 9.644, , , , , , , 95.652, 7.548, 10.833, 0.000, 0.000, 0.000,, 0.67169, 0.73178, 0.11417, 0.01373,,,
 11:50:02.604,d2:03:b8:43:8d:44, 2015-01-01 00:04:57.240, -0.134, 0.992, -0.105, -1.038, 4.272, 14.404, , , , , , , 95.647, 7.421, 10.86, 0.000, 0.000, 0.000,, 0.67169, 0.73178, 0.11417, 0.01373,,,
 11:50:02.605,d2:03:b8:43:8d:44, 2015-01-01 00:04:57.240, -0.14, 0.987, -0.102, -1.587, 5.371, 14.893, , , , , , , 95.636, 7.267, 10.893, 0.000, 0.000, 0.000,, 0.67169, 0.73178, 0.11417, 0.01373,,,
 11:50:02.605,d2:03:b8:43:8d:44, 2015-01-01 00:04:57.240, -0.126, 0.99, -0.096, -1.709, 5.432, 16.785, , , , , , , 95.625, 7.108, 10.937, 0.000, 0.000, 0.000,, 0.67169, 0.73178, 0.11417, 0.01373,,,
 11:50:02.605,d2:03:b8:43:8d:44, 2015-01-01 00:04:57.240, -0.101, 0.987, -0.092, -1.343, 4.272, 18.127, , , , , , , 95.614, 6.921, 10.964, 0.000, 0.000, 0.000,, 0.67169, 0.73178, 0.11417, 0.01373,,,
 11:50:02.605,d2:03:b8:43:8d:44, 2015-01-01 00:04:57.240, -0.108, 0.981, -0.094, -0.671, 3.357, 14.099, , , , , , , 95.603, 6.757, 10.981, 0.000, 0.000, 0.000,, 0.67169, 0.73178, 0.11417, 0.01373,,,
 11:50:02.605,d2:03:b8:43:8d:44, 2015-01-01 00:04:57.240, -0.103, 0.982, -0.092, 0.549, 1.282, 10.742, , , , , , , 95.603, 6.636, 10.986, 0.000, 0.000, 0.000,, 0.67169, 0.73178, 0.11417, 0.01373,,,
 11:50:02.606,d2:03:b8:43:8d:44, 2015-01-01 00:04:57.240, -0.104, 0.989, -0.099, 0.183, 1.282, 9.583, , , , , , , 95.609, 6.537, 10.992, 0.000, 0.000, 0.000,, 0.67169, 0.73178, 0.11417, 0.01373,,,
 11:50:02.606,d2:03:b8:43:8d:44, 2015-01-01 00:04:57.240, -0.116, 0.987, -0.099, 0, 2.197, 7.141, , , , , , , 95.609, 6.449, 10.997, 0.000, 0.000, 0.000,, 0.67169, 0.73178, 0.11417, 0.01373,,,
 11:50:02.606,d2:03:b8:43:8d:44, 2015-01-01 00:04:57.240, -0.112, 0.992, -0.098, -0.244, 2.869, 8.118, , , , , , , 95.609, 6.378, 11.019, 0.000, 0.000, 0.000,, 0.67169, 0.73178, 0.11417, 0.01373,,,
 11:50:02.606,d2:03:b8:43:8d:44, 2015-01-01 00:04:57.240, -0.109, 0.988, -0.094, -0.061, 2.502, 8.911, , , , , , , 95.609, 6.284, 11.036, 0.000, 0.000, 0.000,, 0.67169, 0.73178, 0.11417, 0.01373,,,
 11:50:02.607,d2:03:b8:43:8d:44, 2015-01-01 00:04:57.240, -0.11, 0.985, -0.091, 0.732, 1.587, 7.69, , , , , , , 95.614, 6.202, 11.047, 0.000, 0.000, 0.000,, 0.67169, 0.73178, 0.11417, 0.01373,,,
 11:50:02.622,d2:03:b8:43:8d:44, 2015-01-01 00:04:57.240, -0.102, 0.985, -0.089, 1.77, 0.488, 6.653, , , , , , , 95.625, 6.13, 11.052, 0.000, 0.000, 0.000,, 0.67169, 0.73178, 0.11417, 0.01373,,,
 11:50:02.622,d2:03:b8:43:8d:44, 2015-01-01 00:04:57.240, -0.095, 0.986, -0.091, 2.869, -0.488, 5.676, , , , , , , 95.647, 6.07, 11.041, 0.000, 0.000, 0.000,, 0.67169, 0.73178, 0.11417, 0.01373,,,
 11:50:02.622,d2:03:b8:43:8d:44, 2015-01-01 00:04:57.240, -0.099, 0.984, -0.093, 3.784, -0.977, 3.113, , , , , , , 95.68, 6.026, 11.025, 0.000, 0.000, 0.000,, 0.67169, 0.73178, 0.11417, 0.01373,,,
 11:50:02.622,d2:03:b8:43:8d:44, 2015-01-01 00:04:57.240, -0.093, 0.986, -0.096, 4.211, -1.343, 1.831, , , , , , , 95.718, 6.004, 11.008, 0.000, 0.000, 0.000,, 0.67169, 0.73178, 0.11417, 0.01373,,,
 11:50:02.622,d2:03:b8:43:8d:44, 2015-01-01 00:04:57.240, -0.083, 0.99, -0.105, 3.723, -0.488, 1.343, , , , , , , 95.757, 5.988, 10.997, 0.000, 0.000, 0.000,, 0.67169, 0.73178, 0.11417, 0.01373,,,
 11:50:02.622,d2:03:b8:43:8d:44, 2015-01-01 00:04:57.240, -0.094, 0.993, -0.112, 2.197, 2.441, 0.488, , , , , , , 95.784, 5.977, 11.003, 0.000, 0.000, 0.000,, 0.67169, 0.73178, 0.11417, 0.01373,,,
 11:50:02.623,d2:03:b8:43:8d:44, 2015-01-01 00:04:57.240, -0.105, 0.989, -0.104, 1.587, 3.723, -1.526, , , , , , , 95.806, 5.982, 11.036, 0.000, 0.000, 0.000,, 0.67169, 0.73178, 0.11417, 0.01373,,,
 11:50:02.624,d2:03:b8:43:8d:44, 2015-01-01 00:04:57.240, -0.117, 0.994, -0.109, 0.61, 4.578, -0.977, , , , , , , 95.823, 5.993, 11.08, 0.000, 0.000, 0.000,, 0.67169, 0.73178, 0.11417, 0.01373,,,
 11:50:02.680,d2:03:b8:43:8d:44, 2015-01-01 00:04:57.240, -0.126, 0.993, -0.105, -0.671, 6.653, 0.488, , , , , , , 95.823, 5.988, 11.14, 0.000, 0.000, 0.000,, 0.67169, 0.73178, 0.11417, 0.01373,,,
 11:50:02.703,d2:03:b8:43:8d:44, 2015-01-01 00:04:57.240, -0.097, 0.991, -0.101, -0.671, 2.197, 3.418, , , , , , , 95.823, 5.966, 11.173, 0.000, 0.000, 0.000,, 0.67169, 0.73178, 0.11417, 0.01373,,,
 11:50:02.703,d2:03:b8:43:8d:44, 2015-01-01 00:04:57.240, -0.104, 0.994, -0.109, -2.014, 4.272, 4.639, , , , , , , 95.806, 5.916, 11.201, 0.000, 0.000, 0.000,, 0.67169, 0.73178, 0.11417, 0.01373,,,
 11:50:02.703,d2:03:b8:43:8d:44, 2015-01-01 00:04:57.240, -0.102, 0.988, -0.1, -1.77, 4.395, 2.93, , , , , , , 95.79, 5.878, 11.245, 0.000, 0.000, 0.000,, 0.67169, 0.73178, 0.11417, 0.01373,,,
 11:50:02.730,d2:03:b8:43:8d:44, 2015-01-01 00:04:57.240, -0.095, 0.993, -0.102, -1.892, 4.944, 4.272, , , , , , , 95.773, 5.839, 11.283, 0.000, 0.000, 0.000,, 0.67169, 0.73178, 0.11417, 0.01373,,,
 11:50:02.730,d2:03:b8:43:8d:44, 2015-01-01 00:04:57.240, -0.101, 0.986, -0.098, -1.526, 6.104, 2.991, , , , , , , 95.762, 5.795, 11.338, 0.000, 0.000, 0.000,, 0.67169, 0.73178, 0.11417, 0.01373,,,
 11:50:02.763,d2:03:b8:43:8d:44, 2015-01-01 00:04:57.240, -0.087, 0.988, -0.096, -1.221, 5.066, 2.075, , , , , , , 95.751, 5.768, 11.393, 0.000, 0.000, 0.000,, 0.67169, 0.73178, 0.11417, 0.01373,,,
 11:50:02.764,d2:03:b8:43:8d:44, 2015-01-01 00:04:57.240, -0.096, 0.993, -0.108, -2.075, 7.446, 2.441, , , , , , , 95.74, 5.735, 11.442, 0.000, 0.000, 0.000,, 0.67169, 0.73178, 0.11417, 0.01373,,,
 11:50:02.824,d2:03:b8:43:8d:44, 2015-01-01 00:04:57.240, -0.103, 0.989, -0.098, -2.319, 10.071, 1.282, , , , , , , 95.724, 5.707, 11.541, 0.000, 0.000, 0.000,, 0.67169, 0.73178, 0.11417, 0.01373,,,
 11:50:02.824,d2:03:b8:43:8d:44, 2015-01-01 00:04:57.240, -0.098, 0.987, -0.093, -1.221, 7.935, 1.343, , , , , , , 95.718, 5.685, 11.618, 0.000, 0.000, 0.000,, 0.67169, 0.73178, 0.11417, 0.01373,,,
 11:50:02.824,d2:03:b8:43:8d:44, 2015-01-01 00:04:57.240, -0.116, 0.991, -0.097, -0.793, 9.216, 1.099, , , , , , , 95.713, 5.669, 11.706, 0.000, 0.000, 0.000,, 0.67169, 0.73178, 0.11417, 0.01373,,,
 11:50:02.825,d2:03:b8:43:8d:44, 2015-01-01 00:04:57.240, -0.104, 0.981, -0.081, 1.282, 2.625, 0.488, , , , , , , 95.724, 5.652, 11.761, 0.000, 0.000, 0.000,, 0.67169, 0.73178, 0.11417, 0.01373,,,
 11:50:02.841,d2:03:b8:43:8d:44, 2015-01-01 00:04:57.240, -0.104, 0.986, -0.091, 2.319, 0.854, -0.549, , , , , , , 95.74, 5.652, 11.783, 0.000, 0.000, 0.000,, 0.67169, 0.73178, 0.11417, 0.01373,,,
 11:50:02.841,d2:03:b8:43:8d:44, 2015-01-01 00:04:57.240, -0.09, 0.988, -0.097, 2.991, -2.075, -0.549, , , , , , , 95.768, 5.658, 11.766, 0.000, 0.000, 0.000,, 0.67169, 0.73178, 0.11417, 0.01373,,,
 11:50:02.841,d2:03:b8:43:8d:44, 2015-01-01 00:04:57.240, -0.081, 0.99, -0.103, 2.625, -2.258, -1.221, , , , , , , 95.795, 5.669, 11.744, 0.000, 0.000, 0.000,, 0.67169, 0.73178, 0.11417, 0.01373,,,
 11:50:02.842,d2:03:b8:43:8d:44, 2015-01-01 00:04:57.240, -0.086, 0.985, -0.102, 2.747, -2.014, -4.456, , , , , , , 95.817, 5.702, 11.728, 0.000, 0.000, 0.000,, 0.67169, 0.73178, 0.11417, 0.01373,,,
 11:50:02.842,d2:03:b8:43:8d:44, 2015-01-01 00:04:57.240, -0.092, 0.99, -0.107, 2.258, -1.404, -6.592, , , , , , , 95.839, 5.762, 11.711, 0.000, 0.000, 0.000,, 0.67169, 0.73178, 0.11417, 0.01373,,,
 11:50:02.842,d2:03:b8:43:8d:44, 2015-01-01 00:04:57.240, -0.107, 0.994, -0.114, 0.549, 0.61, -6.836, , , , , , , 95.856, 5.834, 11.717, 0.000, 0.000, 0.000,, 0.67169, 0.73178, 0.11417, 0.01373,,,
 11:50:02.842,d2:03:b8:43:8d:44, 2015-01-01 00:04:57.240, -0.106, 0.993, -0.106, -0.366, 0.854, -5.798, , , , , , , 95.856, 5.894, 11.728, 0.000, 0.000, 0.000,, 0.67169, 0.73178, 0.11417, 0.01373,,,
 11:50:02.843,d2:03:b8:43:8d:44, 2015-01-01 00:04:57.240, -0.105, 0.991, -0.106, -1.16, 0.977, -4.456, , , , , , , 95.845, 5.944, 11.744, 0.000, 0.000, 0.000,, 0.67169, 0.73178, 0.11417, 0.01373,,,
 11:50:02.859,d2:03:b8:43:8d:44, 2015-01-01 00:04:57.240, -0.105, 0.991, -0.104, -1.831, 0.977, -4.7, , , , , , , 95.834, 5.988, 11.755, 0.000, 0.000, 0.000,, 0.6701, 0.73315, 0.11166, 0.02948,,,
 11:50:02.859,d2:03:b8:43:8d:44, 2015-01-01 00:04:57.240, -0.096, 0.99, -0.103, -2.319, 0.916, -4.517, , , , , , , 95.812, 6.037, 11.772, 0.000, 0.000, 0.000,, 0.6701, 0.73315, 0.11166, 0.02948,,,
 11:50:02.859,d2:03:b8:43:8d:44, 2015-01-01 00:04:57.240, -0.098, 0.989, -0.103, -2.686, 1.587, -4.883, , , , , , , 95.784, 6.081, 11.788, 0.000, 0.000, 0.000,, 0.6701, 0.73315, 0.11166, 0.02948,,,
 11:50:02.860,d2:03:b8:43:8d:44, 2015-01-01 00:04:57.240, -0.115, 0.986, -0.099, -2.686, 1.831, -7.019, , , , , , , 95.762, 6.141, 11.81, 0.000, 0.000, 0.000,, 0.6701, 0.73315, 0.11166, 0.02948,,,
 11:50:02.997,d2:03:b8:43:8d:44, 2015-01-01 00:04:57.685, -0.121, 0.991, -0.098, -2.625, 1.587, -6.592, , , , , , , 95.735, 6.207, 11.832, 0.000, 0.000, 0.000,, 0.6701, 0.73315, 0.11166, 0.02948,,,
 11:50:03.045,d2:03:b8:43:8d:44, 2015-01-01 00:04:57.685, -0.112, 0.99, -0.095, -2.38, 0.793, -3.784, , , , , , , 95.713, 6.257, 11.849, 0.000, 0.000, 0.000,, 0.6701, 0.73315, 0.11166, 0.02948,,,
 11:50:03.045,d2:03:b8:43:8d:44, 2015-01-01 00:04:57.685, -0.119, 0.988, -0.096, -1.831, 0.305, -3.601, , , , , , , 95.691, 6.295, 11.854, 0.000, 0.000, 0.000,, 0.6701, 0.73315, 0.11166, 0.02948,,,
 11:50:03.045,d2:03:b8:43:8d:44, 2015-01-01 00:04:57.685, -0.119, 0.987, -0.094, -1.099, -0.122, -3.418, , , , , , , 95.674, 6.328, 11.86, 0.000, 0.000, 0.000,, 0.6701, 0.73315, 0.11166, 0.02948,,,
 11:50:03.061,d2:03:b8:43:8d:44, 2015-01-01 00:04:57.685, -0.112, 0.989, -0.092, -0.305, -0.793, -2.075, , , , , , , 95.669, 6.356, 11.854, 0.000, 0.000, 0.000,, 0.6701, 0.73315, 0.11166, 0.02948,,,
 11:50:03.061,d2:03:b8:43:8d:44, 2015-01-01 00:04:57.685, -0.108, 0.985, -0.093, 0.488, -1.221, -2.197, , , , , , , 95.663, 6.378, 11.843, 0.000, 0.000, 0.000,, 0.6701, 0.73315, 0.11166, 0.02948,,,
 11:50:03.061,d2:03:b8:43:8d:44, 2015-01-01 00:04:57.685, -0.104, 0.985, -0.095, 1.282, -1.892, -3.418, , , , , , , 95.674, 6.411, 11.827, 0.000, 0.000, 0.000,, 0.6701, 0.73315, 0.11166, 0.02948,,,
 11:50:03.061,d2:03:b8:43:8d:44, 2015-01-01 00:04:57.685, -0.114, 0.988, -0.1, 1.282, -0.427, -3.845, , , , , , , 95.685, 6.449, 11.821, 0.000, 0.000, 0.000,, 0.6701, 0.73315, 0.11166, 0.02948,,,
 11:50:03.062,d2:03:b8:43:8d:44, 2015-01-01 00:04:57.685, -0.119, 0.99, -0.1, 1.343, 0.122, -3.296, , , , , , , 95.696, 6.487, 11.821, 0.000, 0.000, 0.000,, 0.6701, 0.73315, 0.11166, 0.02948,,,
 11:50:03.062,d2:03:b8:43:8d:44, 2015-01-01 00:04:57.685, -0.132, 0.992, -0.1, 0.977, 1.526, -1.282, , , , , , , 95.707, 6.509, 11.832, 0.000, 0.000, 0.000,, 0.6701, 0.73315, 0.11166, 0.02948,,,
 11:50:03.062,d2:03:b8:43:8d:44, 2015-01-01 00:04:57.685, -0.132, 0.99, -0.092, 1.953, 1.221, 1.16, , , , , , , 95.724, 6.509, 11.843, 0.000, 0.000, 0.000,, 0.6701, 0.73315, 0.11166, 0.02948,,,
 11:50:03.062,d2:03:b8:43:8d:44, 2015-01-01 00:04:57.685, -0.122, 0.988, -0.09, 3.357, 0.61, 4.211, , , , , , , 95.751, 6.476, 11.849, 0.000, 0.000, 0.000,, 0.6701, 0.73315, 0.11166, 0.02948,,,
 11:50:03.063,d2:03:b8:43:8d:44, 2015-01-01 00:04:57.685, -0.103, 0.987, -0.09, 5.127, 0.305, 6.226, , , , , , , 95.795, 6.422, 11.843, 0.000, 0.000, 0.000,, 0.6701, 0.73315, 0.11166, 0.02948,,,
 11:50:03.063,d2:03:b8:43:8d:44, 2015-01-01 00:04:57.685, -0.089, 0.982, -0.088, 6.714, 2.441, 5.31, , , , , , , 95.856, 6.361, 11.86, 0.000, 0.000, 0.000,, 0.6701, 0.73315, 0.11166, 0.02948,,,
 11:50:03.063,d2:03:b8:43:8d:44, 2015-01-01 00:04:57.685, -0.09, 0.976, -0.084, 9.583, -0.488, 0, , , , , , , 95.938, 6.334, 11.86, 0.000, 0.000, 0.000,, 0.6701, 0.73315, 0.11166, 0.02948,,,
 11:50:03.064,d2:03:b8:43:8d:44, 2015-01-01 00:04:57.685, -0.107, 0.976, -0.092, 12.085, -1.648, -6.836, , , , , , , 96.048, 6.372, 11.849, 0.000, 0.000, 0.000,, 0.6701, 0.73315, 0.11166, 0.02948,,,
 11:50:03.064,d2:03:b8:43:8d:44, 2015-01-01 00:04:57.685, -0.113, 0.986, -0.103, 12.695, -2.625, -8.85, , , , , , , 96.169, 6.46, 11.838, 0.000, 0.000, 0.000,, 0.6701, 0.73315, 0.11166, 0.02948,,,
 11:50:03.064,d2:03:b8:43:8d:44, 2015-01-01 00:04:57.685, -0.12, 0.993, -0.116, 11.841, -1.953, -7.568, , , , , , , 96.29, 6.548, 11.821, 0.000, 0.000, 0.000,, 0.6701, 0.73315, 0.11166, 0.02948,,,
 11:50:03.065,d2:03:b8:43:8d:44, 2015-01-01 00:04:57.685, -0.118, 0.99, -0.117, 10.62, -1.892, -5.798, , , , , , , 96.4, 6.614, 11.805, 0.000, 0.000, 0.000,, 0.6701, 0.73315, 0.11166, 0.02948,,,
 11:50:03.065,d2:03:b8:43:8d:44, 2015-01-01 00:04:57.685, -0.122, 0.991, -0.123, 8.972, -0.488, -4.028, , , , , , , 96.493, 6.663, 11.799, 0.000, 0.000, 0.000,, 0.6701, 0.73315, 0.11166, 0.02948,,,
 11:50:03.097,d2:03:b8:43:8d:44, 2015-01-01 00:04:57.685, -0.111, 0.989, -0.12, 7.812, -0.061, -1.953, , , , , , , 96.575, 6.696, 11.799, 0.000, 0.000, 0.000,, 0.6701, 0.73315, 0.11166, 0.02948,,,
 11:50:03.097,d2:03:b8:43:8d:44, 2015-01-01 00:04:57.685, -0.103, 0.985, -0.119, 6.958, 0.793, -1.77, , , , , , , 96.652, 6.707, 11.805, 0.000, 0.000, 0.000,, 0.6701, 0.73315, 0.11166, 0.02948,,,
 11:50:03.097,d2:03:b8:43:8d:44, 2015-01-01 00:04:57.685, -0.111, 0.98, -0.116, 6.897, 0.793, -4.639, , , , , , , 96.718, 6.74, 11.816, 0.000, 0.000, 0.000,, 0.6701, 0.73315, 0.11166, 0.02948,,,
 11:50:03.097,d2:03:b8:43:8d:44, 2015-01-01 00:04:57.685, -0.114, 0.982, -0.115, 7.141, 0.122, -7.263, , , , , , , 96.79, 6.806, 11.827, 0.000, 0.000, 0.000,, 0.6701, 0.73315, 0.11166, 0.02948,,,
 11:50:03.226,d2:03:b8:43:8d:44, 2015-01-01 00:04:57.685, -0.113, 0.981, -0.113, 7.629, -0.854, -8.85, , , , , , , 96.866, 6.883, 11.832, 0.000, 0.000, 0.000,, 0.6701, 0.73315, 0.11166, 0.02948,,,
 11:50:03.278,d2:03:b8:43:8d:44, 2015-01-01 00:04:57.685, -0.144, 0.981, -0.116, 8.362, -2.258, -11.475, , , , , , , 96.943, 6.987, 11.827, 0.000, 0.000, 0.000,, 0.6701, 0.73315, 0.11166, 0.02948,,,
 11:50:03.279,d2:03:b8:43:8d:44, 2015-01-01 00:04:57.685, -0.15, 0.993, -0.133, 7.324, -2.625, -8.545, , , , , , , 97.026, 7.103, 11.81, 0.000, 0.000, 0.000,, 0.66162, 0.74042, 0.11536, 0.02454,,,
 11:50:03.279,d2:03:b8:43:8d:44, 2015-01-01 00:04:57.685, -0.138, 0.995, -0.139, 4.7, -1.526, -2.075, , , , , , , 97.081, 7.152, 11.788, 0.000, 0.000, 0.000,, 0.66162, 0.74042, 0.11536, 0.02454,,,
 11:50:03.295,d2:03:b8:43:8d:44, 2015-01-01 00:04:57.685, -0.121, 0.991, -0.132, 2.808, -0.549, 2.686, , , , , , , 97.114, 7.147, 11.783, 0.000, 0.000, 0.000,, 0.66162, 0.74042, 0.11536, 0.02454,,,
 11:50:03.295,d2:03:b8:43:8d:44, 2015-01-01 00:04:57.685, -0.128, 0.985, -0.13, 1.892, 0.977, 2.747, , , , , , , 97.136, 7.114, 11.777, 0.000, 0.000, 0.000,, 0.66162, 0.74042, 0.11536, 0.02454,,,
 11:50:03.295,d2:03:b8:43:8d:44, 2015-01-01 00:04:57.685, -0.134, 0.985, -0.126, 1.526, 1.465, 3.357, , , , , , , 97.152, 7.086, 11.783, 0.000, 0.000, 0.000,, 0.66162, 0.74042, 0.11536, 0.02454,,,
 11:50:03.296,d2:03:b8:43:8d:44, 2015-01-01 00:04:57.685, -0.133, 0.987, -0.125, 1.282, 1.343, 5.127, , , , , , , 97.169, 7.042, 11.794, 0.000, 0.000, 0.000,, 0.66162, 0.74042, 0.11536, 0.02454,,,
 11:50:03.296,d2:03:b8:43:8d:44, 2015-01-01 00:04:57.685, -0.121, 0.984, -0.127, 0.732, 0.671, 6.958, , , , , , , 97.174, 6.976, 11.794, 0.000, 0.000, 0.000,, 0.66162, 0.74042, 0.11536, 0.02454,,,
 11:50:03.296,d2:03:b8:43:8d:44, 2015-01-01 00:04:57.685, -0.112, 0.986, -0.13, -0.244, 1.343, 8.24, , , , , , , 97.174, 6.899, 11.794, 0.000, 0.000, 0.000,, 0.66162, 0.74042, 0.11536, 0.02454,,,
 11:50:03.296,d2:03:b8:43:8d:44, 2015-01-01 00:04:57.685, -0.104, 0.982, -0.125, -0.732, 0.977, 7.263, , , , , , , 97.169, 6.823, 11.794, 0.000, 0.000, 0.000,, 0.66162, 0.74042, 0.11536, 0.02454,,,
 11:50:03.297,d2:03:b8:43:8d:44, 2015-01-01 00:04:57.685, -0.116, 0.984, -0.128, -1.343, 1.587, 4.578, , , , , , , 97.158, 6.762, 11.799, 0.000, 0.000, 0.000,, 0.66162, 0.74042, 0.11536, 0.02454,,,
 11:50:03.297,d2:03:b8:43:8d:44, 2015-01-01 00:04:57.685, -0.118, 0.983, -0.125, -1.831, 1.282, 3.845, , , , , , , 97.141, 6.718, 11.81, 0.000, 0.000, 0.000,, 0.66162, 0.74042, 0.11536, 0.02454,,,
 11:50:03.297,d2:03:b8:43:8d:44, 2015-01-01 00:04:57.685, -0.116, 0.985, -0.125, -2.075, 0.854, 4.333, , , , , , , 97.125, 6.68, 11.81, 0.000, 0.000, 0.000,, 0.66162, 0.74042, 0.11536, 0.02454,,,
 11:50:03.297,d2:03:b8:43:8d:44, 2015-01-01 00:04:57.685, -0.112, 0.984, -0.127, -2.502, 0.671, 4.456, , , , , , , 97.097, 6.63, 11.81, 0.000, 0.000, 0.000,, 0.66162, 0.74042, 0.11536, 0.02454,,,
 11:50:03.298,d2:03:b8:43:8d:44, 2015-01-01 00:04:57.685, -0.114, 0.986, -0.128, -3.174, 1.465, 4.517, , , , , , , 97.07, 6.586, 11.816, 0.000, 0.000, 0.000,, 0.66162, 0.74042, 0.11536, 0.02454,,,
 11:50:03.314,d2:03:b8:43:8d:44, 2015-01-01 00:04:57.685, -0.111, 0.984, -0.123, -3.296, 1.77, 4.456, , , , , , , 97.037, 6.542, 11.827, 0.000, 0.000, 0.000,, 0.66162, 0.74042, 0.11536, 0.02454,,,
 11:50:03.314,d2:03:b8:43:8d:44, 2015-01-01 00:04:57.685, -0.111, 0.984, -0.118, -2.93, 1.77, 3.967, , , , , , , 97.004, 6.498, 11.838, 0.000, 0.000, 0.000,, 0.66162, 0.74042, 0.11536, 0.02454,,,
 11:50:03.314,d2:03:b8:43:8d:44, 2015-01-01 00:04:57.685, -0.113, 0.982, -0.115, -2.014, 1.282, 2.869, , , , , , , 96.982, 6.46, 11.849, 0.000, 0.000, 0.000,, 0.66162, 0.74042, 0.11536, 0.02454,,,
 11:50:03.315,d2:03:b8:43:8d:44, 2015-01-01 00:04:57.685, -0.113, 0.984, -0.116, -1.221, 0.488, 2.197, , , , , , , 96.965, 6.438, 11.854, 0.000, 0.000, 0.000,, 0.66162, 0.74042, 0.11536, 0.02454,,,
 11:50:03.330,d2:03:b8:43:8d:44, 2015-01-01 00:04:57.685, -0.107, 0.985, -0.118, -0.793, 0.122, 2.625, , , , , , , 96.954, 6.411, 11.849, 0.000, 0.000, 0.000,, 0.66162, 0.74042, 0.11536, 0.02454,,,
 11:50:03.330,d2:03:b8:43:8d:44, 2015-01-01 00:04:58.100, -0.105, 0.983, -0.114, 0, -0.305, 1.587, , , , , , , 96.949, 6.389, 11.849, 0.000, 0.000, 0.000,, 0.66162, 0.74042, 0.11536, 0.02454,,,
 11:50:03.330,d2:03:b8:43:8d:44, 2015-01-01 00:04:58.100, -0.104, 0.98, -0.112, 1.343, -0.977, -0.549, , , , , , , 96.954, 6.389, 11.838, 0.000, 0.000, 0.000,, 0.66162, 0.74042, 0.11536, 0.02454,,,
 11:50:03.331,d2:03:b8:43:8d:44, 2015-01-01 00:04:58.100, -0.108, 0.982, -0.115, 2.319, -1.77, -2.38, , , , , , , 96.971, 6.405, 11.821, 0.000, 0.000, 0.000,, 0.66162, 0.74042, 0.11536, 0.02454,,,
 11:50:03.492,d2:03:b8:43:8d:44, 2015-01-01 00:04:58.100, -0.114, 0.982, -0.119, 2.686, -2.136, -3.662, , , , , , , 96.993, 6.443, 11.805, 0.000, 0.000, 0.000,, 0.66162, 0.74042, 0.11536, 0.02454,,,
 11:50:03.549,d2:03:b8:43:8d:44, 2015-01-01 00:04:58.100, -0.121, 0.987, -0.124, 2.441, -2.014, -3.662, , , , , , , 97.015, 6.482, 11.788, 0.000, 0.000, 0.000,, 0.66162, 0.74042, 0.11536, 0.02454,,,
 11:50:03.549,d2:03:b8:43:8d:44, 2015-01-01 00:04:58.100, -0.117, 0.988, -0.125, 1.77, -1.892, -2.197, , , , , , , 97.037, 6.515, 11.772, 0.000, 0.000, 0.000,, 0.66162, 0.74042, 0.11536, 0.02454,,,
 11:50:03.549,d2:03:b8:43:8d:44, 2015-01-01 00:04:58.100, -0.118, 0.989, -0.129, 0.732, -0.977, -0.549, , , , , , , 97.048, 6.531, 11.755, 0.000, 0.000, 0.000,, 0.66162, 0.74042, 0.11536, 0.02454,,,
 11:50:03.565,d2:03:b8:43:8d:44, 2015-01-01 00:04:58.100, -0.117, 0.987, -0.128, -0.183, -0.244, 0.671, , , , , , , 97.048, 6.531, 11.75, 0.000, 0.000, 0.000,, 0.66162, 0.74042, 0.11536, 0.02454,,,
 11:50:03.565,d2:03:b8:43:8d:44, 2015-01-01 00:04:58.100, -0.119, 0.988, -0.125, -0.793, 0.183, 1.831, , , , , , , 97.037, 6.515, 11.744, 0.000, 0.000, 0.000,, 0.66162, 0.74042, 0.11536, 0.02454,,,
 11:50:03.565,d2:03:b8:43:8d:44, 2015-01-01 00:04:58.100, -0.117, 0.985, -0.122, -0.793, 0.183, 2.747, , , , , , , 97.031, 6.493, 11.744, 0.000, 0.000, 0.000,, 0.66162, 0.74042, 0.11536, 0.02454,,,
 11:50:03.565,d2:03:b8:43:8d:44, 2015-01-01 00:04:58.100, -0.115, 0.985, -0.118, -0.305, -0.427, 3.418, , , , , , , 97.02, 6.46, 11.739, 0.000, 0.000, 0.000,, 0.66162, 0.74042, 0.11536, 0.02454,,,
 11:50:03.567,d2:03:b8:43:8d:44, 2015-01-01 00:04:58.100, -0.112, 0.985, -0.12, -0.061, -0.977, 3.601, , , , , , , 97.02, 6.427, 11.722, 0.000, 0.000, 0.000,, 0.66162, 0.74042, 0.11536, 0.02454,,,
 11:50:03.567,d2:03:b8:43:8d:44, 2015-01-01 00:04:58.100, -0.106, 0.986, -0.122, -0.244, -1.221, 3.784, , , , , , , 97.015, 6.394, 11.706, 0.000, 0.000, 0.000,, 0.66162, 0.74042, 0.11536, 0.02454,,,
 11:50:03.567,d2:03:b8:43:8d:44, 2015-01-01 00:04:58.100, -0.105, 0.985, -0.123, -0.427, -0.488, 3.601, , , , , , , 97.009, 6.356, 11.689, 0.000, 0.000, 0.000,, 0.66162, 0.74042, 0.11536, 0.02454,,,
 11:50:03.567,d2:03:b8:43:8d:44, 2015-01-01 00:04:58.100, -0.11, 0.984, -0.121, -0.427, -0.61, 2.441, , , , , , , 96.998, 6.328, 11.678, 0.000, 0.000, 0.000,, 0.66162, 0.74042, 0.11536, 0.02454,,,
 11:50:03.567,d2:03:b8:43:8d:44, 2015-01-01 00:04:58.100, -0.113, 0.986, -0.124, -0.793, -0.488, 2.014, , , , , , , 96.993, 6.306, 11.673, 0.000, 0.000, 0.000,, 0.66162, 0.74042, 0.11536, 0.02454,,,
 11:50:03.567,d2:03:b8:43:8d:44, 2015-01-01 00:04:58.100, -0.109, 0.987, -0.123, -1.221, -1.038, 2.808, , , , , , , 96.982, 6.284, 11.656, 0.000, 0.000, 0.000,, 0.66162, 0.74042, 0.11536, 0.02454,,,
 11:50:03.568,d2:03:b8:43:8d:44, 2015-01-01 00:04:58.100, -0.108, 0.985, -0.12, -1.343, -0.854, 2.869, , , , , , , 96.965, 6.257, 11.646, 0.000, 0.000, 0.000,, 0.66162, 0.74042, 0.11536, 0.02454,,,
 11:50:03.568,d2:03:b8:43:8d:44, 2015-01-01 00:04:58.100, -0.101, 0.985, -0.118, -1.038, -1.099, 2.563, , , , , , , 96.949, 6.229, 11.629, 0.000, 0.000, 0.000,, 0.66162, 0.74042, 0.11536, 0.02454,,,
 11:50:03.568,d2:03:b8:43:8d:44, 2015-01-01 00:04:58.100, -0.103, 0.985, -0.119, -0.671, -0.366, 1.953, , , , , , , 96.938, 6.207, 11.618, 0.000, 0.000, 0.000,, 0.66162, 0.74042, 0.11536, 0.02454,,,
 11:50:03.569,d2:03:b8:43:8d:44, 2015-01-01 00:04:58.100, -0.109, 0.984, -0.117, 0, -0.61, 0.305, , , , , , , 96.932, 6.196, 11.607, 0.000, 0.000, 0.000,, 0.66162, 0.74042, 0.11536, 0.02454,,,
 11:50:03.569,d2:03:b8:43:8d:44, 2015-01-01 00:04:58.100, -0.114, 0.985, -0.118, 0.366, -0.427, 0.061, , , , , , , 96.932, 6.196, 11.602, 0.000, 0.000, 0.000,, 0.66162, 0.74042, 0.11536, 0.02454,,,
 11:50:03.569,d2:03:b8:43:8d:44, 2015-01-01 00:04:58.100, -0.111, 0.986, -0.118, 0.732, -0.549, 1.16, , , , , , , 96.938, 6.191, 11.596, 0.000, 0.000, 0.000,, 0.66162, 0.74042, 0.11536, 0.02454,,,
 11:50:03.585,d2:03:b8:43:8d:44, 2015-01-01 00:04:58.100, -0.109, 0.985, -0.118, 1.343, -1.099, 1.831, , , , , , , 96.949, 6.18, 11.58, 0.000, 0.000, 0.000,, 0.66162, 0.74042, 0.11536, 0.02454,,,
 11:50:03.585,d2:03:b8:43:8d:44, 2015-01-01 00:04:58.100, -0.115, 0.985, -0.121, 1.587, -1.282, 2.075, , , , , , , 96.96, 6.158, 11.563, 0.000, 0.000, 0.000,, 0.66162, 0.74042, 0.11536, 0.02454,,,
 11:50:03.585,d2:03:b8:43:8d:44, 2015-01-01 00:04:58.100, -0.123, 0.987, -0.121, 1.77, -1.526, 3.052, , , , , , , 96.976, 6.136, 11.547, 0.000, 0.000, 0.000,, 0.66162, 0.74042, 0.11536, 0.02454,,,
 11:50:03.586,d2:03:b8:43:8d:44, 2015-01-01 00:04:58.100, -0.121, 0.99, -0.122, 1.526, -2.075, 6.104, , , , , , , 96.987, 6.092, 11.525, 0.000, 0.000, 0.000,, 0.66162, 0.74042, 0.11536, 0.02454,,,
 11:50:03.719,d2:03:b8:43:8d:44, 2015-01-01 00:04:58.100, -0.112, 0.991, -0.123, 1.221, -2.197, 9.644, , , , , , , 96.998, 6.015, 11.492, 0.000, 0.000, 0.000,, 0.66162, 0.74042, 0.11536, 0.02454,,,
 11:50:03.766,d2:03:b8:43:8d:44, 2015-01-01 00:04:58.100, -0.093, 0.986, -0.121, 0.916, -3.174, 11.475, , , , , , , 97.004, 5.911, 11.448, 0.000, 0.000, 0.000,, 0.66223, 0.74133, 0.10379, 0.03149,,,
 11:50:03.766,d2:03:b8:43:8d:44, 2015-01-01 00:04:58.520, -0.089, 0.985, -0.125, 0.732, -2.625, 10.681, , , , , , , 97.004, 5.806, 11.404, 0.000, 0.000, 0.000,, 0.66223, 0.74133, 0.10379, 0.03149,,,
 11:50:03.767,d2:03:b8:43:8d:44, 2015-01-01 00:04:58.520, -0.092, 0.985, -0.123, 0.732, -1.648, 8.484, , , , , , , 97.009, 5.713, 11.365, 0.000, 0.000, 0.000,, 0.66223, 0.74133, 0.10379, 0.03149,,,
 11:50:03.783,d2:03:b8:43:8d:44, 2015-01-01 00:04:58.520, -0.095, 0.988, -0.126, 0.305, -0.122, 7.935, , , , , , , 97.015, 5.636, 11.349, 0.000, 0.000, 0.000,, 0.66223, 0.74133, 0.10379, 0.03149,,,
 11:50:03.783,d2:03:b8:43:8d:44, 2015-01-01 00:04:58.520, -0.091, 0.987, -0.123, 0, 0.549, 8.179, , , , , , , 97.009, 5.554, 11.338, 0.000, 0.000, 0.000,, 0.66223, 0.74133, 0.10379, 0.03149,,,
 11:50:03.783,d2:03:b8:43:8d:44, 2015-01-01 00:04:58.520, -0.093, 0.986, -0.123, -0.244, 0.732, 7.202, , , , , , , 97.009, 5.477, 11.338, 0.000, 0.000, 0.000,, 0.66223, 0.74133, 0.10379, 0.03149,,,
 11:50:03.783,d2:03:b8:43:8d:44, 2015-01-01 00:04:58.520, -0.095, 0.986, -0.124, -0.427, 0.366, 6.042, , , , , , , 97.004, 5.411, 11.332, 0.000, 0.000, 0.000,, 0.66223, 0.74133, 0.10379, 0.03149,,,
 11:50:03.783,d2:03:b8:43:8d:44, 2015-01-01 00:04:58.520, -0.095, 0.99, -0.126, -1.221, 0.977, 6.592, , , , , , , 96.993, 5.35, 11.332, 0.000, 0.000, 0.000,, 0.66223, 0.74133, 0.10379, 0.03149,,,
 11:50:03.784,d2:03:b8:43:8d:44, 2015-01-01 00:04:58.520, -0.081, 0.987, -0.121, -1.404, 0.671, 7.385, , , , , , , 96.982, 5.279, 11.327, 0.000, 0.000, 0.000,, 0.66223, 0.74133, 0.10379, 0.03149,,,
 11:50:03.784,d2:03:b8:43:8d:44, 2015-01-01 00:04:58.520, -0.084, 0.985, -0.119, -1.099, 1.16, 6.104, , , , , , , 96.965, 5.208, 11.327, 0.000, 0.000, 0.000,, 0.66223, 0.74133, 0.10379, 0.03149,,,
 11:50:03.784,d2:03:b8:43:8d:44, 2015-01-01 00:04:58.520, -0.086, 0.981, -0.111, 0.366, -0.122, 2.625, , , , , , , 96.96, 5.164, 11.327, 0.000, 0.000, 0.000,, 0.66223, 0.74133, 0.10379, 0.03149,,,
 11:50:03.784,d2:03:b8:43:8d:44, 2015-01-01 00:04:58.520, -0.087, 0.984, -0.115, 1.587, -0.671, 1.282, , , , , , , 96.971, 5.147, 11.321, 0.000, 0.000, 0.000,, 0.66223, 0.74133, 0.10379, 0.03149,,,
 11:50:03.784,d2:03:b8:43:8d:44, 2015-01-01 00:04:58.520, -0.087, 0.985, -0.119, 1.953, -0.793, 0.793, , , , , , , 96.987, 5.142, 11.31, 0.000, 0.000, 0.000,, 0.66223, 0.74133, 0.10379, 0.03149,,,
 11:50:03.784,d2:03:b8:43:8d:44, 2015-01-01 00:04:58.520, -0.089, 0.987, -0.122, 2.075, -0.793, 0, , , , , , , 97.004, 5.136, 11.299, 0.000, 0.000, 0.000,, 0.66223, 0.74133, 0.10379, 0.03149,,,
 11:50:03.784,d2:03:b8:43:8d:44, 2015-01-01 00:04:58.520, -0.085, 0.987, -0.121, 2.014, -1.16, 0.183, , , , , , , 97.026, 5.136, 11.288, 0.000, 0.000, 0.000,, 0.66223, 0.74133, 0.10379, 0.03149,,,
 11:50:03.785,d2:03:b8:43:8d:44, 2015-01-01 00:04:58.520, -0.088, 0.988, -0.123, 1.831, -1.16, -0.427, , , , , , , 97.042, 5.142, 11.277, 0.000, 0.000, 0.000,, 0.66223, 0.74133, 0.10379, 0.03149,,,
 11:50:03.785,d2:03:b8:43:8d:44, 2015-01-01 00:04:58.520, -0.09, 0.988, -0.128, 1.16, -0.854, -0.854, , , , , , , 97.059, 5.153, 11.261, 0.000, 0.000, 0.000,, 0.66223, 0.74133, 0.10379, 0.03149,,,
 11:50:03.786,d2:03:b8:43:8d:44, 2015-01-01 00:04:58.520, -0.093, 0.993, -0.131, -0.305, 0.366, 0.671, , , , , , , 97.059, 5.153, 11.261, 0.000, 0.000, 0.000,, 0.66223, 0.74133, 0.10379, 0.03149,,,
 11:50:03.786,d2:03:b8:43:8d:44, 2015-01-01 00:04:58.520, -0.091, 0.988, -0.125, -1.282, 0.61, 1.465, , , , , , , 97.048, 5.142, 11.266, 0.000, 0.000, 0.000,, 0.66223, 0.74133, 0.10379, 0.03149,,,
 11:50:03.817,d2:03:b8:43:8d:44, 2015-01-01 00:04:58.520, -0.091, 0.987, -0.12, -1.038, 0.671, 1.526, , , , , , , 97.037, 5.125, 11.266, 0.000, 0.000, 0.000,, 0.66223, 0.74133, 0.10379, 0.03149,,,
 11:50:03.817,d2:03:b8:43:8d:44, 2015-01-01 00:04:58.520, -0.091, 0.983, -0.113, 0.061, -0.366, 0.732, , , , , , , 97.031, 5.114, 11.266, 0.000, 0.000, 0.000,, 0.66223, 0.74133, 0.10379, 0.03149,,,
 11:50:03.817,d2:03:b8:43:8d:44, 2015-01-01 00:04:58.520, -0.092, 0.985, -0.113, 1.587, -1.648, -0.366, , , , , , , 97.037, 5.114, 11.255, 0.000, 0.000, 0.000,, 0.66223, 0.74133, 0.10379, 0.03149,,,
 11:50:03.817,d2:03:b8:43:8d:44, 2015-01-01 00:04:58.520, -0.089, 0.985, -0.117, 2.563, -2.808, -0.488, , , , , , , 97.059, 5.12, 11.228, 0.000, 0.000, 0.000,, 0.66223, 0.74133, 0.10379, 0.03149,,,
 11:50:03.987,d2:03:b8:43:8d:44, 2015-01-01 00:04:58.520, -0.089, 0.988, -0.122, 2.808, -3.174, -0.61, , , , , , , 97.081, 5.131, 11.201, 0.000, 0.000, 0.000,, 0.66223, 0.74133, 0.10379, 0.03149,,,
 11:50:04.046,d2:03:b8:43:8d:44, 2015-01-01 00:04:58.520, -0.085, 0.989, -0.128, 2.136, -2.686, -0.061, , , , , , , 97.103, 5.142, 11.168, 0.000, 0.000, 0.000,, 0.66223, 0.74133, 0.10379, 0.03149,,,
 11:50:04.046,d2:03:b8:43:8d:44, 2015-01-01 00:04:58.520, -0.08, 0.989, -0.127, 1.465, -1.526, 0.366, , , , , , , 97.119, 5.142, 11.146, 0.000, 0.000, 0.000,, 0.66223, 0.74133, 0.10379, 0.03149,,,
 11:50:04.046,d2:03:b8:43:8d:44, 2015-01-01 00:04:58.520, -0.083, 0.984, -0.125, 1.343, -0.61, -0.793, , , , , , , 97.13, 5.142, 11.135, 0.000, 0.000, 0.000,, 0.66223, 0.74133, 0.10379, 0.03149,,,
 11:50:04.062,d2:03:b8:43:8d:44, 2015-01-01 00:04:58.520, -0.092, 0.984, -0.121, 1.892, -0.732, -3.052, , , , , , , 97.147, 5.164, 11.129, 0.000, 0.000, 0.000,, 0.66223, 0.74133, 0.10379, 0.03149,,,
 11:50:04.062,d2:03:b8:43:8d:44, 2015-01-01 00:04:58.520, -0.093, 0.986, -0.123, 2.075, -1.404, -3.479, , , , , , , 97.163, 5.202, 11.118, 0.000, 0.000, 0.000,, 0.66223, 0.74133, 0.10379, 0.03149,,,
 11:50:04.062,d2:03:b8:43:8d:44, 2015-01-01 00:04:58.520, -0.097, 0.988, -0.126, 1.77, -1.648, -2.93, , , , , , , 97.185, 5.235, 11.107, 0.000, 0.000, 0.000,, 0.66223, 0.74133, 0.10379, 0.03149,,,
 11:50:04.062,d2:03:b8:43:8d:44, 2015-01-01 00:04:58.520, -0.097, 0.988, -0.129, 1.221, -1.587, -2.319, , , , , , , 97.196, 5.262, 11.091, 0.000, 0.000, 0.000,, 0.66223, 0.74133, 0.10379, 0.03149,,,
 11:50:04.062,d2:03:b8:43:8d:44, 2015-01-01 00:04:58.520, -0.093, 0.991, -0.128, 0.549, -0.977, -0.671, , , , , , , 97.202, 5.279, 11.08, 0.000, 0.000, 0.000,, 0.66223, 0.74133, 0.10379, 0.03149,,,
 11:50:04.063,d2:03:b8:43:8d:44, 2015-01-01 00:04:58.520, -0.085, 0.986, -0.124, 0.488, -0.977, 0, , , , , , , 97.207, 5.284, 11.069, 0.000, 0.000, 0.000,, 0.66223, 0.74133, 0.10379, 0.03149,,,
 11:50:04.063,d2:03:b8:43:8d:44, 2015-01-01 00:04:58.520, -0.091, 0.985, -0.126, 0.488, -0.61, -1.16, , , , , , , 97.207, 5.29, 11.063, 0.000, 0.000, 0.000,, 0.66223, 0.74133, 0.10379, 0.03149,,,
 11:50:04.063,d2:03:b8:43:8d:44, 2015-01-01 00:04:58.520, -0.096, 0.987, -0.129, 0.244, -0.183, -1.709, , , , , , , 97.213, 5.306, 11.058, 0.000, 0.000, 0.000,, 0.66223, 0.74133, 0.10379, 0.03149,,,
 11:50:04.063,d2:03:b8:43:8d:44, 2015-01-01 00:04:58.520, -0.097, 0.989, -0.127, -0.122, 0, -0.977, , , , , , , 97.213, 5.323, 11.058, 0.000, 0.000, 0.000,, 0.66223, 0.74133, 0.10379, 0.03149,,,
 11:50:04.072,d2:03:b8:43:8d:44, 2015-01-01 00:04:58.520, -0.092, 0.986, -0.126, -0.366, -0.061, 0, , , , , , , 97.207, 5.328, 11.058, 0.000, 0.000, 0.000,, 0.66223, 0.74133, 0.10379, 0.03149,,,
 11:50:04.072,d2:03:b8:43:8d:44, 2015-01-01 00:04:58.520, -0.095, 0.987, -0.126, -0.671, -0.427, -0.061, , , , , , , 97.202, 5.328, 11.052, 0.000, 0.000, 0.000,, 0.66223, 0.74133, 0.10379, 0.03149,,,
 11:50:04.073,d2:03:b8:43:8d:44, 2015-01-01 00:04:58.520, -0.098, 0.986, -0.127, -1.099, -0.61, -0.122, , , , , , , 97.191, 5.328, 11.047, 0.000, 0.000, 0.000,, 0.66223, 0.74133, 0.10379, 0.03149,,,
 11:50:04.073,d2:03:b8:43:8d:44, 2015-01-01 00:04:58.520, -0.09, 0.989, -0.127, -1.648, -0.916, 0.977, , , , , , , 97.174, 5.328, 11.036, 0.000, 0.000, 0.000,, 0.66223, 0.74133, 0.10379, 0.03149,,,
 11:50:04.074,d2:03:b8:43:8d:44, 2015-01-01 00:04:58.520, -0.093, 0.988, -0.13, -2.502, 0.122, 1.648, , , , , , , 97.152, 5.312, 11.025, 0.000, 0.000, 0.000,, 0.66223, 0.74133, 0.10379, 0.03149,,,
 11:50:04.074,d2:03:b8:43:8d:44, 2015-01-01 00:04:58.520, -0.096, 0.986, -0.122, -2.38, -0.305, 0.854, , , , , , , 97.125, 5.301, 11.025, 0.000, 0.000, 0.000,, 0.66223, 0.74133, 0.10379, 0.03149,,,
 11:50:04.074,d2:03:b8:43:8d:44, 2015-01-01 00:04:58.520, -0.095, 0.986, -0.122, -2.136, -0.916, 1.038, , , , , , , 97.103, 5.295, 11.014, 0.000, 0.000, 0.000,, 0.66223, 0.74133, 0.10379, 0.03149,,,
 11:50:04.153,d2:03:b8:43:8d:44, 2015-01-01 00:04:58.520, -0.095, 0.989, -0.124, -2.319, -1.16, 1.648, , , , , , , 97.075, 5.284, 10.997, 0.000, 0.000, 0.000,, 0.66266, 0.74142, 0.10098, 0.02979,,,
 11:50:04.154,d2:03:b8:43:8d:44, 2015-01-01 00:04:58.905, -0.093, 0.988, -0.126, -2.808, -1.099, 2.38, , , , , , , 97.048, 5.262, 10.986, 0.000, 0.000, 0.000,, 0.66266, 0.74142, 0.10098, 0.02979,,,
 11:50:04.154,d2:03:b8:43:8d:44, 2015-01-01 00:04:58.905, -0.094, 0.99, -0.127, -3.662, -0.244, 3.235, , , , , , , 97.015, 5.235, 10.975, 0.000, 0.000, 0.000,, 0.66266, 0.74142, 0.10098, 0.02979,,,
 11:50:04.154,d2:03:b8:43:8d:44, 2015-01-01 00:04:58.905, -0.097, 0.988, -0.122, -3.906, 0.122, 3.845, , , , , , , 96.971, 5.202, 10.97, 0.000, 0.000, 0.000,, 0.66266, 0.74142, 0.10098, 0.02979,,,
 11:50:04.180,d2:03:b8:43:8d:44, 2015-01-01 00:04:58.905, -0.095, 0.987, -0.118, -3.723, -0.549, 3.967, , , , , , , 96.932, 5.164, 10.959, 0.000, 0.000, 0.000,, 0.66266, 0.74142, 0.10098, 0.02979,,,
 11:50:04.180,d2:03:b8:43:8d:44, 2015-01-01 00:04:58.905, -0.091, 0.988, -0.116, -3.357, -0.793, 5.005, , , , , , , 96.894, 5.12, 10.948, 0.000, 0.000, 0.000,, 0.66266, 0.74142, 0.10098, 0.02979,,,
 11:50:04.181,d2:03:b8:43:8d:44, 2015-01-01 00:04:58.905, -0.084, 0.986, -0.114, -2.563, -1.831, 4.761, , , , , , , 96.861, 5.07, 10.926, 0.000, 0.000, 0.000,, 0.66266, 0.74142, 0.10098, 0.02979,,,
 11:50:04.181,d2:03:b8:43:8d:44, 2015-01-01 00:04:58.905, -0.079, 0.984, -0.114, -1.892, -1.831, 3.784, , , , , , , 96.833, 5.032, 10.898, 0.000, 0.000, 0.000,, 0.66266, 0.74142, 0.10098, 0.02979,,,
 11:50:04.181,d2:03:b8:43:8d:44, 2015-01-01 00:04:58.905, -0.078, 0.984, -0.114, -0.916, -2.38, 2.38, , , , , , , 96.817, 5.004, 10.871, 0.000, 0.000, 0.000,, 0.66266, 0.74142, 0.10098, 0.02979,,,
 11:50:04.181,d2:03:b8:43:8d:44, 2015-01-01 00:04:58.905, -0.086, 0.985, -0.116, -0.305, -1.587, 0.793, , , , , , , 96.812, 4.988, 10.849, 0.000, 0.000, 0.000,, 0.66266, 0.74142, 0.10098, 0.02979,,,
 11:50:04.184,d2:03:b8:43:8d:44, 2015-01-01 00:04:58.905, -0.086, 0.986, -0.115, 0.244, -1.221, 0.427, , , , , , , 96.806, 4.988, 10.833, 0.000, 0.000, 0.000,, 0.66266, 0.74142, 0.10098, 0.02979,,,
 11:50:04.184,d2:03:b8:43:8d:44, 2015-01-01 00:04:58.905, -0.09, 0.988, -0.116, 0.671, -0.427, 0.854, , , , , , , 96.812, 4.982, 10.822, 0.000, 0.000, 0.000,, 0.66266, 0.74142, 0.10098, 0.02979,,,
 11:50:04.212,d2:03:b8:43:8d:44, 2015-01-01 00:04:58.905, -0.089, 0.986, -0.114, 1.526, -0.916, 0.732, , , , , , , 96.823, 4.977, 10.816, 0.000, 0.000, 0.000,, 0.66266, 0.74142, 0.10098, 0.02979,,,
 11:50:04.213,d2:03:b8:43:8d:44, 2015-01-01 00:04:58.905, -0.09, 0.987, -0.115, 2.197, -1.038, 0.977, , , , , , , 96.839, 4.966, 10.8, 0.000, 0.000, 0.000,, 0.66266, 0.74142, 0.10098, 0.02979,,,
 11:50:04.213,d2:03:b8:43:8d:44, 2015-01-01 00:04:58.905, -0.087, 0.986, -0.114, 2.991, -1.648, 1.099, , , , , , , 96.861, 4.96, 10.789, 0.000, 0.000, 0.000,, 0.66266, 0.74142, 0.10098, 0.02979,,,
 11:50:04.213,d2:03:b8:43:8d:44, 2015-01-01 00:04:58.905, -0.085, 0.986, -0.115, 3.723, -1.709, 1.221, , , , , , , 96.894, 4.949, 10.767, 0.000, 0.000, 0.000,, 0.66266, 0.74142, 0.10098, 0.02979,,,
 11:50:04.247,d2:03:b8:43:8d:44, 2015-01-01 00:04:58.905, -0.084, 0.986, -0.118, 4.211, -2.075, 0.854, , , , , , , 96.932, 4.944, 10.745, 0.000, 0.000, 0.000,, 0.66266, 0.74142, 0.10098, 0.02979,,,
 11:50:04.247,d2:03:b8:43:8d:44, 2015-01-01 00:04:58.905, -0.088, 0.988, -0.121, 4.395, -1.77, 0.549, , , , , , , 96.971, 4.938, 10.723, 0.000, 0.000, 0.000,, 0.66266, 0.74142, 0.10098, 0.02979,,,
 11:50:04.247,d2:03:b8:43:8d:44, 2015-01-01 00:04:58.905, -0.087, 0.988, -0.122, 4.333, -1.648, 1.038, , , , , , , 97.015, 4.933, 10.701, 0.000, 0.000, 0.000,, 0.66266, 0.74142, 0.10098, 0.02979,,,
 11:50:04.248,d2:03:b8:43:8d:44, 2015-01-01 00:04:58.905, -0.089, 0.989, -0.123, 4.211, -1.465, 1.526, , , , , , , 97.053, 4.922, 10.684, 0.000, 0.000, 0.000,, 0.66266, 0.74142, 0.10098, 0.02979,,,
 11:50:04.264,d2:03:b8:43:8d:44, 2015-01-01 00:04:58.905, -0.085, 0.988, -0.123, 4.028, -1.526, 2.197, , , , , , , 97.092, 4.905, 10.668, 0.000, 0.000, 0.000,, 0.66266, 0.74142, 0.10098, 0.02979,,,
 11:50:04.264,d2:03:b8:43:8d:44, 2015-01-01 00:04:58.905, -0.081, 0.988, -0.124, 3.967, -1.404, 2.563, , , , , , , 97.13, 4.883, 10.646, 0.000, 0.000, 0.000,, 0.66266, 0.74142, 0.10098, 0.02979,,,
 11:50:04.264,d2:03:b8:43:8d:44, 2015-01-01 00:04:58.905, -0.083, 0.986, -0.124, 4.089, -0.977, 1.892, , , , , , , 97.169, 4.861, 10.629, 0.000, 0.000, 0.000,, 0.66266, 0.74142, 0.10098, 0.02979,,,
 11:50:04.265,d2:03:b8:43:8d:44, 2015-01-01 00:04:58.905, -0.082, 0.985, -0.123, 4.456, -0.854, 0.61, , , , , , , 97.213, 4.85, 10.618, 0.000, 0.000, 0.000,, 0.66266, 0.74142, 0.10098, 0.02979,,,
 11:50:04.409,d2:03:b8:43:8d:44, 2015-01-01 00:04:58.905, -0.081, 0.985, -0.123, 4.944, -0.916, 0.366, , , , , , , 97.256, 4.845, 10.607, 0.000, 0.000, 0.000,, 0.66266, 0.74142, 0.10098, 0.02979,,,
 11:50:04.475,d2:03:b8:43:8d:44, 2015-01-01 00:04:58.905, -0.081, 0.986, -0.125, 5.249, -1.038, -0.366, , , , , , , 97.306, 4.85, 10.596, 0.000, 0.000, 0.000,, 0.66266, 0.74142, 0.10098, 0.02979,,,
 11:50:04.476,d2:03:b8:43:8d:44, 2015-01-01 00:04:58.905, -0.084, 0.986, -0.129, 5.188, -0.793, -0.854, , , , , , , 97.355, 4.856, 10.585, 0.000, 0.000, 0.000,, 0.66266, 0.74142, 0.10098, 0.02979,,,
 11:50:04.476,d2:03:b8:43:8d:44, 2015-01-01 00:04:58.905, -0.087, 0.989, -0.13, 4.944, -0.244, -1.038, , , , , , , 97.405, 4.867, 10.58, 0.000, 0.000, 0.000,, 0.66266, 0.74142, 0.10098, 0.02979,,,
 11:50:04.492,d2:03:b8:43:8d:44, 2015-01-01 00:04:58.905, -0.086, 0.988, -0.131, 4.639, 0.061, -0.427, , , , , , , 97.454, 4.878, 10.58, 0.000, 0.000, 0.000,, 0.66266, 0.74142, 0.10098, 0.02979,,,
 11:50:04.492,d2:03:b8:43:8d:44, 2015-01-01 00:04:58.905, -0.09, 0.988, -0.132, 4.211, 0.61, -0.122, , , , , , , 97.498, 4.878, 10.58, 0.000, 0.000, 0.000,, 0.66266, 0.74142, 0.10098, 0.02979,,,
 11:50:04.493,d2:03:b8:43:8d:44, 2015-01-01 00:04:58.905, -0.089, 0.986, -0.133, 3.967, 0.427, 0, , , , , , , 97.537, 4.878, 10.585, 0.000, 0.000, 0.000,, 0.66266, 0.74142, 0.10098, 0.02979,,,
 11:50:04.493,d2:03:b8:43:8d:44, 2015-01-01 00:04:58.905, -0.084, 0.986, -0.131, 3.845, -0.122, 0.427, , , , , , , 97.575, 4.878, 10.585, 0.000, 0.000, 0.000,, 0.66266, 0.74142, 0.10098, 0.02979,,,
 11:50:04.493,d2:03:b8:43:8d:44, 2015-01-01 00:04:58.905, -0.082, 0.985, -0.133, 3.845, -0.427, 0.305, , , , , , , 97.614, 4.872, 10.58, 0.000, 0.000, 0.000,, 0.66266, 0.74142, 0.10098, 0.02979,,,
 11:50:04.494,d2:03:b8:43:8d:44, 2015-01-01 00:04:58.905, -0.086, 0.986, -0.134, 3.662, -0.305, -0.549, , , , , , , 97.652, 4.878, 10.574, 0.000, 0.000, 0.000,, 0.66266, 0.74142, 0.10098, 0.02979,,,
 11:50:04.494,d2:03:b8:43:8d:44, 2015-01-01 00:04:58.905, -0.086, 0.984, -0.133, 3.601, -0.427, -0.61, , , , , , , 97.685, 4.883, 10.569, 0.000, 0.000, 0.000,, 0.66266, 0.74142, 0.10098, 0.02979,,,
 11:50:04.494,d2:03:b8:43:8d:44, 2015-01-01 00:04:58.905, -0.081, 0.986, -0.134, 3.54, -0.61, -0.549, , , , , , , 97.723, 4.889, 10.563, 0.000, 0.000, 0.000,, 0.66266, 0.74142, 0.10098, 0.02979,,,
 11:50:04.495,d2:03:b8:43:8d:44, 2015-01-01 00:04:58.905, -0.083, 0.986, -0.138, 3.113, 0.061, -0.61, , , , , , , 97.751, 4.9, 10.563, 0.000, 0.000, 0.000,, 0.66266, 0.74142, 0.10098, 0.02979,,,
 11:50:04.495,d2:03:b8:43:8d:44, 2015-01-01 00:04:58.905, -0.087, 0.985, -0.137, 2.808, 0.427, -1.221, , , , , , , 97.784, 4.905, 10.563, 0.000, 0.000, 0.000,, 0.66266, 0.74142, 0.10098, 0.02979,,,
 11:50:04.495,d2:03:b8:43:8d:44, 2015-01-01 00:04:58.905, -0.093, 0.986, -0.139, 2.258, 0.61, -1.16, , , , , , , 97.806, 4.922, 10.569, 0.000, 0.000, 0.000,, 0.66266, 0.74142, 0.10098, 0.02979,,,
 11:50:04.495,d2:03:b8:43:8d:44, 2015-01-01 00:04:58.905, -0.09, 0.987, -0.139, 1.77, 0.305, -0.244, , , , , , , 97.828, 4.927, 10.574, 0.000, 0.000, 0.000,, 0.66266, 0.74142, 0.10098, 0.02979,,,
 11:50:04.496,d2:03:b8:43:8d:44, 2015-01-01 00:04:58.905, -0.086, 0.986, -0.137, 1.587, 0.488, 0.793, , , , , , , 97.844, 4.922, 10.58, 0.000, 0.000, 0.000,, 0.66266, 0.74142, 0.10098, 0.02979,,,
 11:50:04.496,d2:03:b8:43:8d:44, 2015-01-01 00:04:58.905, -0.084, 0.985, -0.135, 1.831, 0.244, 0.916, , , , , , , 97.861, 4.911, 10.58, 0.000, 0.000, 0.000,, 0.66266, 0.74142, 0.10098, 0.02979,,,
 11:50:04.496,d2:03:b8:43:8d:44, 2015-01-01 00:04:58.905, -0.086, 0.984, -0.137, 2.136, 0.244, 0.366, , , , , , , 97.883, 4.905, 10.58, 0.000, 0.000, 0.000,, 0.66266, 0.74142, 0.10098, 0.02979,,,
 11:50:04.497,d2:03:b8:43:8d:44, 2015-01-01 00:04:58.905, -0.083, 0.986, -0.137, 2.197, -0.122, 0.488, , , , , , , 97.899, 4.905, 10.58, 0.000, 0.000, 0.000,, 0.66266, 0.74142, 0.10098, 0.02979,,,
 11:50:04.513,d2:03:b8:43:8d:44, 2015-01-01 00:04:58.905, -0.084, 0.984, -0.14, 2.014, 0, 0.061, , , , , , , 97.921, 4.9, 10.574, 0.000, 0.000, 0.000,, 0.65591, 0.74792, 0.09744, 0.02832,,,
 11:50:04.513,d2:03:b8:43:8d:44, 2015-01-01 00:04:58.905, -0.089, 0.985, -0.141, 1.526, 0, -0.366, , , , , , , 97.938, 4.905, 10.574, 0.000, 0.000, 0.000,, 0.65591, 0.74792, 0.09744, 0.02832,,,
 11:50:04.514,d2:03:b8:43:8d:44, 2015-01-01 00:04:58.905, -0.093, 0.987, -0.144, 0.732, 0.549, 0.366, , , , , , , 97.949, 4.905, 10.574, 0.000, 0.000, 0.000,, 0.65591, 0.74792, 0.09744, 0.02832,,,
 11:50:04.514,d2:03:b8:43:8d:44, 2015-01-01 00:04:58.905, -0.087, 0.987, -0.142, 0, 0.61, 2.014, , , , , , , 97.954, 4.889, 10.58, 0.000, 0.000, 0.000,, 0.65591, 0.74792, 0.09744, 0.02832,,,
 11:50:04.651,d2:03:b8:43:8d:44, 2015-01-01 00:04:59.325, -0.082, 0.986, -0.141, -0.488, 0.61, 2.93, , , , , , , 97.949, 4.861, 10.58, 0.000, 0.000, 0.000,, 0.65591, 0.74792, 0.09744, 0.02832,,,
 11:50:04.712,d2:03:b8:43:8d:44, 2015-01-01 00:04:59.325, -0.083, 0.985, -0.138, -0.732, 0.427, 2.319, , , , , , , 97.943, 4.834, 10.58, 0.000, 0.000, 0.000,, 0.65591, 0.74792, 0.09744, 0.02832,,,
 11:50:04.712,d2:03:b8:43:8d:44, 2015-01-01 00:04:59.325, -0.084, 0.985, -0.139, -0.916, 0.916, 1.77, , , , , , , 97.932, 4.818, 10.585, 0.000, 0.000, 0.000,, 0.65591, 0.74792, 0.09744, 0.02832,,,
 11:50:04.713,d2:03:b8:43:8d:44, 2015-01-01 00:04:59.325, -0.082, 0.984, -0.135, -0.732, 0.549, 1.526, , , , , , , 97.921, 4.801, 10.585, 0.000, 0.000, 0.000,, 0.65591, 0.74792, 0.09744, 0.02832,,,
 11:50:04.728,d2:03:b8:43:8d:44, 2015-01-01 00:04:59.325, -0.081, 0.982, -0.134, -0.122, 0.305, 0.793, , , , , , , 97.916, 4.785, 10.591, 0.000, 0.000, 0.000,, 0.65591, 0.74792, 0.09744, 0.02832,,,
 11:50:04.728,d2:03:b8:43:8d:44, 2015-01-01 00:04:59.325, -0.083, 0.983, -0.134, 0.305, -0.183, -0.183, , , , , , , 97.916, 4.785, 10.585, 0.000, 0.000, 0.000,, 0.65591, 0.74792, 0.09744, 0.02832,,,
 11:50:04.729,d2:03:b8:43:8d:44, 2015-01-01 00:04:59.325, -0.087, 0.985, -0.138, 0.366, -0.183, -0.488, , , , , , , 97.921, 4.79, 10.585, 0.000, 0.000, 0.000,, 0.65591, 0.74792, 0.09744, 0.02832,,,
 11:50:04.729,d2:03:b8:43:8d:44, 2015-01-01 00:04:59.325, -0.085, 0.986, -0.14, 0.122, -0.122, 0.244, , , , , , , 97.921, 4.79, 10.58, 0.000, 0.000, 0.000,, 0.65591, 0.74792, 0.09744, 0.02832,,,
 11:50:04.729,d2:03:b8:43:8d:44, 2015-01-01 00:04:59.325, -0.083, 0.987, -0.141, -0.305, 0.366, 1.465, , , , , , , 97.921, 4.785, 10.58, 0.000, 0.000, 0.000,, 0.65591, 0.74792, 0.09744, 0.02832,,,
 11:50:04.729,d2:03:b8:43:8d:44, 2015-01-01 00:04:59.325, -0.084, 0.985, -0.139, -0.488, 0.366, 1.282, , , , , , , 97.916, 4.768, 10.58, 0.000, 0.000, 0.000,, 0.65591, 0.74792, 0.09744, 0.02832,,,
 11:50:04.729,d2:03:b8:43:8d:44, 2015-01-01 00:04:59.325, -0.085, 0.987, -0.139, -0.732, 1.038, 1.404, , , , , , , 97.91, 4.752, 10.585, 0.000, 0.000, 0.000,, 0.65591, 0.74792, 0.09744, 0.02832,,,
 11:50:04.729,d2:03:b8:43:8d:44, 2015-01-01 00:04:59.325, -0.082, 0.986, -0.139, -1.099, 1.282, 1.953, , , , , , , 97.899, 4.735, 10.591, 0.000, 0.000, 0.000,, 0.65591, 0.74792, 0.09744, 0.02832,,,
 11:50:04.730,d2:03:b8:43:8d:44, 2015-01-01 00:04:59.325, -0.083, 0.985, -0.138, -1.404, 1.465, 2.014, , , , , , , 97.888, 4.713, 10.602, 0.000, 0.000, 0.000,, 0.65591, 0.74792, 0.09744, 0.02832,,,
 11:50:04.730,d2:03:b8:43:8d:44, 2015-01-01 00:04:59.325, -0.08, 0.984, -0.134, -1.343, 1.099, 1.953, , , , , , , 97.872, 4.691, 10.613, 0.000, 0.000, 0.000,, 0.65591, 0.74792, 0.09744, 0.02832,,,
 11:50:04.730,d2:03:b8:43:8d:44, 2015-01-01 00:04:59.325, -0.079, 0.984, -0.132, -0.671, 0.549, 1.221, , , , , , , 97.861, 4.675, 10.618, 0.000, 0.000, 0.000,, 0.65591, 0.74792, 0.09744, 0.02832,,,
 11:50:04.730,d2:03:b8:43:8d:44, 2015-01-01 00:04:59.325, -0.08, 0.982, -0.132, 0, 0, 0.061, , , , , , , 97.855, 4.669, 10.618, 0.000, 0.000, 0.000,, 0.65591, 0.74792, 0.09744, 0.02832,,,
 11:50:04.730,d2:03:b8:43:8d:44, 2015-01-01 00:04:59.325, -0.079, 0.985, -0.135, 0.366, -0.061, -0.61, , , , , , , 97.861, 4.675, 10.618, 0.000, 0.000, 0.000,, 0.65591, 0.74792, 0.09744, 0.02832,,,
 11:50:04.730,d2:03:b8:43:8d:44, 2015-01-01 00:04:59.325, -0.077, 0.984, -0.136, 0.488, -0.183, -0.977, , , , , , , 97.861, 4.68, 10.613, 0.000, 0.000, 0.000,, 0.65591, 0.74792, 0.09744, 0.02832,,,
 11:50:04.730,d2:03:b8:43:8d:44, 2015-01-01 00:04:59.325, -0.082, 0.983, -0.136, 0.732, -0.183, -2.258, , , , , , , 97.866, 4.702, 10.613, 0.000, 0.000, 0.000,, 0.65591, 0.74792, 0.09744, 0.02832,,,
 11:50:04.731,d2:03:b8:43:8d:44, 2015-01-01 00:04:59.325, -0.083, 0.983, -0.134, 1.16, -0.427, -2.991, , , , , , , 97.877, 4.73, 10.613, 0.000, 0.000, 0.000,, 0.65591, 0.74792, 0.09744, 0.02832,,,
 11:50:04.747,d2:03:b8:43:8d:44, 2015-01-01 00:04:59.325, -0.084, 0.984, -0.134, 1.648, -0.732, -3.601, , , , , , , 97.894, 4.763, 10.613, 0.000, 0.000, 0.000,, 0.65591, 0.74792, 0.09744, 0.02832,,,
 11:50:04.747,d2:03:b8:43:8d:44, 2015-01-01 00:04:59.325, -0.083, 0.983, -0.137, 2.014, -1.16, -3.967, , , , , , , 97.91, 4.801, 10.602, 0.000, 0.000, 0.000,, 0.65591, 0.74792, 0.09744, 0.02832,,,
 11:50:04.749,d2:03:b8:43:8d:44, 2015-01-01 00:04:59.325, -0.09, 0.987, -0.14, 1.831, -0.793, -4.15, , , , , , , 97.927, 4.845, 10.596, 0.000, 0.000, 0.000,, 0.65591, 0.74792, 0.09744, 0.02832,,,
 11:50:04.749,d2:03:b8:43:8d:44, 2015-01-01 00:04:59.325, -0.089, 0.986, -0.139, 1.648, -0.854, -3.662, , , , , , , 97.943, 4.889, 10.591, 0.000, 0.000, 0.000,, 0.65591, 0.74792, 0.09744, 0.02832,,,
 11:50:04.949,d2:03:b8:43:8d:44, 2015-01-01 00:04:59.325, -0.087, 0.988, -0.139, 1.587, -0.61, -2.563, , , , , , , 97.96, 4.916, 10.591, 0.000, 0.000, 0.000,, 0.65591, 0.74792, 0.09744, 0.02832,,,
 11:50:05.140,d2:03:b8:43:8d:44, 2015-01-01 00:04:59.325, -0.084, 0.985, -0.139, 1.526, -0.549, -2.258, , , , , , , 97.976, 4.944, 10.585, 0.000, 0.000, 0.000,, 0.65533, 0.74817, 0.10013, 0.02518,,,
 11:50:05.141,d2:03:b8:43:8d:44, 2015-01-01 00:04:59.740, -0.088, 0.985, -0.139, 1.465, -0.366, -2.625, , , , , , , 97.987, 4.966, 10.58, 0.000, 0.000, 0.000,, 0.65533, 0.74817, 0.10013, 0.02518,,,
 11:50:05.142,d2:03:b8:43:8d:44, 2015-01-01 00:04:59.740, -0.089, 0.984, -0.138, 1.648, -0.61, -3.052, , , , , , , 98.004, 4.999, 10.58, 0.000, 0.000, 0.000,, 0.65533, 0.74817, 0.10013, 0.02518,,,
 11:50:05.173,d2:03:b8:43:8d:44, 2015-01-01 00:04:59.740, -0.087, 0.985, -0.138, 1.709, -0.671, -2.93, , , , , , , 98.02, 5.032, 10.574, 0.000, 0.000, 0.000,, 0.65533, 0.74817, 0.10013, 0.02518,,,
 11:50:05.173,d2:03:b8:43:8d:44, 2015-01-01 00:04:59.740, -0.083, 0.982, -0.139, 1.953, -1.038, -3.296, , , , , , , 98.036, 5.059, 10.569, 0.000, 0.000, 0.000,, 0.65533, 0.74817, 0.10013, 0.02518,,,
 11:50:05.173,d2:03:b8:43:8d:44, 2015-01-01 00:04:59.740, -0.09, 0.984, -0.143, 1.709, -0.732, -4.333, , , , , , , 98.053, 5.103, 10.563, 0.000, 0.000, 0.000,, 0.65533, 0.74817, 0.10013, 0.02518,,,
 11:50:05.174,d2:03:b8:43:8d:44, 2015-01-01 00:04:59.740, -0.092, 0.984, -0.143, 1.282, -0.61, -4.517, , , , , , , 98.069, 5.147, 10.563, 0.000, 0.000, 0.000,, 0.65533, 0.74817, 0.10013, 0.02518,,,
 11:50:05.174,d2:03:b8:43:8d:44, 2015-01-01 00:04:59.740, -0.093, 0.986, -0.145, 0.61, -0.183, -3.662, , , , , , , 98.075, 5.191, 10.563, 0.000, 0.000, 0.000,, 0.65533, 0.74817, 0.10013, 0.02518,,,
 11:50:05.174,d2:03:b8:43:8d:44, 2015-01-01 00:04:59.740, -0.092, 0.985, -0.144, 0, 0.061, -2.869, , , , , , , 98.08, 5.224, 10.563, 0.000, 0.000, 0.000,, 0.65533, 0.74817, 0.10013, 0.02518,,,
 11:50:05.174,d2:03:b8:43:8d:44, 2015-01-01 00:04:59.740, -0.093, 0.985, -0.142, -0.427, 0.122, -2.563, , , , , , , 98.075, 5.251, 10.569, 0.000, 0.000, 0.000,, 0.65533, 0.74817, 0.10013, 0.02518,,,
 11:50:05.174,d2:03:b8:43:8d:44, 2015-01-01 00:04:59.740, -0.097, 0.983, -0.141, -0.427, 0.183, -2.502, , , , , , , 98.069, 5.273, 10.574, 0.000, 0.000, 0.000,, 0.65533, 0.74817, 0.10013, 0.02518,,,
 11:50:05.175,d2:03:b8:43:8d:44, 2015-01-01 00:04:59.740, -0.094, 0.984, -0.138, -0.183, -0.061, -2.136, , , , , , , 98.064, 5.301, 10.574, 0.000, 0.000, 0.000,, 0.65533, 0.74817, 0.10013, 0.02518,,,
 11:50:05.175,d2:03:b8:43:8d:44, 2015-01-01 00:04:59.740, -0.096, 0.984, -0.139, 0, 0, -2.075, , , , , , , 98.064, 5.323, 10.58, 0.000, 0.000, 0.000,, 0.65533, 0.74817, 0.10013, 0.02518,,,
 11:50:05.175,d2:03:b8:43:8d:44, 2015-01-01 00:04:59.740, -0.097, 0.985, -0.14, 0.061, 0, -2.075, , , , , , , 98.064, 5.345, 10.58, 0.000, 0.000, 0.000,, 0.65533, 0.74817, 0.10013, 0.02518,,,
 11:50:05.175,d2:03:b8:43:8d:44, 2015-01-01 00:04:59.740, -0.095, 0.985, -0.142, 0, 0.183, -1.099, , , , , , , 98.064, 5.356, 10.58, 0.000, 0.000, 0.000,, 0.65533, 0.74817, 0.10013, 0.02518,,,
 11:50:05.176,d2:03:b8:43:8d:44, 2015-01-01 00:04:59.740, -0.093, 0.985, -0.141, -0.244, 0.305, -0.488, , , , , , , 98.064, 5.367, 10.585, 0.000, 0.000, 0.000,, 0.65533, 0.74817, 0.10013, 0.02518,,,
 11:50:05.176,d2:03:b8:43:8d:44, 2015-01-01 00:04:59.740, -0.096, 0.983, -0.143, -0.549, 0.61, -0.61, , , , , , , 98.058, 5.372, 10.585, 0.000, 0.000, 0.000,, 0.65533, 0.74817, 0.10013, 0.02518,,,
 11:50:05.176,d2:03:b8:43:8d:44, 2015-01-01 00:04:59.740, -0.097, 0.986, -0.144, -1.16, 0.916, -0.244, , , , , , , 98.047, 5.372, 10.596, 0.000, 0.000, 0.000,, 0.65533, 0.74817, 0.10013, 0.02518,,,
 11:50:05.177,d2:03:b8:43:8d:44, 2015-01-01 00:04:59.740, -0.095, 0.984, -0.143, -1.648, 1.099, 0.427, , , , , , , 98.036, 5.372, 10.602, 0.000, 0.000, 0.000,, 0.65533, 0.74817, 0.10013, 0.02518,,,
 11:50:05.177,d2:03:b8:43:8d:44, 2015-01-01 00:04:59.740, -0.094, 0.984, -0.141, -1.892, 1.038, 0.488, , , , , , , 98.015, 5.367, 10.613, 0.000, 0.000, 0.000,, 0.65533, 0.74817, 0.10013, 0.02518,,,
 11:50:05.178,d2:03:b8:43:8d:44, 2015-01-01 00:04:59.740, -0.097, 0.983, -0.139, -1.953, 1.16, 0.366, , , , , , , 97.998, 5.361, 10.624, 0.000, 0.000, 0.000,, 0.65533, 0.74817, 0.10013, 0.02518,,,
 11:50:05.178,d2:03:b8:43:8d:44, 2015-01-01 00:04:59.740, -0.096, 0.983, -0.138, -1.892, 0.732, 0.366, , , , , , , 97.976, 5.356, 10.629, 0.000, 0.000, 0.000,, 0.65533, 0.74817, 0.10013, 0.02518,,,
 11:50:05.178,d2:03:b8:43:8d:44, 2015-01-01 00:04:59.740, -0.094, 0.983, -0.139, -1.709, 0.793, 0.916, , , , , , , 97.96, 5.35, 10.635, 0.000, 0.000, 0.000,, 0.65533, 0.74817, 0.10013, 0.02518,,,
 11:50:05.178,d2:03:b8:43:8d:44, 2015-01-01 00:04:59.740, -0.092, 0.984, -0.139, -1.831, 0.488, 0.916, , , , , , , 97.943, 5.339, 10.64, 0.000, 0.000, 0.000,, 0.65533, 0.74817, 0.10013, 0.02518,,,
 11:50:05.179,d2:03:b8:43:8d:44, 2015-01-01 00:04:59.740, -0.096, 0.985, -0.141, -2.136, 1.099, 0.977, , , , , , , 97.921, 5.328, 10.646, 0.000, 0.000, 0.000,, 0.65533, 0.74817, 0.10013, 0.02518,,,
 11:50:05.179,d2:03:b8:43:8d:44, 2015-01-01 00:04:59.740, -0.095, 0.985, -0.136, -2.136, 0.916, 1.343, , , , , , , 97.899, 5.312, 10.651, 0.000, 0.000, 0.000,, 0.65533, 0.74817, 0.10013, 0.02518,,,
 11:50:05.179,d2:03:b8:43:8d:44, 2015-01-01 00:04:59.740, -0.092, 0.984, -0.137, -1.953, 1.099, 1.831, , , , , , , 97.877, 5.295, 10.662, 0.000, 0.000, 0.000,, 0.65533, 0.74817, 0.10013, 0.02518,,,
 11:50:05.179,d2:03:b8:43:8d:44, 2015-01-01 00:04:59.740, -0.093, 0.984, -0.135, -1.831, 0.793, 1.526, , , , , , , 97.861, 5.279, 10.668, 0.000, 0.000, 0.000,, 0.65533, 0.74817, 0.10013, 0.02518,,,
 11:50:05.179,d2:03:b8:43:8d:44, 2015-01-01 00:04:59.740, -0.097, 0.985, -0.136, -1.709, 0.977, 1.16, , , , , , , 97.839, 5.262, 10.673, 0.000, 0.000, 0.000,, 0.65533, 0.74817, 0.10013, 0.02518,,,
 11:50:05.179,d2:03:b8:43:8d:44, 2015-01-01 00:04:59.740, -0.094, 0.985, -0.133, -1.526, 0.671, 1.526, , , , , , , 97.822, 5.251, 10.679, 0.000, 0.000, 0.000,, 0.65533, 0.74817, 0.10013, 0.02518,,,
 11:50:05.180,d2:03:b8:43:8d:44, 2015-01-01 00:04:59.740, -0.093, 0.986, -0.135, -1.343, 0.854, 1.953, , , , , , , 97.806, 5.229, 10.679, 0.000, 0.000, 0.000,, 0.65533, 0.74817, 0.10013, 0.02518,,,
 11:50:05.180,d2:03:b8:43:8d:44, 2015-01-01 00:04:59.740, -0.092, 0.984, -0.134, -1.221, 0.549, 2.136, , , , , , , 97.795, 5.208, 10.684, 0.000, 0.000, 0.000,, 0.65533, 0.74817, 0.10013, 0.02518,,,
 11:50:05.180,d2:03:b8:43:8d:44, 2015-01-01 00:04:59.740, -0.094, 0.986, -0.135, -1.099, 0.916, 2.319, , , , , , , 97.784, 5.186, 10.684, 0.000, 0.000, 0.000,, 0.65533, 0.74817, 0.10013, 0.02518,,,
 11:50:05.180,d2:03:b8:43:8d:44, 2015-01-01 00:04:59.740, -0.091, 0.984, -0.133, -0.854, 0.488, 2.686, , , , , , , 97.773, 5.164, 10.69, 0.000, 0.000, 0.000,, 0.65533, 0.74817, 0.10013, 0.02518,,,
 11:50:05.180,d2:03:b8:43:8d:44, 2015-01-01 00:04:59.740, -0.089, 0.985, -0.132, -0.366, 0.366, 2.686, , , , , , , 97.762, 5.136, 10.69, 0.000, 0.000, 0.000,, 0.65533, 0.74817, 0.10013, 0.02518,,,
 11:50:05.209,d2:03:b8:43:8d:44, 2015-01-01 00:04:59.740, -0.089, 0.983, -0.132, 0.061, -0.244, 2.014, , , , , , , 97.762, 5.109, 10.684, 0.000, 0.000, 0.000,, 0.65533, 0.74817, 0.10013, 0.02518,,,
 11:50:05.210,d2:03:b8:43:8d:44, 2015-01-01 00:04:59.740, -0.088, 0.984, -0.131, 0.732, -0.488, 1.587, , , , , , , 97.767, 5.092, 10.679, 0.000, 0.000, 0.000,, 0.65533, 0.74817, 0.10013, 0.02518,,,
 11:50:05.210,d2:03:b8:43:8d:44, 2015-01-01 00:04:59.740, -0.086, 0.983, -0.133, 1.099, -0.793, 1.343, , , , , , , 97.773, 5.081, 10.668, 0.000, 0.000, 0.000,, 0.65533, 0.74817, 0.10013, 0.02518,,,
 11:50:05.210,d2:03:b8:43:8d:44, 2015-01-01 00:04:59.740, -0.09, 0.984, -0.135, 1.221, -0.732, 0.732, , , , , , , 97.784, 5.07, 10.657, 0.000, 0.000, 0.000,, 0.65533, 0.74817, 0.10013, 0.02518,,,
 11:50:05.211,d2:03:b8:43:8d:44, 2015-01-01 00:04:59.740, -0.087, 0.986, -0.137, 1.099, -0.732, 0.793, , , , , , , 97.795, 5.065, 10.646, 0.000, 0.000, 0.000,, 0.65533, 0.74817, 0.10013, 0.02518,,,
 11:50:05.211,d2:03:b8:43:8d:44, 2015-01-01 00:04:59.740, -0.09, 0.986, -0.137, 0.854, -0.305, 0.793, , , , , , , 97.8, 5.059, 10.64, 0.000, 0.000, 0.000,, 0.65533, 0.74817, 0.10013, 0.02518,,,
 11:50:05.211,d2:03:b8:43:8d:44, 2015-01-01 00:04:59.740, -0.086, 0.985, -0.138, 0.366, -0.122, 1.16, , , , , , , 97.806, 5.048, 10.635, 0.000, 0.000, 0.000,, 0.65533, 0.74817, 0.10013, 0.02518,,,
 11:50:05.212,d2:03:b8:43:8d:44, 2015-01-01 00:04:59.740, -0.088, 0.987, -0.138, 0.061, 0.244, 1.404, , , , , , , 97.811, 5.037, 10.629, 0.000, 0.000, 0.000,, 0.65533, 0.74817, 0.10013, 0.02518,,,
 11:50:05.228,d2:03:b8:43:8d:44, 2015-01-01 00:04:59.740, -0.086, 0.985, -0.137, -0.061, 0.305, 1.282, , , , , , , 97.806, 5.026, 10.629, 0.000, 0.000, 0.000,, 0.65533, 0.74817, 0.10013, 0.02518,,,
 11:50:05.228,d2:03:b8:43:8d:44, 2015-01-01 00:04:59.740, -0.089, 0.985, -0.136, -0.061, 0.427, 1.038, , , , , , , 97.806, 5.01, 10.629, 0.000, 0.000, 0.000,, 0.65533, 0.74817, 0.10013, 0.02518,,,
 11:50:05.228,d2:03:b8:43:8d:44, 2015-01-01 00:04:59.740, -0.089, 0.984, -0.134, 0, 0.183, 0.854, , , , , , , 97.806, 5.004, 10.629, 0.000, 0.000, 0.000,, 0.65533, 0.74817, 0.10013, 0.02518,,,
 11:50:05.245,d2:03:b8:43:8d:44, 2015-01-01 00:04:59.740, -0.09, 0.985, -0.135, 0.061, 0.305, 0.854, , , , , , , 97.806, 4.993, 10.635, 0.000, 0.000, 0.000,, 0.65533, 0.74817, 0.10013, 0.02518,,,
 11:50:05.371,d2:03:b8:43:8d:44, 2015-01-01 00:04:59.740, -0.088, 0.985, -0.136, 0.122, 0.122, 1.038, , , , , , , 97.806, 4.982, 10.629, 0.000, 0.000, 0.000,, 0.65533, 0.74817, 0.10013, 0.02518,,,
 11:50:05.471,d2:03:b8:43:8d:44, 2015-01-01 00:04:59.740, -0.087, 0.986, -0.134, 0.305, -0.061, 1.221, , , , , , , 97.806, 4.971, 10.629, 0.000, 0.000, 0.000,, 0.65677, 0.74704, 0.09848, 0.02762,,,
 11:50:05.471,d2:03:b8:43:8d:44, 2015-01-01 00:05:00.185, -0.083, 0.984, -0.134, 0.61, -0.305, 0.854, , , , , , , 97.811, 4.96, 10.624, 0.000, 0.000, 0.000,, 0.65677, 0.74704, 0.09848, 0.02762,,,
 11:50:05.472,d2:03:b8:43:8d:44, 2015-01-01 00:05:00.185, -0.083, 0.984, -0.135, 0.854, -0.427, -0.061, , , , , , , 97.817, 4.96, 10.618, 0.000, 0.000, 0.000,, 0.65677, 0.74704, 0.09848, 0.02762,,,
 11:50:05.595,d2:03:b8:43:8d:44, 2015-01-01 00:05:00.185, -0.085, 0.984, -0.136, 0.916, -0.488, -0.916, , , , , , , 97.828, 4.966, 10.613, 0.000, 0.000, 0.000,, 0.65677, 0.74704, 0.09848, 0.02762,,,
 11:50:05.698,d2:03:b8:43:8d:44, 2015-01-01 00:05:00.185, -0.086, 0.985, -0.137, 0.671, -0.488, -1.16, , , , , , , 97.833, 4.982, 10.607, 0.000, 0.000, 0.000,, 0.65677, 0.74704, 0.09848, 0.02762,,,
 11:50:05.810,d2:03:b8:43:8d:44, 2015-01-01 00:05:00.185, -0.085, 0.984, -0.137, 0.488, -0.488, -1.465, , , , , , , 97.839, 4.993, 10.602, 0.000, 0.000, 0.000,, 0.65677, 0.74704, 0.09848, 0.02762,,,
 11:50:05.931,d2:03:b8:43:8d:44, 2015-01-01 00:05:00.185, -0.086, 0.985, -0.138, 0.244, -0.305, -1.709, , , , , , , 97.839, 5.01, 10.602, 0.000, 0.000, 0.000,, 0.65689, 0.74667, 0.1015, 0.02319,,,
 11:50:05.931,d2:03:b8:43:8d:44, 2015-01-01 00:05:00.605, -0.09, 0.986, -0.14, -0.183, 0.183, -1.648, , , , , , , 97.839, 5.032, 10.602, 0.000, 0.000, 0.000,, 0.65689, 0.74667, 0.1015, 0.02319,,,
 11:50:05.932,d2:03:b8:43:8d:44, 2015-01-01 00:05:00.605, -0.091, 0.987, -0.139, -0.61, 0.488, -1.221, , , , , , , 97.833, 5.043, 10.607, 0.000, 0.000, 0.000,, 0.65689, 0.74667, 0.1015, 0.02319,,,
 11:50:05.932,d2:03:b8:43:8d:44, 2015-01-01 00:05:00.605, -0.089, 0.985, -0.136, -0.793, 0.671, -0.549, , , , , , , 97.828, 5.054, 10.613, 0.000, 0.000, 0.000,, 0.65689, 0.74667, 0.1015, 0.02319,,,
 11:50:05.932,d2:03:b8:43:8d:44, 2015-01-01 00:05:00.605, -0.089, 0.984, -0.133, -0.61, 0.427, -0.671, , , , , , , 97.817, 5.059, 10.618, 0.000, 0.000, 0.000,, 0.65689, 0.74667, 0.1015, 0.02319,,,
 11:50:05.933,d2:03:b8:43:8d:44, 2015-01-01 00:05:00.605, -0.088, 0.983, -0.132, -0.061, 0.122, -1.099, , , , , , , 97.817, 5.065, 10.618, 0.000, 0.000, 0.000,, 0.65689, 0.74667, 0.1015, 0.02319,,,
 11:50:05.933,d2:03:b8:43:8d:44, 2015-01-01 00:05:00.605, -0.089, 0.983, -0.132, 0.61, -0.366, -1.892, , , , , , , 97.817, 5.081, 10.618, 0.000, 0.000, 0.000,, 0.65689, 0.74667, 0.1015, 0.02319,,,
 11:50:05.934,d2:03:b8:43:8d:44, 2015-01-01 00:05:00.605, -0.091, 0.983, -0.133, 1.16, -0.732, -2.441, , , , , , , 97.822, 5.109, 10.613, 0.000, 0.000, 0.000,, 0.65689, 0.74667, 0.1015, 0.02319,,,
 11:50:05.934,d2:03:b8:43:8d:44, 2015-01-01 00:05:00.605, -0.09, 0.985, -0.134, 1.343, -1.16, -2.502, , , , , , , 97.839, 5.131, 10.607, 0.000, 0.000, 0.000,, 0.65689, 0.74667, 0.1015, 0.02319,,,
 11:50:05.934,d2:03:b8:43:8d:44, 2015-01-01 00:05:00.605, -0.092, 0.986, -0.138, 1.282, -0.854, -2.502, , , , , , , 97.85, 5.158, 10.596, 0.000, 0.000, 0.000,, 0.65689, 0.74667, 0.1015, 0.02319,,,
 11:50:05.935,d2:03:b8:43:8d:44, 2015-01-01 00:05:00.605, -0.094, 0.986, -0.139, 1.038, -0.671, -2.319, , , , , , , 97.861, 5.186, 10.591, 0.000, 0.000, 0.000,, 0.65689, 0.74667, 0.1015, 0.02319,,,
 11:50:05.935,d2:03:b8:43:8d:44, 2015-01-01 00:05:00.605, -0.095, 0.987, -0.142, 0.488, -0.061, -1.404, , , , , , , 97.866, 5.208, 10.591, 0.000, 0.000, 0.000,, 0.65689, 0.74667, 0.1015, 0.02319,,,
 11:50:05.935,d2:03:b8:43:8d:44, 2015-01-01 00:05:00.605, -0.093, 0.986, -0.139, 0, 0.061, -0.549, , , , , , , 97.866, 5.213, 10.591, 0.000, 0.000, 0.000,, 0.65689, 0.74667, 0.1015, 0.02319,,,
 11:50:06.046,d2:03:b8:43:8d:44, 2015-01-01 00:05:00.605, -0.092, 0.987, -0.139, -0.366, 0.488, -0.061, , , , , , , 97.866, 5.219, 10.591, 0.000, 0.000, 0.000,, 0.65689, 0.74667, 0.1015, 0.02319,,,
 11:50:06.263,d2:03:b8:43:8d:44, 2015-01-01 00:05:00.605, -0.09, 0.985, -0.136, -0.549, 0.488, 0, , , , , , , 97.855, 5.219, 10.596, 0.000, 0.000, 0.000,, 0.65689, 0.74667, 0.1015, 0.02319,,,
 11:50:06.481,d2:03:b8:43:8d:44, 2015-01-01 00:05:00.605, -0.091, 0.983, -0.135, -0.244, 0.366, -0.427, , , , , , , 97.855, 5.219, 10.602, 0.000, 0.000, 0.000,, 0.65381, 0.74991, 0.0968, 0.02637,,,
 11:50:06.509,d2:03:b8:43:8d:44, 2015-01-01 00:05:01.020, -0.092, 0.983, -0.133, 0.183, -0.122, -1.282, , , , , , , 97.85, 5.229, 10.602, 0.000, 0.000, 0.000,, 0.65381, 0.74991, 0.0968, 0.02637,,,
 11:50:06.510,d2:03:b8:43:8d:44, 2015-01-01 00:05:01.020, -0.092, 0.983, -0.134, 0.61, -0.244, -1.648, , , , , , , 97.855, 5.246, 10.596, 0.000, 0.000, 0.000,, 0.65381, 0.74991, 0.0968, 0.02637,,,
 11:50:06.510,d2:03:b8:43:8d:44, 2015-01-01 00:05:01.020, -0.09, 0.984, -0.135, 0.793, -0.854, -1.892, , , , , , , 97.861, 5.268, 10.596, 0.000, 0.000, 0.000,, 0.65381, 0.74991, 0.0968, 0.02637,,,
 11:50:06.510,d2:03:b8:43:8d:44, 2015-01-01 00:05:01.020, -0.093, 0.984, -0.139, 0.61, -0.549, -2.258, , , , , , , 97.866, 5.284, 10.585, 0.000, 0.000, 0.000,, 0.65381, 0.74991, 0.0968, 0.02637,,,
 11:50:06.511,d2:03:b8:43:8d:44, 2015-01-01 00:05:01.020, -0.093, 0.984, -0.138, 0.488, -0.61, -2.502, , , , , , , 97.872, 5.312, 10.585, 0.000, 0.000, 0.000,, 0.65381, 0.74991, 0.0968, 0.02637,,,
 11:50:06.511,d2:03:b8:43:8d:44, 2015-01-01 00:05:01.020, -0.094, 0.985, -0.138, 0.366, -0.305, -2.197, , , , , , , 97.877, 5.339, 10.58, 0.000, 0.000, 0.000,, 0.65381, 0.74991, 0.0968, 0.02637,,,
 11:50:06.511,d2:03:b8:43:8d:44, 2015-01-01 00:05:01.020, -0.093, 0.985, -0.138, 0.122, -0.183, -2.197, , , , , , , 97.877, 5.361, 10.58, 0.000, 0.000, 0.000,, 0.65381, 0.74991, 0.0968, 0.02637,,,
 11:50:06.512,d2:03:b8:43:8d:44, 2015-01-01 00:05:01.020, -0.097, 0.985, -0.139, 0, 0.061, -2.075, , , , , , , 97.877, 5.383, 10.58, 0.000, 0.000, 0.000,, 0.65381, 0.74991, 0.0968, 0.02637,,,
 11:50:06.512,d2:03:b8:43:8d:44, 2015-01-01 00:05:01.020, -0.095, 0.985, -0.138, -0.183, -0.122, -1.953, , , , , , , 97.877, 5.405, 10.585, 0.000, 0.000, 0.000,, 0.65381, 0.74991, 0.0968, 0.02637,,,
 11:50:06.512,d2:03:b8:43:8d:44, 2015-01-01 00:05:01.020, -0.096, 0.985, -0.138, -0.366, 0.061, -1.587, , , , , , , 97.872, 5.422, 10.585, 0.000, 0.000, 0.000,, 0.65381, 0.74991, 0.0968, 0.02637,,,
 11:50:06.513,d2:03:b8:43:8d:44, 2015-01-01 00:05:01.020, -0.094, 0.985, -0.136, -0.427, 0, -1.587, , , , , , , 97.866, 5.438, 10.585, 0.000, 0.000, 0.000,, 0.65381, 0.74991, 0.0968, 0.02637,,,
 11:50:06.513,d2:03:b8:43:8d:44, 2015-01-01 00:05:01.020, -0.095, 0.983, -0.137, -0.305, 0.183, -1.709, , , , , , , 97.861, 5.455, 10.585, 0.000, 0.000, 0.000,, 0.65381, 0.74991, 0.0968, 0.02637,,,
 11:50:06.513,d2:03:b8:43:8d:44, 2015-01-01 00:05:01.020, -0.098, 0.984, -0.136, -0.244, 0, -2.136, , , , , , , 97.861, 5.471, 10.591, 0.000, 0.000, 0.000,, 0.65381, 0.74991, 0.0968, 0.02637,,,
 11:50:06.514,d2:03:b8:43:8d:44, 2015-01-01 00:05:01.020, -0.101, 0.985, -0.138, -0.183, 0.183, -2.197, , , , , , , 97.855, 5.493, 10.596, 0.000, 0.000, 0.000,, 0.65381, 0.74991, 0.0968, 0.02637,,,
 11:50:06.514,d2:03:b8:43:8d:44, 2015-01-01 00:05:01.020, -0.097, 0.985, -0.137, -0.305, 0.122, -1.404, , , , , , , 97.855, 5.515, 10.596, 0.000, 0.000, 0.000,, 0.65381, 0.74991, 0.0968, 0.02637,,,
 11:50:06.514,d2:03:b8:43:8d:44, 2015-01-01 00:05:01.020, -0.097, 0.985, -0.137, -0.488, 0.244, -1.16, , , , , , , 97.85, 5.526, 10.602, 0.000, 0.000, 0.000,, 0.65381, 0.74991, 0.0968, 0.02637,,,
 11:50:06.514,d2:03:b8:43:8d:44, 2015-01-01 00:05:01.020, -0.098, 0.985, -0.137, -0.61, 0.244, -1.343, , , , , , , 97.844, 5.537, 10.602, 0.000, 0.000, 0.000,, 0.65381, 0.74991, 0.0968, 0.02637,,,
 11:50:06.515,d2:03:b8:43:8d:44, 2015-01-01 00:05:01.020, -0.101, 0.985, -0.136, -0.61, 0.366, -1.343, , , , , , , 97.833, 5.554, 10.607, 0.000, 0.000, 0.000,, 0.65381, 0.74991, 0.0968, 0.02637,,,
 11:50:06.515,d2:03:b8:43:8d:44, 2015-01-01 00:05:01.020, -0.097, 0.984, -0.136, -0.61, 0.061, -1.16, , , , , , , 97.828, 5.565, 10.607, 0.000, 0.000, 0.000,, 0.65381, 0.74991, 0.0968, 0.02637,,,
 11:50:06.515,d2:03:b8:43:8d:44, 2015-01-01 00:05:01.020, -0.099, 0.984, -0.135, -0.488, 0.061, -1.16, , , , , , , 97.822, 5.576, 10.613, 0.000, 0.000, 0.000,, 0.65381, 0.74991, 0.0968, 0.02637,,,
 11:50:06.516,d2:03:b8:43:8d:44, 2015-01-01 00:05:01.020, -0.098, 0.984, -0.135, -0.183, -0.244, -1.465, , , , , , , 97.817, 5.592, 10.613, 0.000, 0.000, 0.000,, 0.65381, 0.74991, 0.0968, 0.02637,,,
 11:50:06.516,d2:03:b8:43:8d:44, 2015-01-01 00:05:01.020, -0.102, 0.985, -0.136, -0.122, -0.122, -1.465, , , , , , , 97.817, 5.609, 10.607, 0.000, 0.000, 0.000,, 0.65381, 0.74991, 0.0968, 0.02637,,,
 11:50:06.516,d2:03:b8:43:8d:44, 2015-01-01 00:05:01.020, -0.101, 0.985, -0.137, -0.244, -0.244, -1.038, , , , , , , 97.811, 5.62, 10.607, 0.000, 0.000, 0.000,, 0.65381, 0.74991, 0.0968, 0.02637,,,
 11:50:06.517,d2:03:b8:43:8d:44, 2015-01-01 00:05:01.020, -0.101, 0.986, -0.137, -0.488, 0, -0.305, , , , , , , 97.806, 5.625, 10.607, 0.000, 0.000, 0.000,, 0.65381, 0.74991, 0.0968, 0.02637,,,
 11:50:06.517,d2:03:b8:43:8d:44, 2015-01-01 00:05:01.020, -0.1, 0.984, -0.135, -0.305, -0.244, -0.122, , , , , , , 97.8, 5.63, 10.602, 0.000, 0.000, 0.000,, 0.65381, 0.74991, 0.0968, 0.02637,,,
 11:50:06.517,d2:03:b8:43:8d:44, 2015-01-01 00:05:01.020, -0.099, 0.983, -0.133, -0.061, -0.732, -0.244, , , , , , , 97.8, 5.63, 10.596, 0.000, 0.000, 0.000,, 0.65381, 0.74991, 0.0968, 0.02637,,,
 11:50:06.547,d2:03:b8:43:8d:44, 2015-01-01 00:05:01.020, -0.099, 0.982, -0.133, 0.488, -2.319, -0.732, , , , , , , 97.8, 5.641, 10.58, 0.000, 0.000, 0.000,, 0.65381, 0.74991, 0.0968, 0.02637,,,
 11:50:06.547,d2:03:b8:43:8d:44, 2015-01-01 00:05:01.020, -0.101, 0.986, -0.136, 0.366, -0.366, -0.854, , , , , , , 97.8, 5.652, 10.569, 0.000, 0.000, 0.000,, 0.65381, 0.74991, 0.0968, 0.02637,,,
 11:50:06.548,d2:03:b8:43:8d:44, 2015-01-01 00:05:01.020, -0.101, 0.983, -0.133, 0.732, -0.366, -0.427, , , , , , , 97.806, 5.658, 10.563, 0.000, 0.000, 0.000,, 0.65381, 0.74991, 0.0968, 0.02637,,,
 11:50:06.548,d2:03:b8:43:8d:44, 2015-01-01 00:05:01.020, -0.104, 0.984, -0.134, 1.038, -0.427, -0.366, , , , , , , 97.811, 5.663, 10.558, 0.000, 0.000, 0.000,, 0.65381, 0.74991, 0.0968, 0.02637,,,
 11:50:06.548,d2:03:b8:43:8d:44, 2015-01-01 00:05:01.020, -0.101, 0.983, -0.135, 1.221, -0.366, 0.061, , , , , , , 97.822, 5.669, 10.552, 0.000, 0.000, 0.000,, 0.65381, 0.74991, 0.0968, 0.02637,,,
 11:50:06.548,d2:03:b8:43:8d:44, 2015-01-01 00:05:01.020, -0.098, 0.984, -0.135, 1.343, -0.61, 0.61, , , , , , , 97.833, 5.663, 10.547, 0.000, 0.000, 0.000,, 0.65381, 0.74991, 0.0968, 0.02637,,,
 11:50:06.549,d2:03:b8:43:8d:44, 2015-01-01 00:05:01.020, -0.099, 0.983, -0.137, 1.343, -0.488, 0.366, , , , , , , 97.85, 5.658, 10.536, 0.000, 0.000, 0.000,, 0.65381, 0.74991, 0.0968, 0.02637,,,
 11:50:06.549,d2:03:b8:43:8d:44, 2015-01-01 00:05:01.020, -0.1, 0.984, -0.136, 1.282, -0.61, -0.061, , , , , , , 97.861, 5.658, 10.53, 0.000, 0.000, 0.000,, 0.65381, 0.74991, 0.0968, 0.02637,,,
 11:50:06.549,d2:03:b8:43:8d:44, 2015-01-01 00:05:01.020, -0.1, 0.985, -0.138, 1.099, -0.305, 0.061, , , , , , , 97.872, 5.663, 10.525, 0.000, 0.000, 0.000,, 0.65381, 0.74991, 0.0968, 0.02637,,,
 11:50:06.580,d2:03:b8:43:8d:44, 2015-01-01 00:05:01.020, -0.099, 0.984, -0.138, 0.854, -0.122, 0.305, , , , , , , 97.877, 5.658, 10.519, 0.000, 0.000, 0.000,, 0.65381, 0.74991, 0.0968, 0.02637,,,
 11:50:06.581,d2:03:b8:43:8d:44, 2015-01-01 00:05:01.020, -0.099, 0.983, -0.139, 0.671, 0, 0.427, , , , , , , 97.883, 5.658, 10.519, 0.000, 0.000, 0.000,, 0.65381, 0.74991, 0.0968, 0.02637,,,
 11:50:06.581,d2:03:b8:43:8d:44, 2015-01-01 00:05:01.020, -0.102, 0.984, -0.138, 0.366, 0.244, 0.305, , , , , , , 97.888, 5.652, 10.519, 0.000, 0.000, 0.000,, 0.65381, 0.74991, 0.0968, 0.02637,,,
 11:50:06.581,d2:03:b8:43:8d:44, 2015-01-01 00:05:01.020, -0.1, 0.985, -0.14, 0, 0.427, 0.916, , , , , , , 97.888, 5.647, 10.519, 0.000, 0.000, 0.000,, 0.65381, 0.74991, 0.0968, 0.02637,,,
 11:50:06.582,d2:03:b8:43:8d:44, 2015-01-01 00:05:01.020, -0.099, 0.986, -0.14, -0.366, 0.549, 1.526, , , , , , , 97.888, 5.63, 10.519, 0.000, 0.000, 0.000,, 0.65381, 0.74991, 0.0968, 0.02637,,,
 11:50:06.582,d2:03:b8:43:8d:44, 2015-01-01 00:05:01.020, -0.1, 0.984, -0.138, -0.549, 0.671, 1.709, , , , , , , 97.883, 5.614, 10.525, 0.000, 0.000, 0.000,, 0.65381, 0.74991, 0.0968, 0.02637,,,
 11:50:06.582,d2:03:b8:43:8d:44, 2015-01-01 00:05:01.020, -0.099, 0.984, -0.135, -0.305, 0.488, 1.526, , , , , , , 97.877, 5.598, 10.525, 0.000, 0.000, 0.000,, 0.65381, 0.74991, 0.0968, 0.02637,,,
 11:50:06.583,d2:03:b8:43:8d:44, 2015-01-01 00:05:01.020, -0.099, 0.982, -0.133, 0.305, 0, 1.038, , , , , , , 97.877, 5.587, 10.525, 0.000, 0.000, 0.000,, 0.65381, 0.74991, 0.0968, 0.02637,,,
 11:50:06.583,d2:03:b8:43:8d:44, 2015-01-01 00:05:01.020, -0.099, 0.983, -0.133, 0.977, -0.549, 0.366, , , , , , , 97.883, 5.581, 10.519, 0.000, 0.000, 0.000,, 0.65381, 0.74991, 0.0968, 0.02637,,,
 11:50:06.583,d2:03:b8:43:8d:44, 2015-01-01 00:05:01.020, -0.098, 0.983, -0.136, 1.282, -0.549, 0.427, , , , , , , 97.894, 5.576, 10.514, 0.000, 0.000, 0.000,, 0.65381, 0.74991, 0.0968, 0.02637,,,
 11:50:06.621,d2:03:b8:43:8d:44, 2015-01-01 00:05:01.020, -0.098, 0.985, -0.137, 1.221, -0.61, 0.854, , , , , , , 97.905, 5.57, 10.503, 0.000, 0.000, 0.000,, 0.65381, 0.74991, 0.0968, 0.02637,,,
 11:50:06.621,d2:03:b8:43:8d:44, 2015-01-01 00:05:01.020, -0.102, 0.984, -0.14, 1.099, -0.061, 1.099, , , , , , , 97.916, 5.565, 10.497, 0.000, 0.000, 0.000,, 0.65381, 0.74991, 0.0968, 0.02637,,,
 11:50:06.622,d2:03:b8:43:8d:44, 2015-01-01 00:05:01.020, -0.102, 0.986, -0.14, 0.61, 0.122, 1.953, , , , , , , 97.921, 5.548, 10.497, 0.000, 0.000, 0.000,, 0.65381, 0.74991, 0.0968, 0.02637,,,
 11:50:06.622,d2:03:b8:43:8d:44, 2015-01-01 00:05:01.020, -0.101, 0.986, -0.14, 0.244, 0.549, 3.174, , , , , , , 97.927, 5.521, 10.492, 0.000, 0.000, 0.000,, 0.65381, 0.74991, 0.0968, 0.02637,,,
 11:50:06.622,d2:03:b8:43:8d:44, 2015-01-01 00:05:01.020, -0.098, 0.985, -0.138, 0.061, 0.549, 4.089, , , , , , , 97.927, 5.482, 10.492, 0.000, 0.000, 0.000,, 0.65381, 0.74991, 0.0968, 0.02637,,,
 11:50:06.638,d2:03:b8:43:8d:44, 2015-01-01 00:05:01.020, -0.099, 0.985, -0.137, 0.244, 0.549, 4.272, , , , , , , 97.927, 5.444, 10.492, 0.000, 0.000, 0.000,, 0.65381, 0.74991, 0.0968, 0.02637,,,
 11:50:06.639,d2:03:b8:43:8d:44, 2015-01-01 00:05:01.020, -0.096, 0.984, -0.135, 0.61, 0.305, 4.456, , , , , , , 97.932, 5.4, 10.486, 0.000, 0.000, 0.000,, 0.65225, 0.75107, 0.09842, 0.02542,,,
 11:50:06.639,d2:03:b8:43:8d:44, 2015-01-01 00:05:01.020, -0.093, 0.983, -0.133, 1.343, 0, 4.211, , , , , , , 97.938, 5.356, 10.481, 0.000, 0.000, 0.000,, 0.65225, 0.75107, 0.09842, 0.02542,,,
 11:50:06.640,d2:03:b8:43:8d:44, 2015-01-01 00:05:01.020, -0.089, 0.983, -0.133, 2.136, -0.732, 3.418, , , , , , , 97.954, 5.317, 10.47, 0.000, 0.000, 0.000,, 0.65225, 0.75107, 0.09842, 0.02542,,,
 11:50:06.640,d2:03:b8:43:8d:44, 2015-01-01 00:05:01.020, -0.088, 0.982, -0.135, 2.808, -0.977, 2.502, , , , , , , 97.976, 5.29, 10.459, 0.000, 0.000, 0.000,, 0.65225, 0.75107, 0.09842, 0.02542,,,
 11:50:06.640,d2:03:b8:43:8d:44, 2015-01-01 00:05:01.020, -0.091, 0.983, -0.137, 3.052, -1.282, 1.77, , , , , , , 98.009, 5.273, 10.443, 0.000, 0.000, 0.000,, 0.65225, 0.75107, 0.09842, 0.02542,,,
 11:50:06.641,d2:03:b8:43:8d:44, 2015-01-01 00:05:01.020, -0.092, 0.984, -0.14, 3.113, -0.977, 1.587, , , , , , , 98.036, 5.257, 10.426, 0.000, 0.000, 0.000,, 0.65225, 0.75107, 0.09842, 0.02542,,,
 11:50:06.641,d2:03:b8:43:8d:44, 2015-01-01 00:05:01.020, -0.093, 0.984, -0.14, 3.052, -1.038, 1.526, , , , , , , 98.064, 5.24, 10.41, 0.000, 0.000, 0.000,, 0.65225, 0.75107, 0.09842, 0.02542,,,
 11:50:06.641,d2:03:b8:43:8d:44, 2015-01-01 00:05:01.020, -0.094, 0.986, -0.143, 2.686, -0.427, 1.831, , , , , , , 98.091, 5.229, 10.399, 0.000, 0.000, 0.000,, 0.65225, 0.75107, 0.09842, 0.02542,,,
 11:50:06.642,d2:03:b8:43:8d:44, 2015-01-01 00:05:01.020, -0.089, 0.986, -0.144, 2.197, -0.061, 2.686, , , , , , , 98.113, 5.208, 10.393, 0.000, 0.000, 0.000,, 0.65225, 0.75107, 0.09842, 0.02542,,,
 11:50:06.642,d2:03:b8:43:8d:44, 2015-01-01 00:05:01.020, -0.092, 0.985, -0.143, 1.892, 0.671, 3.052, , , , , , , 98.135, 5.175, 10.393, 0.000, 0.000, 0.000,, 0.65225, 0.75107, 0.09842, 0.02542,,,
 11:50:06.642,d2:03:b8:43:8d:44, 2015-01-01 00:05:01.020, -0.091, 0.983, -0.139, 1.953, 0.427, 2.686, , , , , , , 98.152, 5.147, 10.393, 0.000, 0.000, 0.000,, 0.65225, 0.75107, 0.09842, 0.02542,,,
 11:50:06.643,d2:03:b8:43:8d:44, 2015-01-01 00:05:01.020, -0.09, 0.984, -0.141, 2.136, 0.244, 2.563, , , , , , , 98.174, 5.12, 10.393, 0.000, 0.000, 0.000,, 0.65225, 0.75107, 0.09842, 0.02542,,,
 11:50:06.643,d2:03:b8:43:8d:44, 2015-01-01 00:05:01.020, -0.086, 0.984, -0.142, 2.258, -0.244, 2.808, , , , , , , 98.196, 5.092, 10.388, 0.000, 0.000, 0.000,, 0.65225, 0.75107, 0.09842, 0.02542,,,
 11:50:06.643,d2:03:b8:43:8d:44, 2015-01-01 00:05:01.020, -0.086, 0.982, -0.143, 2.319, -0.061, 2.136, , , , , , , 98.218, 5.07, 10.377, 0.000, 0.000, 0.000,, 0.65225, 0.75107, 0.09842, 0.02542,,,
 11:50:06.644,d2:03:b8:43:8d:44, 2015-01-01 00:05:01.020, -0.086, 0.983, -0.144, 2.136, -0.183, 1.282, , , , , , , 98.24, 5.054, 10.371, 0.000, 0.000, 0.000,, 0.65225, 0.75107, 0.09842, 0.02542,,,
 11:50:06.644,d2:03:b8:43:8d:44, 2015-01-01 00:05:01.020, -0.088, 0.984, -0.146, 1.77, 0.183, 1.16, , , , , , , 98.256, 5.043, 10.371, 0.000, 0.000, 0.000,, 0.65225, 0.75107, 0.09842, 0.02542,,,
 11:50:06.645,d2:03:b8:43:8d:44, 2015-01-01 00:05:01.020, -0.089, 0.984, -0.147, 1.16, 0.549, 1.099, , , , , , , 98.273, 5.032, 10.371, 0.000, 0.000, 0.000,, 0.65225, 0.75107, 0.09842, 0.02542,,,
 11:50:06.645,d2:03:b8:43:8d:44, 2015-01-01 00:05:01.020, -0.09, 0.984, -0.148, 0.61, 0.916, 1.16, , , , , , , 98.278, 5.021, 10.377, 0.000, 0.000, 0.000,, 0.65225, 0.75107, 0.09842, 0.02542,,,
 11:50:06.645,d2:03:b8:43:8d:44, 2015-01-01 00:05:01.020, -0.087, 0.984, -0.146, 0.183, 0.854, 1.465, , , , , , , 98.284, 5.004, 10.382, 0.000, 0.000, 0.000,, 0.65225, 0.75107, 0.09842, 0.02542,,,
 11:50:06.673,d2:03:b8:43:8d:44, 2015-01-01 00:05:01.020, -0.087, 0.984, -0.145, 0, 1.099, 1.343, , , , , , , 98.284, 4.993, 10.388, 0.000, 0.000, 0.000,, 0.65225, 0.75107, 0.09842, 0.02542,,,
 11:50:06.674,d2:03:b8:43:8d:44, 2015-01-01 00:05:01.020, -0.087, 0.982, -0.143, 0.122, 0.671, 0.732, , , , , , , 98.284, 4.982, 10.393, 0.000, 0.000, 0.000,, 0.65225, 0.75107, 0.09842, 0.02542,,,
 11:50:06.674,d2:03:b8:43:8d:44, 2015-01-01 00:05:01.020, -0.09, 0.983, -0.145, 0.183, 0.549, 0.305, , , , , , , 98.284, 4.977, 10.399, 0.000, 0.000, 0.000,, 0.65225, 0.75107, 0.09842, 0.02542,,,
 11:50:06.674,d2:03:b8:43:8d:44, 2015-01-01 00:05:01.020, -0.087, 0.983, -0.144, 0.183, 0.366, 0.671, , , , , , , 98.289, 4.971, 10.404, 0.000, 0.000, 0.000,, 0.65225, 0.75107, 0.09842, 0.02542,,,
 11:50:06.675,d2:03:b8:43:8d:44, 2015-01-01 00:05:01.020, -0.088, 0.984, -0.144, 0.244, 0.244, 0.916, , , , , , , 98.289, 4.96, 10.404, 0.000, 0.000, 0.000,, 0.65225, 0.75107, 0.09842, 0.02542,,,
 11:50:06.675,d2:03:b8:43:8d:44, 2015-01-01 00:05:01.020, -0.087, 0.983, -0.144, 0.305, 0.183, 0.671, , , , , , , 98.289, 4.955, 10.404, 0.000, 0.000, 0.000,, 0.65225, 0.75107, 0.09842, 0.02542,,,
 11:50:06.676,d2:03:b8:43:8d:44, 2015-01-01 00:05:01.020, -0.086, 0.985, -0.143, 0.427, 0.183, 0.793, , , , , , , 98.295, 4.944, 10.404, 0.000, 0.000, 0.000,, 0.65225, 0.75107, 0.09842, 0.02542,,,
 11:50:06.676,d2:03:b8:43:8d:44, 2015-01-01 00:05:01.020, -0.085, 0.983, -0.144, 0.427, 0.122, 0.732, , , , , , , 98.3, 4.938, 10.404, 0.000, 0.000, 0.000,, 0.65225, 0.75107, 0.09842, 0.02542,,,
 11:50:06.676,d2:03:b8:43:8d:44, 2015-01-01 00:05:01.020, -0.088, 0.983, -0.144, 0.488, 0.122, 0.183, , , , , , , 98.306, 4.933, 10.404, 0.000, 0.000, 0.000,, 0.65225, 0.75107, 0.09842, 0.02542,,,
 11:50:06.677,d2:03:b8:43:8d:44, 2015-01-01 00:05:01.020, -0.09, 0.984, -0.146, 0.366, 0.183, -0.061, , , , , , , 98.306, 4.933, 10.404, 0.000, 0.000, 0.000,, 0.65225, 0.75107, 0.09842, 0.02542,,,
 11:50:06.677,d2:03:b8:43:8d:44, 2015-01-01 00:05:01.020, -0.088, 0.984, -0.145, 0.244, 0.122, 0.366, , , , , , , 98.311, 4.933, 10.404, 0.000, 0.000, 0.000,, 0.65225, 0.75107, 0.09842, 0.02542,,,
 11:50:06.677,d2:03:b8:43:8d:44, 2015-01-01 00:05:01.020, -0.083, 0.983, -0.145, 0.061, 0, 0.793, , , , , , , 98.311, 4.927, 10.399, 0.000, 0.000, 0.000,, 0.65225, 0.75107, 0.09842, 0.02542,,,
 11:50:06.678,d2:03:b8:43:8d:44, 2015-01-01 00:05:01.020, -0.085, 0.984, -0.146, 0, 0.183, 0.488, , , , , , , 98.311, 4.922, 10.399, 0.000, 0.000, 0.000,, 0.65225, 0.75107, 0.09842, 0.02542,,,
 11:50:06.678,d2:03:b8:43:8d:44, 2015-01-01 00:05:01.020, -0.084, 0.983, -0.145, -0.122, 0.244, -0.061, , , , , , , 98.311, 4.916, 10.399, 0.000, 0.000, 0.000,, 0.65225, 0.75107, 0.09842, 0.02542,,,
 11:50:06.678,d2:03:b8:43:8d:44, 2015-01-01 00:05:01.020, -0.084, 0.984, -0.146, -0.366, 0.427, -0.305, , , , , , , 98.306, 4.922, 10.404, 0.000, 0.000, 0.000,, 0.65225, 0.75107, 0.09842, 0.02542,,,
 11:50:06.679,d2:03:b8:43:8d:44, 2015-01-01 00:05:01.020, -0.085, 0.983, -0.146, -0.549, 0.488, -1.038, , , , , , , 98.3, 4.927, 10.41, 0.000, 0.000, 0.000,, 0.65225, 0.75107, 0.09842, 0.02542,,,
 11:50:06.679,d2:03:b8:43:8d:44, 2015-01-01 00:05:01.020, -0.086, 0.983, -0.146, -0.61, 0.488, -1.465, , , , , , , 98.295, 4.938, 10.415, 0.000, 0.000, 0.000,, 0.65225, 0.75107, 0.09842, 0.02542,,,
 11:50:06.680,d2:03:b8:43:8d:44, 2015-01-01 00:05:01.020, -0.088, 0.983, -0.145, -0.671, 0.61, -1.77, , , , , , , 98.289, 4.955, 10.421, 0.000, 0.000, 0.000,, 0.65225, 0.75107, 0.09842, 0.02542,,,
 11:50:06.680,d2:03:b8:43:8d:44, 2015-01-01 00:05:01.020, -0.089, 0.984, -0.143, -0.549, 0.427, -1.953, , , , , , , 98.278, 4.977, 10.432, 0.000, 0.000, 0.000,, 0.65225, 0.75107, 0.09842, 0.02542,,,
 11:50:06.680,d2:03:b8:43:8d:44, 2015-01-01 00:05:01.020, -0.091, 0.983, -0.143, -0.366, 0.244, -1.892, , , , , , , 98.273, 4.993, 10.432, 0.000, 0.000, 0.000,, 0.65225, 0.75107, 0.09842, 0.02542,,,
 11:50:06.680,d2:03:b8:43:8d:44, 2015-01-01 00:05:01.020, -0.089, 0.985, -0.141, 0, -0.122, -1.648, , , , , , , 98.273, 5.01, 10.437, 0.000, 0.000, 0.000,, 0.65225, 0.75107, 0.09842, 0.02542,,,
 11:50:06.680,d2:03:b8:43:8d:44, 2015-01-01 00:05:01.020, -0.086, 0.982, -0.141, 0.488, -0.427, -1.709, , , , , , , 98.273, 5.026, 10.432, 0.000, 0.000, 0.000,, 0.65225, 0.75107, 0.09842, 0.02542,,,
 11:50:06.681,d2:03:b8:43:8d:44, 2015-01-01 00:05:01.020, -0.087, 0.982, -0.142, 0.916, -0.732, -2.563, , , , , , , 98.284, 5.054, 10.432, 0.000, 0.000, 0.000,, 0.65225, 0.75107, 0.09842, 0.02542,,,
 11:50:06.681,d2:03:b8:43:8d:44, 2015-01-01 00:05:01.020, -0.089, 0.982, -0.144, 1.099, -0.549, -3.113, , , , , , , 98.289, 5.081, 10.426, 0.000, 0.000, 0.000,, 0.65225, 0.75107, 0.09842, 0.02542,,,
 11:50:06.681,d2:03:b8:43:8d:44, 2015-01-01 00:05:01.020, -0.089, 0.985, -0.146, 0.916, -0.366, -3.113, , , , , , , 98.3, 5.114, 10.426, 0.000, 0.000, 0.000,, 0.65225, 0.75107, 0.09842, 0.02542,,,
 11:50:06.682,d2:03:b8:43:8d:44, 2015-01-01 00:05:01.020, -0.09, 0.983, -0.146, 0.61, 0.061, -2.991, , , , , , , 98.306, 5.147, 10.426, 0.000, 0.000, 0.000,, 0.65225, 0.75107, 0.09842, 0.02542,,,
 11:50:06.913,d2:03:b8:43:8d:44, 2015-01-01 00:05:01.020, -0.093, 0.983, -0.145, 0.366, 0.122, -3.235, , , , , , , 98.311, 5.18, 10.432, 0.000, 0.000, 0.000,, 0.65225, 0.75107, 0.09842, 0.02542,,,
 11:50:07.162,d2:03:b8:43:8d:44, 2015-01-01 00:05:01.440, -0.094, 0.984, -0.146, 0.061, 0.488, -3.052, , , , , , , 98.317, 5.208, 10.437, 0.000, 0.000, 0.000,, 0.65225, 0.75107, 0.09842, 0.02542,,,
 11:50:07.289,d2:03:b8:43:8d:44, 2015-01-01 00:05:01.885, -0.093, 0.984, -0.145, 0.122, 0.183, -2.686, , , , , , , 98.317, 5.24, 10.443, 0.000, 0.000, 0.000,, 0.65067, 0.75238, 0.09875, 0.02661,,,
 11:50:07.290,d2:03:b8:43:8d:44, 2015-01-01 00:05:01.885, -0.094, 0.982, -0.143, 0.244, 0.244, -2.747, , , , , , , 98.317, 5.262, 10.448, 0.000, 0.000, 0.000,, 0.65067, 0.75238, 0.09875, 0.02661,,,
 11:50:07.290,d2:03:b8:43:8d:44, 2015-01-01 00:05:01.885, -0.097, 0.983, -0.143, 0.61, -0.122, -3.113, , , , , , , 98.322, 5.295, 10.453, 0.000, 0.000, 0.000,, 0.65067, 0.75238, 0.09875, 0.02661,,,
 11:50:07.291,d2:03:b8:43:8d:44, 2015-01-01 00:05:01.885, -0.097, 0.983, -0.143, 0.793, -0.061, -2.747, , , , , , , 98.328, 5.323, 10.453, 0.000, 0.000, 0.000,, 0.65067, 0.75238, 0.09875, 0.02661,,,
 11:50:07.291,d2:03:b8:43:8d:44, 2015-01-01 00:05:01.885, -0.095, 0.983, -0.142, 1.099, -0.427, -1.953, , , , , , , 98.339, 5.35, 10.453, 0.000, 0.000, 0.000,, 0.65067, 0.75238, 0.09875, 0.02661,,,
 11:50:07.291,d2:03:b8:43:8d:44, 2015-01-01 00:05:01.885, -0.098, 0.984, -0.145, 1.221, 0, -1.892, , , , , , , 98.35, 5.367, 10.453, 0.000, 0.000, 0.000,, 0.65067, 0.75238, 0.09875, 0.02661,,,
 11:50:07.291,d2:03:b8:43:8d:44, 2015-01-01 00:05:01.885, -0.097, 0.984, -0.144, 1.343, -0.244, -1.16, , , , , , , 98.361, 5.383, 10.453, 0.000, 0.000, 0.000,, 0.65067, 0.75238, 0.09875, 0.02661,,,
 11:50:07.292,d2:03:b8:43:8d:44, 2015-01-01 00:05:01.885, -0.099, 0.983, -0.145, 1.404, 0, -0.61, , , , , , , 98.372, 5.394, 10.453, 0.000, 0.000, 0.000,, 0.65067, 0.75238, 0.09875, 0.02661,,,
 11:50:07.292,d2:03:b8:43:8d:44, 2015-01-01 00:05:01.885, -0.1, 0.984, -0.146, 1.465, -0.122, -0.122, , , , , , , 98.388, 5.4, 10.448, 0.000, 0.000, 0.000,, 0.65067, 0.75238, 0.09875, 0.02661,,,
 11:50:07.292,d2:03:b8:43:8d:44, 2015-01-01 00:05:01.885, -0.099, 0.985, -0.146, 1.343, 0.122, 0.916, , , , , , , 98.399, 5.394, 10.448, 0.000, 0.000, 0.000,, 0.65067, 0.75238, 0.09875, 0.02661,,,
 11:50:07.293,d2:03:b8:43:8d:44, 2015-01-01 00:05:01.885, -0.094, 0.984, -0.146, 1.282, 0, 1.892, , , , , , , 98.416, 5.378, 10.443, 0.000, 0.000, 0.000,, 0.65067, 0.75238, 0.09875, 0.02661,,,
 11:50:07.293,d2:03:b8:43:8d:44, 2015-01-01 00:05:01.885, -0.093, 0.982, -0.146, 1.404, 0.305, 2.075, , , , , , , 98.427, 5.361, 10.443, 0.000, 0.000, 0.000,, 0.65067, 0.75238, 0.09875, 0.02661,,,
 11:50:07.294,d2:03:b8:43:8d:44, 2015-01-01 00:05:01.885, -0.093, 0.982, -0.146, 1.526, 0.427, 1.831, , , , , , , 98.443, 5.339, 10.443, 0.000, 0.000, 0.000,, 0.65067, 0.75238, 0.09875, 0.02661,,,
 11:50:07.294,d2:03:b8:43:8d:44, 2015-01-01 00:05:01.885, -0.096, 0.984, -0.147, 1.709, 1.221, 1.953, , , , , , , 98.459, 5.317, 10.448, 0.000, 0.000, 0.000,, 0.65067, 0.75238, 0.09875, 0.02661,,,
 11:50:07.295,d2:03:b8:43:8d:44, 2015-01-01 00:05:01.885, -0.099, 0.984, -0.146, 1.709, 1.465, 2.502, , , , , , , 98.476, 5.295, 10.453, 0.000, 0.000, 0.000,, 0.65067, 0.75238, 0.09875, 0.02661,,,
 11:50:07.415,d2:03:b8:43:8d:44, 2015-01-01 00:05:01.885, -0.097, 0.984, -0.147, 1.648, 1.709, 3.54, , , , , , , 98.492, 5.262, 10.464, 0.000, 0.000, 0.000,, 0.65067, 0.75238, 0.09875, 0.02661,,,
 11:50:07.633,d2:03:b8:43:8d:44, 2015-01-01 00:05:01.885, -0.092, 0.983, -0.145, 1.77, 1.038, 4.578, , , , , , , 98.509, 5.219, 10.47, 0.000, 0.000, 0.000,, 0.65067, 0.75238, 0.09875, 0.02661,,,
 11:50:07.726,d2:03:b8:43:8d:44, 2015-01-01 00:05:02.300, -0.09, 0.983, -0.146, 1.953, 0.916, 4.7, , , , , , , 98.525, 5.175, 10.475, 0.000, 0.000, 0.000,, 0.65109, 0.75226, 0.09558, 0.03091,,,
 11:50:07.726,d2:03:b8:43:8d:44, 2015-01-01 00:05:02.300, -0.088, 0.981, -0.146, 2.38, 0.122, 4.333, , , , , , , 98.547, 5.125, 10.47, 0.000, 0.000, 0.000,, 0.65109, 0.75226, 0.09558, 0.03091,,,
 11:50:07.727,d2:03:b8:43:8d:44, 2015-01-01 00:05:02.300, -0.086, 0.983, -0.147, 2.625, 0, 3.845, , , , , , , 98.575, 5.087, 10.464, 0.000, 0.000, 0.000,, 0.65109, 0.75226, 0.09558, 0.03091,,,
 11:50:07.727,d2:03:b8:43:8d:44, 2015-01-01 00:05:02.300, -0.083, 0.98, -0.147, 2.93, -0.244, 3.113, , , , , , , 98.597, 5.054, 10.453, 0.000, 0.000, 0.000,, 0.65109, 0.75226, 0.09558, 0.03091,,,
 11:50:07.728,d2:03:b8:43:8d:44, 2015-01-01 00:05:02.300, -0.087, 0.981, -0.151, 2.869, -0.183, 1.892, , , , , , , 98.63, 5.032, 10.448, 0.000, 0.000, 0.000,, 0.65109, 0.75226, 0.09558, 0.03091,,,
 11:50:07.728,d2:03:b8:43:8d:44, 2015-01-01 00:05:02.300, -0.088, 0.982, -0.154, 2.441, -0.244, 1.404, , , , , , , 98.652, 5.015, 10.443, 0.000, 0.000, 0.000,, 0.65109, 0.75226, 0.09558, 0.03091,,,
 11:50:07.728,d2:03:b8:43:8d:44, 2015-01-01 00:05:02.300, -0.087, 0.983, -0.155, 1.648, 0.183, 1.587, , , , , , , 98.674, 4.999, 10.437, 0.000, 0.000, 0.000,, 0.65109, 0.75226, 0.09558, 0.03091,,,
 11:50:07.728,d2:03:b8:43:8d:44, 2015-01-01 00:05:02.300, -0.087, 0.983, -0.156, 0.854, 0.732, 2.075, , , , , , , 98.685, 4.982, 10.437, 0.000, 0.000, 0.000,, 0.65109, 0.75226, 0.09558, 0.03091,,,
 11:50:07.728,d2:03:b8:43:8d:44, 2015-01-01 00:05:02.300, -0.088, 0.984, -0.155, 0.183, 1.16, 2.197, , , , , , , 98.69, 4.96, 10.443, 0.000, 0.000, 0.000,, 0.65109, 0.75226, 0.09558, 0.03091,,,
 11:50:07.728,d2:03:b8:43:8d:44, 2015-01-01 00:05:02.300, -0.087, 0.982, -0.153, -0.122, 1.099, 2.38, , , , , , , 98.69, 4.933, 10.448, 0.000, 0.000, 0.000,, 0.65109, 0.75226, 0.09558, 0.03091,,,
 11:50:07.728,d2:03:b8:43:8d:44, 2015-01-01 00:05:02.300, -0.085, 0.983, -0.151, -0.183, 1.16, 2.441, , , , , , , 98.685, 4.911, 10.459, 0.000, 0.000, 0.000,, 0.65109, 0.75226, 0.09558, 0.03091,,,
 11:50:07.729,d2:03:b8:43:8d:44, 2015-01-01 00:05:02.300, -0.081, 0.979, -0.147, 0.305, 0.366, 1.77, , , , , , , 98.685, 4.883, 10.459, 0.000, 0.000, 0.000,, 0.65109, 0.75226, 0.09558, 0.03091,,,
 11:50:07.729,d2:03:b8:43:8d:44, 2015-01-01 00:05:02.300, -0.084, 0.981, -0.147, 1.038, 0, 0.183, , , , , , , 98.69, 4.878, 10.459, 0.000, 0.000, 0.000,, 0.65109, 0.75226, 0.09558, 0.03091,,,
 11:50:07.729,d2:03:b8:43:8d:44, 2015-01-01 00:05:02.300, -0.086, 0.981, -0.148, 1.709, -0.305, -0.732, , , , , , , 98.707, 4.883, 10.453, 0.000, 0.000, 0.000,, 0.65109, 0.75226, 0.09558, 0.03091,,,
 11:50:07.730,d2:03:b8:43:8d:44, 2015-01-01 00:05:02.300, -0.086, 0.983, -0.151, 1.892, -0.244, -0.671, , , , , , , 98.723, 4.889, 10.453, 0.000, 0.000, 0.000,, 0.65109, 0.75226, 0.09558, 0.03091,,,
 11:50:07.730,d2:03:b8:43:8d:44, 2015-01-01 00:05:02.300, -0.086, 0.983, -0.154, 1.709, 0.122, -0.549, , , , , , , 98.74, 4.9, 10.453, 0.000, 0.000, 0.000,, 0.65109, 0.75226, 0.09558, 0.03091,,,
 11:50:07.730,d2:03:b8:43:8d:44, 2015-01-01 00:05:02.300, -0.088, 0.984, -0.155, 1.221, 0.549, -0.122, , , , , , , 98.756, 4.9, 10.453, 0.000, 0.000, 0.000,, 0.65109, 0.75226, 0.09558, 0.03091,,,
 11:50:07.731,d2:03:b8:43:8d:44, 2015-01-01 00:05:02.300, -0.088, 0.982, -0.156, 0.671, 0.793, 0.427, , , , , , , 98.767, 4.9, 10.459, 0.000, 0.000, 0.000,, 0.65109, 0.75226, 0.09558, 0.03091,,,
 11:50:07.731,d2:03:b8:43:8d:44, 2015-01-01 00:05:02.300, -0.087, 0.984, -0.155, 0.122, 0.977, 0.854, , , , , , , 98.767, 4.889, 10.47, 0.000, 0.000, 0.000,, 0.65109, 0.75226, 0.09558, 0.03091,,,
 11:50:07.731,d2:03:b8:43:8d:44, 2015-01-01 00:05:02.300, -0.084, 0.982, -0.154, -0.061, 1.099, 0.854, , , , , , , 98.767, 4.878, 10.475, 0.000, 0.000, 0.000,, 0.65109, 0.75226, 0.09558, 0.03091,,,
 11:50:07.731,d2:03:b8:43:8d:44, 2015-01-01 00:05:02.300, -0.085, 0.983, -0.153, -0.305, 1.16, 0.793, , , , , , , 98.767, 4.872, 10.486, 0.000, 0.000, 0.000,, 0.65109, 0.75226, 0.09558, 0.03091,,,
 11:50:07.731,d2:03:b8:43:8d:44, 2015-01-01 00:05:02.300, -0.085, 0.981, -0.154, -0.61, 1.526, 0.549, , , , , , , 98.762, 4.861, 10.497, 0.000, 0.000, 0.000,, 0.65109, 0.75226, 0.09558, 0.03091,,,
 11:50:07.732,d2:03:b8:43:8d:44, 2015-01-01 00:05:02.300, -0.085, 0.983, -0.154, -0.916, 1.526, 0.977, , , , , , , 98.751, 4.85, 10.508, 0.000, 0.000, 0.000,, 0.65109, 0.75226, 0.09558, 0.03091,,,
 11:50:07.732,d2:03:b8:43:8d:44, 2015-01-01 00:05:02.300, -0.083, 0.982, -0.153, -0.977, 1.404, 0.549, , , , , , , 98.745, 4.845, 10.519, 0.000, 0.000, 0.000,, 0.65109, 0.75226, 0.09558, 0.03091,,,
 11:50:07.732,d2:03:b8:43:8d:44, 2015-01-01 00:05:02.300, -0.083, 0.982, -0.15, -0.854, 1.16, 0.122, , , , , , , 98.734, 4.839, 10.53, 0.000, 0.000, 0.000,, 0.65109, 0.75226, 0.09558, 0.03091,,,
 11:50:07.732,d2:03:b8:43:8d:44, 2015-01-01 00:05:02.300, -0.083, 0.98, -0.149, -0.305, 0.671, -1.16, , , , , , , 98.729, 4.839, 10.541, 0.000, 0.000, 0.000,, 0.65109, 0.75226, 0.09558, 0.03091,,,
 11:50:07.732,d2:03:b8:43:8d:44, 2015-01-01 00:05:02.300, -0.083, 0.981, -0.148, 0.183, 0.244, -2.075, , , , , , , 98.729, 4.856, 10.547, 0.000, 0.000, 0.000,, 0.65109, 0.75226, 0.09558, 0.03091,,,
 11:50:07.732,d2:03:b8:43:8d:44, 2015-01-01 00:05:02.300, -0.083, 0.98, -0.149, 0.732, 0, -3.235, , , , , , , 98.734, 4.883, 10.552, 0.000, 0.000, 0.000,, 0.65109, 0.75226, 0.09558, 0.03091,,,
 11:50:07.733,d2:03:b8:43:8d:44, 2015-01-01 00:05:02.300, -0.089, 0.981, -0.149, 1.099, -0.183, -4.272, , , , , , , 98.74, 4.922, 10.552, 0.000, 0.000, 0.000,, 0.65109, 0.75226, 0.09558, 0.03091,,,
 11:50:07.733,d2:03:b8:43:8d:44, 2015-01-01 00:05:02.300, -0.092, 0.982, -0.153, 1.282, 0.061, -4.15, , , , , , , 98.756, 4.966, 10.558, 0.000, 0.000, 0.000,, 0.65109, 0.75226, 0.09558, 0.03091,,,
 11:50:07.733,d2:03:b8:43:8d:44, 2015-01-01 00:05:02.300, -0.089, 0.983, -0.153, 1.099, 0, -3.235, , , , , , , 98.767, 5.004, 10.563, 0.000, 0.000, 0.000,, 0.65109, 0.75226, 0.09558, 0.03091,,,
 11:50:07.734,d2:03:b8:43:8d:44, 2015-01-01 00:05:02.300, -0.091, 0.983, -0.156, 0.549, 0.427, -2.747, , , , , , , 98.773, 5.032, 10.569, 0.000, 0.000, 0.000,, 0.65109, 0.75226, 0.09558, 0.03091,,,
 11:50:07.734,d2:03:b8:43:8d:44, 2015-01-01 00:05:02.300, -0.094, 0.982, -0.154, 0.122, 0.244, -2.38, , , , , , , 98.778, 5.059, 10.574, 0.000, 0.000, 0.000,, 0.65109, 0.75226, 0.09558, 0.03091,,,
 11:50:07.735,d2:03:b8:43:8d:44, 2015-01-01 00:05:02.300, -0.089, 0.983, -0.155, -0.305, 0.549, -1.099, , , , , , , 98.778, 5.076, 10.58, 0.000, 0.000, 0.000,, 0.65109, 0.75226, 0.09558, 0.03091,,,
 11:50:07.735,d2:03:b8:43:8d:44, 2015-01-01 00:05:02.300, -0.086, 0.982, -0.151, -0.244, 0.366, -0.732, , , , , , , 98.773, 5.081, 10.585, 0.000, 0.000, 0.000,, 0.65109, 0.75226, 0.09558, 0.03091,,,
 11:50:07.735,d2:03:b8:43:8d:44, 2015-01-01 00:05:02.300, -0.092, 0.98, -0.15, 0.122, 0.183, -2.197, , , , , , , 98.773, 5.098, 10.585, 0.000, 0.000, 0.000,, 0.65109, 0.75226, 0.09558, 0.03091,,,
 11:50:07.736,d2:03:b8:43:8d:44, 2015-01-01 00:05:02.300, -0.097, 0.982, -0.151, 0.427, -0.244, -2.686, , , , , , , 98.773, 5.125, 10.591, 0.000, 0.000, 0.000,, 0.65109, 0.75226, 0.09558, 0.03091,,,
 11:50:07.736,d2:03:b8:43:8d:44, 2015-01-01 00:05:02.300, -0.098, 0.984, -0.155, 0.183, 0.061, -0.977, , , , , , , 98.778, 5.147, 10.591, 0.000, 0.000, 0.000,, 0.65109, 0.75226, 0.09558, 0.03091,,,
 11:50:07.737,d2:03:b8:43:8d:44, 2015-01-01 00:05:02.300, -0.092, 0.984, -0.155, -0.061, 0.122, 0.732, , , , , , , 98.778, 5.147, 10.591, 0.000, 0.000, 0.000,, 0.65109, 0.75226, 0.09558, 0.03091,,,
 11:50:07.737,d2:03:b8:43:8d:44, 2015-01-01 00:05:02.300, -0.091, 0.982, -0.154, -0.244, 0.549, 1.465, , , , , , , 98.773, 5.131, 10.591, 0.000, 0.000, 0.000,, 0.65109, 0.75226, 0.09558, 0.03091,,,
 11:50:07.766,d2:03:b8:43:8d:44, 2015-01-01 00:05:02.300, -0.088, 0.981, -0.152, -0.122, 0.244, 1.343, , , , , , , 98.773, 5.12, 10.591, 0.000, 0.000, 0.000,, 0.65109, 0.75226, 0.09558, 0.03091,,,
 11:50:07.766,d2:03:b8:43:8d:44, 2015-01-01 00:05:02.300, -0.089, 0.982, -0.155, -0.244, 0.671, 1.282, , , , , , , 98.767, 5.103, 10.596, 0.000, 0.000, 0.000,, 0.65109, 0.75226, 0.09558, 0.03091,,,
 11:50:07.767,d2:03:b8:43:8d:44, 2015-01-01 00:05:02.300, -0.089, 0.982, -0.152, -0.183, 0.427, 0.854, , , , , , , 98.762, 5.092, 10.596, 0.000, 0.000, 0.000,, 0.65109, 0.75226, 0.09558, 0.03091,,,
 11:50:07.767,d2:03:b8:43:8d:44, 2015-01-01 00:05:02.300, -0.092, 0.983, -0.152, -0.122, 0.549, 0.793, , , , , , , 98.762, 5.087, 10.602, 0.000, 0.000, 0.000,, 0.65109, 0.75226, 0.09558, 0.03091,,,
 11:50:07.767,d2:03:b8:43:8d:44, 2015-01-01 00:05:02.300, -0.087, 0.982, -0.15, 0.183, 0, 0.793, , , , , , , 98.762, 5.076, 10.602, 0.000, 0.000, 0.000,, 0.65109, 0.75226, 0.09558, 0.03091,,,
 11:50:07.768,d2:03:b8:43:8d:44, 2015-01-01 00:05:02.300, -0.088, 0.982, -0.152, 0.305, 0, 0.549, , , , , , , 98.762, 5.07, 10.596, 0.000, 0.000, 0.000,, 0.65109, 0.75226, 0.09558, 0.03091,,,
 11:50:07.768,d2:03:b8:43:8d:44, 2015-01-01 00:05:02.300, -0.089, 0.982, -0.154, 0, 0, 0, , , , , , , 98.767, 5.07, 10.596, 0.000, 0.000, 0.000,, 0.65109, 0.75226, 0.09558, 0.03091,,,
 11:50:07.768,d2:03:b8:43:8d:44, 2015-01-01 00:05:02.300, -0.088, 0.984, -0.157, -0.671, 0.671, 0.732, , , , , , , 98.762, 5.065, 10.596, 0.000, 0.000, 0.000,, 0.65109, 0.75226, 0.09558, 0.03091,,,
 11:50:07.769,d2:03:b8:43:8d:44, 2015-01-01 00:05:02.300, -0.085, 0.983, -0.157, -1.709, 1.16, 1.221, , , , , , , 98.745, 5.054, 10.607, 0.000, 0.000, 0.000,, 0.65109, 0.75226, 0.09558, 0.03091,,,
 11:50:07.769,d2:03:b8:43:8d:44, 2015-01-01 00:05:02.300, -0.086, 0.983, -0.154, -2.197, 1.709, 0.732, , , , , , , 98.729, 5.043, 10.618, 0.000, 0.000, 0.000,, 0.65109, 0.75226, 0.09558, 0.03091,,,
 11:50:07.769,d2:03:b8:43:8d:44, 2015-01-01 00:05:02.300, -0.083, 0.98, -0.15, -2.075, 1.221, -0.061, , , , , , , 98.707, 5.037, 10.629, 0.000, 0.000, 0.000,, 0.65109, 0.75226, 0.09558, 0.03091,,,
 11:50:07.770,d2:03:b8:43:8d:44, 2015-01-01 00:05:02.300, -0.094, 0.981, -0.152, -1.953, 1.16, -1.404, , , , , , , 98.685, 5.043, 10.64, 0.000, 0.000, 0.000,, 0.65109, 0.75226, 0.09558, 0.03091,,,
 11:50:07.770,d2:03:b8:43:8d:44, 2015-01-01 00:05:02.300, -0.095, 0.983, -0.152, -2.014, 1.038, -0.854, , , , , , , 98.668, 5.054, 10.657, 0.000, 0.000, 0.000,, 0.65109, 0.75226, 0.09558, 0.03091,,,
 11:50:07.770,d2:03:b8:43:8d:44, 2015-01-01 00:05:02.300, -0.093, 0.986, -0.154, -2.441, 1.404, 1.221, , , , , , , 98.646, 5.048, 10.668, 0.000, 0.000, 0.000,, 0.65109, 0.75226, 0.09558, 0.03091,,,
 11:50:07.771,d2:03:b8:43:8d:44, 2015-01-01 00:05:02.300, -0.091, 0.983, -0.153, -2.93, 1.465, 2.197, , , , , , , 98.619, 5.032, 10.673, 0.000, 0.000, 0.000,, 0.65109, 0.75226, 0.09558, 0.03091,,,
 11:50:07.771,d2:03:b8:43:8d:44, 2015-01-01 00:05:02.300, -0.091, 0.985, -0.152, -3.235, 1.831, 2.869, , , , , , , 98.586, 5.004, 10.69, 0.000, 0.000, 0.000,, 0.65109, 0.75226, 0.09558, 0.03091,,,
 11:50:07.772,d2:03:b8:43:8d:44, 2015-01-01 00:05:02.300, -0.088, 0.983, -0.149, -3.296, 1.831, 3.784, , , , , , , 98.553, 4.966, 10.701, 0.000, 0.000, 0.000,, 0.65109, 0.75226, 0.09558, 0.03091,,,
 11:50:07.772,d2:03:b8:43:8d:44, 2015-01-01 00:05:02.300, -0.09, 0.983, -0.148, -3.174, 1.831, 3.967, , , , , , , 98.52, 4.922, 10.712, 0.000, 0.000, 0.000,, 0.65109, 0.75226, 0.09558, 0.03091,,,
 11:50:07.773,d2:03:b8:43:8d:44, 2015-01-01 00:05:02.300, -0.086, 0.982, -0.146, -2.869, 1.526, 4.028, , , , , , , 98.492, 4.883, 10.723, 0.000, 0.000, 0.000,, 0.65109, 0.75226, 0.09558, 0.03091,,,
 11:50:07.773,d2:03:b8:43:8d:44, 2015-01-01 00:05:02.300, -0.079, 0.982, -0.141, -2.197, 1.099, 3.784, , , , , , , 98.465, 4.839, 10.728, 0.000, 0.000, 0.000,, 0.65109, 0.75226, 0.09558, 0.03091,,,
 11:50:07.773,d2:03:b8:43:8d:44, 2015-01-01 00:05:02.300, -0.074, 0.98, -0.141, -1.221, 0.488, 2.625, , , , , , , 98.448, 4.807, 10.728, 0.000, 0.000, 0.000,, 0.65109, 0.75226, 0.09558, 0.03091,,,
 11:50:07.774,d2:03:b8:43:8d:44, 2015-01-01 00:05:02.300, -0.083, 0.98, -0.142, -0.366, 0.244, 0, , , , , , , 98.438, 4.796, 10.728, 0.000, 0.000, 0.000,, 0.65109, 0.75226, 0.09558, 0.03091,,,
 11:50:07.774,d2:03:b8:43:8d:44, 2015-01-01 00:05:02.300, -0.089, 0.982, -0.144, 0, 0, -0.977, , , , , , , 98.438, 4.807, 10.728, 0.000, 0.000, 0.000,, 0.65109, 0.75226, 0.09558, 0.03091,,,
 11:50:07.775,d2:03:b8:43:8d:44, 2015-01-01 00:05:02.300, -0.091, 0.985, -0.144, 0.122, -0.122, -0.183, , , , , , , 98.438, 4.812, 10.728, 0.000, 0.000, 0.000,, 0.65109, 0.75226, 0.09558, 0.03091,,,
 11:50:07.775,d2:03:b8:43:8d:44, 2015-01-01 00:05:02.300, -0.086, 0.984, -0.146, 0.183, -0.122, 1.16, , , , , , , 98.438, 4.807, 10.723, 0.000, 0.000, 0.000,, 0.65109, 0.75226, 0.09558, 0.03091,,,
 11:50:07.776,d2:03:b8:43:8d:44, 2015-01-01 00:05:02.300, -0.083, 0.985, -0.146, 0.183, 0.183, 1.831, , , , , , , 98.438, 4.79, 10.723, 0.000, 0.000, 0.000,, 0.65109, 0.75226, 0.09558, 0.03091,,,
 11:50:07.836,d2:03:b8:43:8d:44, 2015-01-01 00:05:02.300, -0.084, 0.982, -0.147, 0.183, 0.305, 1.709, , , , , , , 98.438, 4.774, 10.717, 0.000, 0.000, 0.000,, 0.65109, 0.75226, 0.09558, 0.03091,,,
 11:50:08.064,d2:03:b8:43:8d:44, 2015-01-01 00:05:02.300, -0.088, 0.984, -0.147, 0.122, 0.305, 1.709, , , , , , , 98.443, 4.757, 10.717, 0.000, 0.000, 0.000,, 0.65109, 0.75226, 0.09558, 0.03091,,,
 11:50:08.165,d2:03:b8:43:8d:44, 2015-01-01 00:05:02.720, -0.084, 0.984, -0.147, 0.122, 0.305, 2.38, , , , , , , 98.443, 4.735, 10.717, 0.000, 0.000, 0.000,, 0.65253, 0.75104, 0.09763, 0.02277,,,
 11:50:08.165,d2:03:b8:43:8d:44, 2015-01-01 00:05:02.720, -0.08, 0.985, -0.147, 0.122, 0.122, 2.686, , , , , , , 98.443, 4.708, 10.717, 0.000, 0.000, 0.000,, 0.65253, 0.75104, 0.09763, 0.02277,,,
 11:50:08.165,d2:03:b8:43:8d:44, 2015-01-01 00:05:02.720, -0.08, 0.983, -0.146, 0.305, 0.183, 2.319, , , , , , , 98.443, 4.686, 10.712, 0.000, 0.000, 0.000,, 0.65253, 0.75104, 0.09763, 0.02277,,,
 11:50:08.166,d2:03:b8:43:8d:44, 2015-01-01 00:05:02.720, -0.083, 0.983, -0.146, 0.488, 0.122, 1.404, , , , , , , 98.448, 4.664, 10.712, 0.000, 0.000, 0.000,, 0.65253, 0.75104, 0.09763, 0.02277,,,
 11:50:08.166,d2:03:b8:43:8d:44, 2015-01-01 00:05:02.720, -0.083, 0.984, -0.149, 0.488, 0.366, 1.526, , , , , , , 98.454, 4.653, 10.706, 0.000, 0.000, 0.000,, 0.65253, 0.75104, 0.09763, 0.02277,,,
 11:50:08.167,d2:03:b8:43:8d:44, 2015-01-01 00:05:02.720, -0.085, 0.985, -0.147, 0.427, 0.732, 2.014, , , , , , , 98.454, 4.636, 10.712, 0.000, 0.000, 0.000,, 0.65253, 0.75104, 0.09763, 0.02277,,,
 11:50:08.167,d2:03:b8:43:8d:44, 2015-01-01 00:05:02.720, -0.084, 0.983, -0.146, 0.732, 0.427, 2.686, , , , , , , 98.459, 4.609, 10.712, 0.000, 0.000, 0.000,, 0.65253, 0.75104, 0.09763, 0.02277,,,
 11:50:08.167,d2:03:b8:43:8d:44, 2015-01-01 00:05:02.720, -0.081, 0.983, -0.145, 1.221, 0, 2.869, , , , , , , 98.47, 4.581, 10.706, 0.000, 0.000, 0.000,, 0.65253, 0.75104, 0.09763, 0.02277,,,
 11:50:08.167,d2:03:b8:43:8d:44, 2015-01-01 00:05:02.720, -0.08, 0.982, -0.144, 1.709, -0.183, 2.747, , , , , , , 98.487, 4.554, 10.701, 0.000, 0.000, 0.000,, 0.65253, 0.75104, 0.09763, 0.02277,,,
 11:50:08.168,d2:03:b8:43:8d:44, 2015-01-01 00:05:02.720, -0.078, 0.983, -0.145, 2.319, -0.854, 2.258, , , , , , , 98.503, 4.532, 10.69, 0.000, 0.000, 0.000,, 0.65253, 0.75104, 0.09763, 0.02277,,,
 11:50:08.168,d2:03:b8:43:8d:44, 2015-01-01 00:05:02.720, -0.076, 0.984, -0.148, 2.502, -0.732, 2.258, , , , , , , 98.525, 4.51, 10.679, 0.000, 0.000, 0.000,, 0.65253, 0.75104, 0.09763, 0.02277,,,
 11:50:08.168,d2:03:b8:43:8d:44, 2015-01-01 00:05:02.720, -0.079, 0.984, -0.149, 2.38, -0.732, 1.526, , , , , , , 98.553, 4.493, 10.668, 0.000, 0.000, 0.000,, 0.65253, 0.75104, 0.09763, 0.02277,,,
 11:50:08.168,d2:03:b8:43:8d:44, 2015-01-01 00:05:02.720, -0.08, 0.984, -0.151, 2.136, -0.366, 1.465, , , , , , , 98.569, 4.477, 10.657, 0.000, 0.000, 0.000,, 0.65253, 0.75104, 0.09763, 0.02277,,,
 11:50:08.169,d2:03:b8:43:8d:44, 2015-01-01 00:05:02.720, -0.077, 0.985, -0.152, 1.648, 0, 1.892, , , , , , , 98.591, 4.46, 10.651, 0.000, 0.000, 0.000,, 0.65253, 0.75104, 0.09763, 0.02277,,,
 11:50:08.169,d2:03:b8:43:8d:44, 2015-01-01 00:05:02.720, -0.071, 0.983, -0.151, 1.221, 0.427, 2.136, , , , , , , 98.602, 4.444, 10.646, 0.000, 0.000, 0.000,, 0.65253, 0.75104, 0.09763, 0.02277,,,
 11:50:08.169,d2:03:b8:43:8d:44, 2015-01-01 00:05:02.720, -0.07, 0.982, -0.148, 1.282, 0.305, 1.099, , , , , , , 98.613, 4.422, 10.651, 0.000, 0.000, 0.000,, 0.65253, 0.75104, 0.09763, 0.02277,,,
 11:50:08.170,d2:03:b8:43:8d:44, 2015-01-01 00:05:02.720, -0.076, 0.98, -0.148, 1.526, -0.061, -1.099, , , , , , , 98.63, 4.427, 10.651, 0.000, 0.000, 0.000,, 0.65253, 0.75104, 0.09763, 0.02277,,,
 11:50:08.170,d2:03:b8:43:8d:44, 2015-01-01 00:05:02.720, -0.078, 0.982, -0.149, 1.709, -0.732, -2.197, , , , , , , 98.646, 4.444, 10.646, 0.000, 0.000, 0.000,, 0.65253, 0.75104, 0.09763, 0.02277,,,
 11:50:08.170,d2:03:b8:43:8d:44, 2015-01-01 00:05:02.720, -0.078, 0.983, -0.152, 1.587, -0.61, -2.197, , , , , , , 98.663, 4.471, 10.64, 0.000, 0.000, 0.000,, 0.65253, 0.75104, 0.09763, 0.02277,,,
 11:50:08.170,d2:03:b8:43:8d:44, 2015-01-01 00:05:02.720, -0.078, 0.983, -0.153, 1.16, -0.61, -1.953, , , , , , , 98.674, 4.493, 10.635, 0.000, 0.000, 0.000,, 0.65253, 0.75104, 0.09763, 0.02277,,,
 11:50:08.171,d2:03:b8:43:8d:44, 2015-01-01 00:05:02.720, -0.083, 0.984, -0.154, 0.671, 0, -1.953, , , , , , , 98.679, 4.51, 10.635, 0.000, 0.000, 0.000,, 0.65253, 0.75104, 0.09763, 0.02277,,,
 11:50:08.172,d2:03:b8:43:8d:44, 2015-01-01 00:05:02.720, -0.082, 0.985, -0.156, 0, 0.366, -1.221, , , , , , , 98.685, 4.526, 10.635, 0.000, 0.000, 0.000,, 0.65253, 0.75104, 0.09763, 0.02277,,,
 11:50:08.172,d2:03:b8:43:8d:44, 2015-01-01 00:05:02.720, -0.082, 0.986, -0.158, -1.038, 1.404, 0.061, , , , , , , 98.679, 4.532, 10.646, 0.000, 0.000, 0.000,, 0.65253, 0.75104, 0.09763, 0.02277,,,
 11:50:08.172,d2:03:b8:43:8d:44, 2015-01-01 00:05:02.720, -0.08, 0.982, -0.156, -1.831, 1.77, 0.366, , , , , , , 98.663, 4.526, 10.662, 0.000, 0.000, 0.000,, 0.65253, 0.75104, 0.09763, 0.02277,,,
 11:50:08.172,d2:03:b8:43:8d:44, 2015-01-01 00:05:02.720, -0.09, 0.985, -0.157, -2.625, 2.869, 0.793, , , , , , , 98.641, 4.515, 10.684, 0.000, 0.000, 0.000,, 0.65253, 0.75104, 0.09763, 0.02277,,,
 11:50:08.172,d2:03:b8:43:8d:44, 2015-01-01 00:05:02.720, -0.086, 0.985, -0.149, -2.93, 2.38, 1.831, , , , , , , 98.613, 4.499, 10.706, 0.000, 0.000, 0.000,, 0.65253, 0.75104, 0.09763, 0.02277,,,
 11:50:08.172,d2:03:b8:43:8d:44, 2015-01-01 00:05:02.720, -0.074, 0.985, -0.147, -2.686, 1.709, 3.479, , , , , , , 98.586, 4.471, 10.723, 0.000, 0.000, 0.000,, 0.65253, 0.75104, 0.09763, 0.02277,,,
 11:50:08.173,d2:03:b8:43:8d:44, 2015-01-01 00:05:02.720, -0.069, 0.979, -0.146, -2.319, 1.404, 2.991, , , , , , , 98.558, 4.433, 10.728, 0.000, 0.000, 0.000,, 0.65253, 0.75104, 0.09763, 0.02277,,,
 11:50:08.173,d2:03:b8:43:8d:44, 2015-01-01 00:05:02.720, -0.085, 0.979, -0.146, -1.709, 1.343, 0.305, , , , , , , 98.542, 4.417, 10.739, 0.000, 0.000, 0.000,, 0.65253, 0.75104, 0.09763, 0.02277,,,
 11:50:08.173,d2:03:b8:43:8d:44, 2015-01-01 00:05:02.720, -0.087, 0.985, -0.143, -0.977, 0.61, 0.061, , , , , , , 98.525, 4.417, 10.75, 0.000, 0.000, 0.000,, 0.65253, 0.75104, 0.09763, 0.02277,,,
 11:50:08.174,d2:03:b8:43:8d:44, 2015-01-01 00:05:02.720, -0.078, 0.987, -0.142, -0.061, -0.122, 1.892, , , , , , , 98.52, 4.406, 10.75, 0.000, 0.000, 0.000,, 0.65253, 0.75104, 0.09763, 0.02277,,,
 11:50:08.175,d2:03:b8:43:8d:44, 2015-01-01 00:05:02.720, -0.074, 0.981, -0.143, 0.854, -1.099, 1.16, , , , , , , 98.525, 4.389, 10.734, 0.000, 0.000, 0.000,, 0.65253, 0.75104, 0.09763, 0.02277,,,
 11:50:08.175,d2:03:b8:43:8d:44, 2015-01-01 00:05:02.720, -0.092, 0.981, -0.145, 1.709, -1.587, -0.244, , , , , , , 98.536, 4.389, 10.723, 0.000, 0.000, 0.000,, 0.65253, 0.75104, 0.09763, 0.02277,,,
 11:50:08.175,d2:03:b8:43:8d:44, 2015-01-01 00:05:02.720, -0.087, 0.98, -0.14, 2.808, -3.174, -0.793, , , , , , , 98.553, 4.4, 10.701, 0.000, 0.000, 0.000,, 0.65253, 0.75104, 0.09763, 0.02277,,,
 11:50:08.176,d2:03:b8:43:8d:44, 2015-01-01 00:05:02.720, -0.079, 0.989, -0.146, 3.723, -4.944, 2.441, , , , , , , 98.586, 4.4, 10.651, 0.000, 0.000, 0.000,, 0.65253, 0.75104, 0.09763, 0.02277,,,
 11:50:08.177,d2:03:b8:43:8d:44, 2015-01-01 00:05:02.720, -0.072, 0.98, -0.142, 4.15, -5.798, 1.465, , , , , , , 98.619, 4.384, 10.596, 0.000, 0.000, 0.000,, 0.65253, 0.75104, 0.09763, 0.02277,,,
 11:50:08.177,d2:03:b8:43:8d:44, 2015-01-01 00:05:02.720, -0.077, 0.985, -0.151, 4.395, -6.409, 0.854, , , , , , , 98.657, 4.384, 10.53, 0.000, 0.000, 0.000,, 0.65253, 0.75104, 0.09763, 0.02277,,,
 11:50:08.177,d2:03:b8:43:8d:44, 2015-01-01 00:05:02.720, -0.104, 0.982, -0.155, 3.845, -5.188, 0.61, , , , , , , 98.696, 4.389, 10.47, 0.000, 0.000, 0.000,, 0.65253, 0.75104, 0.09763, 0.02277,,,
 11:50:08.178,d2:03:b8:43:8d:44, 2015-01-01 00:05:02.720, -0.089, 0.987, -0.143, 4.395, -7.324, 3.418, , , , , , , 98.729, 4.378, 10.404, 0.000, 0.000, 0.000,, 0.65253, 0.75104, 0.09763, 0.02277,,,
 11:50:08.178,d2:03:b8:43:8d:44, 2015-01-01 00:05:02.720, -0.051, 0.984, -0.137, 6.165, -10.986, 6.409, , , , , , , 98.773, 4.34, 10.3, 0.000, 0.000, 0.000,, 0.65253, 0.75104, 0.09763, 0.02277,,,
 11:50:08.178,d2:03:b8:43:8d:44, 2015-01-01 00:05:02.720, -0.021, 0.975, -0.143, 8.362, -12.695, 1.831, , , , , , , 98.839, 4.318, 10.173, 0.000, 0.000, 0.000,, 0.65253, 0.75104, 0.09763, 0.02277,,,
 11:50:08.179,d2:03:b8:43:8d:44, 2015-01-01 00:05:02.720, -0.066, 0.969, -0.165, 8.24, -9.338, -8.362, , , , , , , 98.915, 4.367, 10.063, 0.000, 0.000, 0.000,, 0.65253, 0.75104, 0.09763, 0.02277,,,
 11:50:08.179,d2:03:b8:43:8d:44, 2015-01-01 00:05:02.720, -0.096, 0.983, -0.174, 6.348, -5.188, -12.329, , , , , , , 98.981, 4.493, 10.014, 0.000, 0.000, 0.000,, 0.65253, 0.75104, 0.09763, 0.02277,,,
 11:50:08.179,d2:03:b8:43:8d:44, 2015-01-01 00:05:02.720, -0.078, 0.993, -0.174, 3.479, -2.441, -5.188, , , , , , , 99.025, 4.587, 9.987, 0.000, 0.000, 0.000,, 0.65253, 0.75104, 0.09763, 0.02277,,,
 11:50:08.180,d2:03:b8:43:8d:44, 2015-01-01 00:05:02.720, -0.074, 0.984, -0.171, 1.099, 0, -3.357, , , , , , , 99.047, 4.625, 9.981, 0.000, 0.000, 0.000,, 0.65253, 0.75104, 0.09763, 0.02277,,,
 11:50:08.180,d2:03:b8:43:8d:44, 2015-01-01 00:05:02.720, -0.086, 0.981, -0.168, -0.61, 1.099, -5.066, , , , , , , 99.047, 4.669, 9.992, 0.000, 0.000, 0.000,, 0.65253, 0.75104, 0.09763, 0.02277,,,
 11:50:08.292,d2:03:b8:43:8d:44, 2015-01-01 00:05:02.720, -0.087, 0.986, -0.167, -2.38, 1.831, -4.272, , , , , , , 99.036, 4.713, 10.014, 0.000, 0.000, 0.000,, 0.65253, 0.75104, 0.09763, 0.02277,,,
 11:50:08.564,d2:03:b8:43:8d:44, 2015-01-01 00:05:02.720, -0.078, 0.984, -0.164, -4.211, 2.014, -2.136, , , , , , , 99.003, 4.741, 10.036, 0.000, 0.000, 0.000,, 0.65253, 0.75104, 0.09763, 0.02277,,,
 11:50:08.778,d2:03:b8:43:8d:44, 2015-01-01 00:05:02.720, -0.083, 0.983, -0.161, -5.493, 2.93, -3.357, , , , , , , 98.954, 4.763, 10.069, 0.000, 0.000, 0.000, 26.1, 0.6564, 0.74673, 0.10568, 0.01544, 410, 100,
 11:50:08.908,d2:03:b8:43:8d:44, 2015-01-01 00:05:03.345, -0.083, 0.982, -0.155, -5.737, 2.38, -4.028, , , , , , , 98.899, 4.801, 10.096, 0.000, 0.000, 0.000, 26.1, 0.6564, 0.74673, 0.10568, 0.01544, 410, 100,
 11:50:08.909,d2:03:b8:43:8d:44, 2015-01-01 00:05:03.345, -0.088, 0.98, -0.15, -5.188, 1.282, -5.371, , , , , , , 98.844, 4.845, 10.124, 0.000, 0.000, 0.000, 26.1, 0.6564, 0.74673, 0.10568, 0.01544, 410, 100,
 11:50:08.909,d2:03:b8:43:8d:44, 2015-01-01 00:05:03.345, -0.086, 0.982, -0.152, -5.005, 0, -6.226, , , , , , , 98.795, 4.9, 10.135, 0.000, 0.000, 0.000, 26.1, 0.6564, 0.74673, 0.10568, 0.01544, 410, 100,
 11:50:08.910,d2:03:b8:43:8d:44, 2015-01-01 00:05:03.345, -0.083, 0.984, -0.154, -5.188, -1.282, -6.47, , , , , , , 98.74, 4.966, 10.135, 0.000, 0.000, 0.000, 26.1, 0.6564, 0.74673, 0.10568, 0.01544, 410, 100,
 11:50:08.910,d2:03:b8:43:8d:44, 2015-01-01 00:05:03.345, -0.101, 0.982, -0.156, -5.676, -0.061, -6.592, , , , , , , 98.685, 5.032, 10.135, 0.000, 0.000, 0.000, 26.1, 0.6564, 0.74673, 0.10568, 0.01544, 410, 100,
 11:50:08.910,d2:03:b8:43:8d:44, 2015-01-01 00:05:03.345, -0.094, 0.981, -0.145, -5.188, -1.282, -6.226, , , , , , , 98.63, 5.098, 10.14, 0.000, 0.000, 0.000, 26.1, 0.6564, 0.74673, 0.10568, 0.01544, 410, 100,
 11:50:08.911,d2:03:b8:43:8d:44, 2015-01-01 00:05:03.345, -0.089, 0.984, -0.146, -4.272, -0.122, -4.578, , , , , , , 98.58, 5.153, 10.135, 0.000, 0.000, 0.000, 26.1, 0.6564, 0.74673, 0.10568, 0.01544, 410, 100,
 11:50:08.911,d2:03:b8:43:8d:44, 2015-01-01 00:05:03.345, -0.088, 0.983, -0.142, -3.052, 0.61, -4.639, , , , , , , 98.542, 5.197, 10.151, 0.000, 0.000, 0.000, 26.1, 0.6564, 0.74673, 0.10568, 0.01544, 410, 100,
 11:50:08.912,d2:03:b8:43:8d:44, 2015-01-01 00:05:03.345, -0.105, 0.979, -0.143, -1.892, 0.732, -6.287, , , , , , , 98.52, 5.251, 10.162, 0.000, 0.000, 0.000, 26.1, 0.6564, 0.74673, 0.10568, 0.01544, 410, 100,
 11:50:08.912,d2:03:b8:43:8d:44, 2015-01-01 00:05:03.345, -0.112, 0.981, -0.141, -0.671, 0.916, -5.92, , , , , , , 98.509, 5.312, 10.179, 0.000, 0.000, 0.000, 26.1, 0.6564, 0.74673, 0.10568, 0.01544, 410, 100,
 11:50:08.913,d2:03:b8:43:8d:44, 2015-01-01 00:05:03.345, -0.1, 0.99, -0.147, -0.671, 1.465, -0.977, , , , , , , 98.503, 5.345, 10.195, 0.000, 0.000, 0.000, 26.1, 0.6564, 0.74673, 0.10568, 0.01544, 410, 100,
 11:50:08.926,d2:03:b8:43:8d:44, 2015-01-01 00:05:03.345, -0.118, 0.979, -0.136, 0.916, 0.488, -0.488, , , , , , , 98.503, 5.35, 10.201, 0.000, 0.000, 0.000, 26.1, 0.6564, 0.74673, 0.10568, 0.01544, 410, 100,
 11:50:08.927,d2:03:b8:43:8d:44, 2015-01-01 00:05:03.345, -0.131, 0.983, -0.139, 2.686, 0.793, 1.038, , , , , , , 98.525, 5.35, 10.212, 0.000, 0.000, 0.000, 26.1, 0.6564, 0.74673, 0.10568, 0.01544, 410, 100,
 11:50:08.927,d2:03:b8:43:8d:44, 2015-01-01 00:05:03.345, -0.099, 0.992, -0.14, 4.211, 0, 9.888, , , , , , , 98.558, 5.295, 10.206, 0.000, 0.000, 0.000, 26.1, 0.6564, 0.74673, 0.10568, 0.01544, 410, 100,
 11:50:08.927,d2:03:b8:43:8d:44, 2015-01-01 00:05:03.345, -0.06, 0.982, -0.14, 6.042, -1.526, 11.169, , , , , , , 98.608, 5.186, 10.179, 0.000, 0.000, 0.000, 26.1, 0.6564, 0.74673, 0.10568, 0.01544, 410, 100,
 11:50:08.928,d2:03:b8:43:8d:44, 2015-01-01 00:05:03.345, -0.021, 0.977, -0.15, 6.226, -1.831, 6.287, , , , , , , 98.668, 5.098, 10.146, 0.000, 0.000, 0.000, 26.1, 0.6564, 0.74673, 0.10568, 0.01544, 410, 100,
 11:50:08.928,d2:03:b8:43:8d:44, 2015-01-01 00:05:03.345, -0.072, 0.968, -0.161, 4.761, -1.221, -5.432, , , , , , , 98.718, 5.098, 10.124, 0.000, 0.000, 0.000, 26.1, 0.6564, 0.74673, 0.10568, 0.01544, 410, 100,
 11:50:08.929,d2:03:b8:43:8d:44, 2015-01-01 00:05:03.345, -0.122, 0.972, -0.152, 4.639, -0.549, -15.198, , , , , , , 98.767, 5.219, 10.135, 0.000, 0.000, 0.000, 26.1, 0.6564, 0.74673, 0.10568, 0.01544, 410, 100,
 11:50:08.929,d2:03:b8:43:8d:44, 2015-01-01 00:05:03.345, -0.134, 0.992, -0.146, 5.188, 0, -8.667, , , , , , , 98.817, 5.339, 10.151, 0.000, 0.000, 0.000, 26.1, 0.6564, 0.74673, 0.10568, 0.01544, 410, 100,
 11:50:08.930,d2:03:b8:43:8d:44, 2015-01-01 00:05:03.345, -0.078, 0.993, -0.164, 4.578, -0.793, 0, , , , , , , 98.866, 5.383, 10.151, 0.000, 0.000, 0.000, 26.1, 0.6564, 0.74673, 0.10568, 0.01544, 410, 100,
 11:50:08.930,d2:03:b8:43:8d:44, 2015-01-01 00:05:03.345, -0.059, 0.985, -0.177, 0.977, 1.587, 3.845, , , , , , , 98.893, 5.35, 10.146, 0.000, 0.000, 0.000, 26.1, 0.6564, 0.74673, 0.10568, 0.01544, 410, 100,
 11:50:08.930,d2:03:b8:43:8d:44, 2015-01-01 00:05:03.345, -0.099, 0.966, -0.16, -0.183, 1.77, -5.981, , , , , , , 98.893, 5.356, 10.168, 0.000, 0.000, 0.000, 26.1, 0.6564, 0.74673, 0.10568, 0.01544, 410, 100,
 11:50:08.931,d2:03:b8:43:8d:44, 2015-01-01 00:05:03.345, -0.107, 0.981, -0.154, 0, 1.404, -7.996, , , , , , , 98.893, 5.438, 10.195, 0.000, 0.000, 0.000, 26.1, 0.6564, 0.74673, 0.10568, 0.01544, 410, 100,
 11:50:08.931,d2:03:b8:43:8d:44, 2015-01-01 00:05:03.345, -0.093, 0.984, -0.154, -0.061, 0, -4.395, , , , , , , 98.893, 5.493, 10.206, 0.000, 0.000, 0.000, 26.1, 0.6564, 0.74673, 0.10568, 0.01544, 410, 100,
 11:50:08.931,d2:03:b8:43:8d:44, 2015-01-01 00:05:03.345, -0.107, 0.979, -0.159, -0.305, 0.671, -5.615, , , , , , , 98.893, 5.543, 10.217, 0.000, 0.000, 0.000, 26.1, 0.6564, 0.74673, 0.10568, 0.01544, 410, 100,
 11:50:08.931,d2:03:b8:43:8d:44, 2015-01-01 00:05:03.345, -0.109, 0.982, -0.152, -0.122, 0.732, -5.005, , , , , , , 98.893, 5.598, 10.234, 0.000, 0.000, 0.000, 26.1, 0.6564, 0.74673, 0.10568, 0.01544, 410, 100,
 11:50:08.932,d2:03:b8:43:8d:44, 2015-01-01 00:05:03.345, -0.103, 0.982, -0.15, 0.61, 0.061, -3.235, , , , , , , 98.893, 5.636, 10.239, 0.000, 0.000, 0.000, 26.1, 0.6564, 0.74673, 0.10568, 0.01544, 410, 100,
 11:50:08.932,d2:03:b8:43:8d:44, 2015-01-01 00:05:03.345, -0.099, 0.979, -0.151, 0.732, -0.732, -2.625, , , , , , , 98.899, 5.663, 10.245, 0.000, 0.000, 0.000, 26.1, 0.6564, 0.74673, 0.10568, 0.01544, 410, 100,
 11:50:08.932,d2:03:b8:43:8d:44, 2015-01-01 00:05:03.345, -0.113, 0.976, -0.149, 1.648, -1.404, -4.822, , , , , , , 98.91, 5.707, 10.234, 0.000, 0.000, 0.000, 26.1, 0.6564, 0.74673, 0.10568, 0.01544, 410, 100,
 11:50:08.933,d2:03:b8:43:8d:44, 2015-01-01 00:05:03.345, -0.106, 0.982, -0.147, 2.869, -2.075, -3.418, , , , , , , 98.932, 5.751, 10.223, 0.000, 0.000, 0.000, 26.1, 0.6564, 0.74673, 0.10568, 0.01544, 410, 100,
 11:50:08.933,d2:03:b8:43:8d:44, 2015-01-01 00:05:03.345, -0.101, 0.983, -0.151, 3.723, -1.892, -0.916, , , , , , , 98.965, 5.773, 10.201, 0.000, 0.000, 0.000, 26.1, 0.6564, 0.74673, 0.10568, 0.01544, 410, 100,
 11:50:08.933,d2:03:b8:43:8d:44, 2015-01-01 00:05:03.345, -0.106, 0.978, -0.15, 4.578, -1.709, -1.099, , , , , , , 99.003, 5.784, 10.184, 0.000, 0.000, 0.000, 26.1, 0.6564, 0.74673, 0.10568, 0.01544, 410, 100,
 11:50:08.934,d2:03:b8:43:8d:44, 2015-01-01 00:05:03.345, -0.096, 0.982, -0.16, 4.639, -1.648, -0.732, , , , , , , 99.047, 5.801, 10.168, 0.000, 0.000, 0.000, 26.1, 0.6564, 0.74673, 0.10568, 0.01544, 410, 100,
 11:50:08.934,d2:03:b8:43:8d:44, 2015-01-01 00:05:03.345, -0.103, 0.981, -0.172, 2.625, -0.122, -0.122, , , , , , , 99.086, 5.806, 10.157, 0.000, 0.000, 0.000, 26.1, 0.6564, 0.74673, 0.10568, 0.01544, 410, 100,
 11:50:08.935,d2:03:b8:43:8d:44, 2015-01-01 00:05:03.345, -0.101, 0.979, -0.167, 0.977, 0.427, -0.549, , , , , , , 99.102, 5.812, 10.162, 0.000, 0.000, 0.000, 26.1, 0.6564, 0.74673, 0.10568, 0.01544, 410, 100,
 11:50:08.936,d2:03:b8:43:8d:44, 2015-01-01 00:05:03.345, -0.097, 0.98, -0.162, 0.122, 0, -0.916, , , , , , , 99.102, 5.817, 10.162, 0.000, 0.000, 0.000, 26.1, 0.6564, 0.74673, 0.10568, 0.01544, 410, 100,
 11:50:08.936,d2:03:b8:43:8d:44, 2015-01-01 00:05:03.345, -0.096, 0.982, -0.165, -0.854, 0.366, -1.953, , , , , , , 99.102, 5.828, 10.168, 0.000, 0.000, 0.000, 26.1, 0.6564, 0.74673, 0.10568, 0.01544, 410, 100,
 11:50:09.017,d2:03:b8:43:8d:44, 2015-01-01 00:05:03.345, -0.099, 0.98, -0.163, -1.892, 0.671, -2.747, , , , , , , 99.086, 5.856, 10.173, 0.000, 0.000, 0.000, 26.1, 0.6564, 0.74673, 0.10568, 0.01544, 410, 100,
 11:50:09.202,d2:03:b8:43:8d:44, 2015-01-01 00:05:03.345, -0.101, 0.979, -0.161, -2.686, 1.221, -3.418, , , , , , , 99.064, 5.883, 10.19, 0.000, 0.000, 0.000, 26.1, 0.66589, 0.73889, 0.10068, 0.01941, 410, 100,
 11:50:09.203,d2:03:b8:43:8d:44, 2015-01-01 00:05:03.790, -0.09, 0.981, -0.164, -3.784, 1.343, -3.235, , , , , , , 99.031, 5.916, 10.206, 0.000, 0.000, 0.000, 26.1, 0.66589, 0.73889, 0.10068, 0.01941, 410, 100,
 11:50:09.203,d2:03:b8:43:8d:44, 2015-01-01 00:05:03.790, -0.093, 0.983, -0.171, -6.226, 2.991, -4.272, , , , , , , 98.981, 5.949, 10.228, 0.000, 0.000, 0.000, 26.1, 0.66589, 0.73889, 0.10068, 0.01941, 410, 100,
 11:50:09.204,d2:03:b8:43:8d:44, 2015-01-01 00:05:03.790, -0.112, 0.978, -0.165, -8.484, 3.479, -6.897, , , , , , , 98.91, 5.999, 10.272, 0.000, 0.000, 0.000, 26.1, 0.66589, 0.73889, 0.10068, 0.01941, 410, 100,
 11:50:09.204,d2:03:b8:43:8d:44, 2015-01-01 00:05:03.790, -0.125, 0.981, -0.157, -9.827, 3.601, -7.019, , , , , , , 98.822, 6.07, 10.316, 0.000, 0.000, 0.000, 26.1, 0.66589, 0.73889, 0.10068, 0.01941, 410, 100,
 11:50:09.204,d2:03:b8:43:8d:44, 2015-01-01 00:05:03.790, -0.105, 0.981, -0.148, -9.949, 0.305, -5.005, , , , , , , 98.723, 6.125, 10.344, 0.000, 0.000, 0.000, 26.1, 0.66589, 0.73889, 0.10068, 0.01941, 410, 100,
 11:50:09.205,d2:03:b8:43:8d:44, 2015-01-01 00:05:03.790, -0.117, 0.98, -0.148, -9.521, 0.732, -5.859, , , , , , , 98.624, 6.174, 10.355, 0.000, 0.000, 0.000, 26.1, 0.66589, 0.73889, 0.10068, 0.01941, 410, 100,
 11:50:09.205,d2:03:b8:43:8d:44, 2015-01-01 00:05:03.790, -0.112, 0.976, -0.14, -8.179, -1.587, -6.836, , , , , , , 98.536, 6.24, 10.36, 0.000, 0.000, 0.000, 26.1, 0.66589, 0.73889, 0.10068, 0.01941, 410, 100,
 11:50:09.206,d2:03:b8:43:8d:44, 2015-01-01 00:05:03.790, -0.111, 0.983, -0.146, -7.446, -2.014, -6.287, , , , , , , 98.454, 6.312, 10.344, 0.000, 0.000, 0.000, 26.1, 0.66589, 0.73889, 0.10068, 0.01941, 410, 100,
 11:50:09.206,d2:03:b8:43:8d:44, 2015-01-01 00:05:03.790, -0.116, 0.984, -0.148, -7.446, -1.038, -5.676, , , , , , , 98.383, 6.372, 10.338, 0.000, 0.000, 0.000, 26.1, 0.66589, 0.73889, 0.10068, 0.01941, 410, 100,
 11:50:09.206,d2:03:b8:43:8d:44, 2015-01-01 00:05:03.790, -0.119, 0.985, -0.147, -7.507, 0, -4.822, , , , , , , 98.306, 6.427, 10.338, 0.000, 0.000, 0.000, 26.1, 0.66589, 0.73889, 0.10068, 0.01941, 410, 100,
 11:50:09.207,d2:03:b8:43:8d:44, 2015-01-01 00:05:03.790, -0.116, 0.982, -0.144, -7.568, -0.305, -3.784, , , , , , , 98.229, 6.471, 10.344, 0.000, 0.000, 0.000, 26.1, 0.66589, 0.73889, 0.10068, 0.01941, 410, 100,
 11:50:09.207,d2:03:b8:43:8d:44, 2015-01-01 00:05:03.790, -0.125, 0.981, -0.137, -6.775, 0.122, -3.967, , , , , , , 98.157, 6.509, 10.349, 0.000, 0.000, 0.000, 26.1, 0.66589, 0.73889, 0.10068, 0.01941, 410, 100,
 11:50:09.208,d2:03:b8:43:8d:44, 2015-01-01 00:05:03.790, -0.119, 0.98, -0.129, -4.7, -0.549, -3.357, , , , , , , 98.097, 6.548, 10.349, 0.000, 0.000, 0.000, 26.1, 0.66589, 0.73889, 0.10068, 0.01941, 410, 100,
 11:50:09.208,d2:03:b8:43:8d:44, 2015-01-01 00:05:03.790, -0.117, 0.981, -0.134, -3.479, -0.549, -2.197, , , , , , , 98.058, 6.575, 10.344, 0.000, 0.000, 0.000, 26.1, 0.66589, 0.73889, 0.10068, 0.01941, 410, 100,
 11:50:09.209,d2:03:b8:43:8d:44, 2015-01-01 00:05:03.790, -0.122, 0.978, -0.136, -2.686, -0.122, -2.258, , , , , , , 98.026, 6.597, 10.344, 0.000, 0.000, 0.000, 26.1, 0.66589, 0.73889, 0.10068, 0.01941, 410, 100,
 11:50:09.209,d2:03:b8:43:8d:44, 2015-01-01 00:05:03.790, -0.12, 0.982, -0.135, -1.953, -0.61, -1.953, , , , , , , 98.004, 6.619, 10.344, 0.000, 0.000, 0.000, 26.1, 0.66589, 0.73889, 0.10068, 0.01941, 410, 100,
 11:50:09.209,d2:03:b8:43:8d:44, 2015-01-01 00:05:03.790, -0.123, 0.983, -0.143, -2.38, -0.793, -0.916, , , , , , , 97.982, 6.636, 10.333, 0.000, 0.000, 0.000, 26.1, 0.66589, 0.73889, 0.10068, 0.01941, 410, 100,
 11:50:09.210,d2:03:b8:43:8d:44, 2015-01-01 00:05:03.790, -0.121, 0.981, -0.136, -2.747, -1.587, -0.427, , , , , , , 97.949, 6.641, 10.322, 0.000, 0.000, 0.000, 26.1, 0.66589, 0.73889, 0.10068, 0.01941, 410, 100,
 11:50:09.210,d2:03:b8:43:8d:44, 2015-01-01 00:05:03.790, -0.115, 0.982, -0.137, -2.319, -2.258, 0.305, , , , , , , 97.921, 6.647, 10.3, 0.000, 0.000, 0.000, 26.1, 0.66589, 0.73889, 0.10068, 0.01941, 410, 100,
 11:50:09.210,d2:03:b8:43:8d:44, 2015-01-01 00:05:03.790, -0.125, 0.986, -0.141, -2.991, 1.16, 1.404, , , , , , , 97.894, 6.636, 10.3, 0.000, 0.000, 0.000, 26.1, 0.66589, 0.73889, 0.10068, 0.01941, 410, 100,
 11:50:09.211,d2:03:b8:43:8d:44, 2015-01-01 00:05:03.790, -0.122, 0.98, -0.129, -2.075, 0.244, 2.319, , , , , , , 97.866, 6.619, 10.3, 0.000, 0.000, 0.000, 26.1, 0.66589, 0.73889, 0.10068, 0.01941, 410, 100,
 11:50:09.211,d2:03:b8:43:8d:44, 2015-01-01 00:05:03.790, -0.119, 0.979, -0.125, -0.366, -0.671, 2.502, , , , , , , 97.85, 6.597, 10.289, 0.000, 0.000, 0.000, 26.1, 0.66589, 0.73889, 0.10068, 0.01941, 410, 100,
 11:50:09.212,d2:03:b8:43:8d:44, 2015-01-01 00:05:03.790, -0.12, 0.98, -0.134, 0.488, -0.427, 2.441, , , , , , , 97.85, 6.57, 10.278, 0.000, 0.000, 0.000, 26.1, 0.66589, 0.73889, 0.10068, 0.01941, 410, 100,
 11:50:09.212,d2:03:b8:43:8d:44, 2015-01-01 00:05:03.790, -0.117, 0.983, -0.137, 0.427, -0.427, 3.052, , , , , , , 97.855, 6.548, 10.272, 0.000, 0.000, 0.000, 26.1, 0.66589, 0.73889, 0.10068, 0.01941, 410, 100,
 11:50:09.213,d2:03:b8:43:8d:44, 2015-01-01 00:05:03.790, -0.122, 0.981, -0.138, 0.305, -0.244, 2.93, , , , , , , 97.855, 6.515, 10.261, 0.000, 0.000, 0.000, 26.1, 0.66589, 0.73889, 0.10068, 0.01941, 410, 100,
 11:50:09.213,d2:03:b8:43:8d:44, 2015-01-01 00:05:03.790, -0.122, 0.985, -0.136, 0.305, -0.183, 4.272, , , , , , , 97.861, 6.482, 10.25, 0.000, 0.000, 0.000, 26.1, 0.66589, 0.73889, 0.10068, 0.01941, 410, 100,
 11:50:09.213,d2:03:b8:43:8d:44, 2015-01-01 00:05:03.790, -0.127, 0.983, -0.131, 1.16, -0.122, 5.371, , , , , , , 97.866, 6.432, 10.245, 0.000, 0.000, 0.000, 26.1, 0.66589, 0.73889, 0.10068, 0.01941, 410, 100,
 11:50:09.213,d2:03:b8:43:8d:44, 2015-01-01 00:05:03.790, -0.118, 0.982, -0.124, 3.235, -1.16, 6.836, , , , , , , 97.883, 6.372, 10.228, 0.000, 0.000, 0.000, 26.1, 0.66589, 0.73889, 0.10068, 0.01941, 410, 100,
 11:50:09.214,d2:03:b8:43:8d:44, 2015-01-01 00:05:03.790, -0.101, 0.98, -0.126, 5.188, -2.502, 8.118, , , , , , , 97.927, 6.301, 10.195, 0.000, 0.000, 0.000, 26.1, 0.66589, 0.73889, 0.10068, 0.01941, 410, 100,
 11:50:09.214,d2:03:b8:43:8d:44, 2015-01-01 00:05:03.790, -0.098, 0.981, -0.139, 5.432, -2.808, 6.836, , , , , , , 97.976, 6.229, 10.157, 0.000, 0.000, 0.000, 26.1, 0.66589, 0.73889, 0.10068, 0.01941, 410, 100,
 11:50:09.214,d2:03:b8:43:8d:44, 2015-01-01 00:05:03.790, -0.108, 0.98, -0.145, 4.578, -2.136, 4.395, , , , , , , 98.02, 6.18, 10.124, 0.000, 0.000, 0.000, 26.1, 0.66589, 0.73889, 0.10068, 0.01941, 410, 100,
 11:50:09.215,d2:03:b8:43:8d:44, 2015-01-01 00:05:03.790, -0.113, 0.983, -0.143, 3.906, -2.014, 3.845, , , , , , , 98.058, 6.147, 10.096, 0.000, 0.000, 0.000, 26.1, 0.66589, 0.73889, 0.10068, 0.01941, 410, 100,
 11:50:09.215,d2:03:b8:43:8d:44, 2015-01-01 00:05:03.790, -0.11, 0.983, -0.141, 3.784, -1.77, 4.517, , , , , , , 98.091, 6.103, 10.069, 0.000, 0.000, 0.000, 26.1, 0.66589, 0.73889, 0.10068, 0.01941, 410, 100,
 11:50:09.215,d2:03:b8:43:8d:44, 2015-01-01 00:05:03.790, -0.101, 0.982, -0.14, 3.784, -2.258, 5.127, , , , , , , 98.13, 6.059, 10.042, 0.000, 0.000, 0.000, 26.1, 0.66589, 0.73889, 0.10068, 0.01941, 410, 100,
 11:50:09.216,d2:03:b8:43:8d:44, 2015-01-01 00:05:03.790, -0.095, 0.983, -0.147, 3.113, -1.404, 4.578, , , , , , , 98.157, 6.015, 10.014, 0.000, 0.000, 0.000, 26.1, 0.66589, 0.73889, 0.10068, 0.01941, 410, 100,
 11:50:09.216,d2:03:b8:43:8d:44, 2015-01-01 00:05:03.790, -0.081, 0.986, -0.157, 1.099, -0.305, 4.395, , , , , , , 98.179, 5.971, 9.992, 0.000, 0.000, 0.000, 26.1, 0.66589, 0.73889, 0.10068, 0.01941, 410, 100,
 11:50:09.216,d2:03:b8:43:8d:44, 2015-01-01 00:05:03.790, -0.09, 0.985, -0.162, -2.075, 2.197, 2.136, , , , , , , 98.174, 5.938, 9.998, 0.000, 0.000, 0.000, 26.1, 0.66589, 0.73889, 0.10068, 0.01941, 410, 100,
 11:50:09.217,d2:03:b8:43:8d:44, 2015-01-01 00:05:03.790, -0.101, 0.984, -0.155, -4.578, 3.54, -0.488, , , , , , , 98.141, 5.927, 10.025, 0.000, 0.000, 0.000, 26.1, 0.66589, 0.73889, 0.10068, 0.01941, 410, 100,
 11:50:09.217,d2:03:b8:43:8d:44, 2015-01-01 00:05:03.790, -0.102, 0.986, -0.15, -6.104, 4.15, -0.977, , , , , , , 98.086, 5.933, 10.069, 0.000, 0.000, 0.000, 26.1, 0.66589, 0.73889, 0.10068, 0.01941, 410, 100,
 11:50:09.218,d2:03:b8:43:8d:44, 2015-01-01 00:05:03.790, -0.106, 0.985, -0.148, -7.324, 4.211, -0.977, , , , , , , 98.02, 5.933, 10.107, 0.000, 0.000, 0.000, 26.1, 0.66589, 0.73889, 0.10068, 0.01941, 410, 100,
 11:50:09.218,d2:03:b8:43:8d:44, 2015-01-01 00:05:03.790, -0.123, 0.985, -0.147, -8.606, 4.517, -1.587, , , , , , , 97.943, 5.944, 10.151, 0.000, 0.000, 0.000, 26.1, 0.66589, 0.73889, 0.10068, 0.01941, 410, 100,
 11:50:09.218,d2:03:b8:43:8d:44, 2015-01-01 00:05:03.790, -0.109, 0.987, -0.145, -10.01, 2.808, 0, , , , , , , 97.855, 5.949, 10.19, 0.000, 0.000, 0.000, 26.1, 0.66589, 0.73889, 0.10068, 0.01941, 410, 100,
 11:50:09.249,d2:03:b8:43:8d:44, 2015-01-01 00:05:03.790, -0.107, 0.989, -0.144, -11.292, 2.991, 2.258, , , , , , , 97.751, 5.927, 10.217, 0.000, 0.000, 0.000, 26.1, 0.66589, 0.73889, 0.10068, 0.01941, 410, 100,
 11:50:09.249,d2:03:b8:43:8d:44, 2015-01-01 00:05:03.790, -0.104, 0.982, -0.132, -11.353, 1.526, 1.892, , , , , , , 97.635, 5.905, 10.234, 0.000, 0.000, 0.000, 26.1, 0.66589, 0.73889, 0.10068, 0.01941, 410, 100,
 11:50:09.250,d2:03:b8:43:8d:44, 2015-01-01 00:05:03.790, -0.103, 0.985, -0.13, -11.108, 0.793, 1.526, , , , , , , 97.526, 5.889, 10.239, 0.000, 0.000, 0.000, 26.1, 0.66589, 0.73889, 0.10068, 0.01941, 410, 100,
 11:50:09.250,d2:03:b8:43:8d:44, 2015-01-01 00:05:03.790, -0.103, 0.985, -0.127, -10.925, 0.305, 1.648, , , , , , , 97.41, 5.872, 10.245, 0.000, 0.000, 0.000, 26.1, 0.66589, 0.73889, 0.10068, 0.01941, 410, 100,
 11:50:09.251,d2:03:b8:43:8d:44, 2015-01-01 00:05:03.790, -0.099, 0.984, -0.124, -10.559, -0.061, 1.099, , , , , , , 97.306, 5.856, 10.239, 0.000, 0.000, 0.000, 26.1, 0.66589, 0.73889, 0.10068, 0.01941, 410, 100,
 11:50:09.251,d2:03:b8:43:8d:44, 2015-01-01 00:05:03.790, -0.1, 0.981, -0.116, -9.46, -0.244, 0.305, , , , , , , 97.202, 5.85, 10.234, 0.000, 0.000, 0.000, 26.1, 0.66589, 0.73889, 0.10068, 0.01941, 410, 100,
 11:50:09.280,d2:03:b8:43:8d:44, 2015-01-01 00:05:03.790, -0.105, 0.982, -0.112, -7.629, -0.427, -0.977, , , , , , , 97.114, 5.856, 10.228, 0.000, 0.000, 0.000, 26.1, 0.66589, 0.73889, 0.10068, 0.01941, 410, 100,
 11:50:09.281,d2:03:b8:43:8d:44, 2015-01-01 00:05:03.790, -0.106, 0.981, -0.11, -5.554, -1.16, -1.587, , , , , , , 97.048, 5.872, 10.223, 0.000, 0.000, 0.000, 26.1, 0.66589, 0.73889, 0.10068, 0.01941, 410, 100,
 11:50:09.281,d2:03:b8:43:8d:44, 2015-01-01 00:05:03.790, -0.108, 0.984, -0.113, -4.028, -1.099, -1.587, , , , , , , 96.998, 5.894, 10.212, 0.000, 0.000, 0.000, 26.1, 0.66589, 0.73889, 0.10068, 0.01941, 410, 100,
 11:50:09.281,d2:03:b8:43:8d:44, 2015-01-01 00:05:03.790, -0.106, 0.986, -0.117, -3.113, -1.099, -0.854, , , , , , , 96.965, 5.905, 10.201, 0.000, 0.000, 0.000, 26.1, 0.66589, 0.73889, 0.10068, 0.01941, 410, 100,
 11:50:09.283,d2:03:b8:43:8d:44, 2015-01-01 00:05:03.790, -0.107, 0.989, -0.125, -3.54, -1.038, -0.488, , , , , , , 96.927, 5.916, 10.19, 0.000, 0.000, 0.000, 26.1, 0.66589, 0.73889, 0.10068, 0.01941, 410, 100,
 11:50:09.283,d2:03:b8:43:8d:44, 2015-01-01 00:05:03.790, -0.111, 0.987, -0.124, -4.272, -0.732, 0.244, , , , , , , 96.888, 5.916, 10.179, 0.000, 0.000, 0.000, 26.1, 0.66589, 0.73889, 0.10068, 0.01941, 410, 100,
 11:50:09.283,d2:03:b8:43:8d:44, 2015-01-01 00:05:03.790, -0.106, 0.989, -0.118, -4.028, -0.488, 1.282, , , , , , , 96.844, 5.911, 10.168, 0.000, 0.000, 0.000, 26.1, 0.66589, 0.73889, 0.10068, 0.01941, 410, 100,
 11:50:09.283,d2:03:b8:43:8d:44, 2015-01-01 00:05:03.790, -0.103, 0.988, -0.12, -3.723, -0.244, 2.502, , , , , , , 96.801, 5.889, 10.162, 0.000, 0.000, 0.000, 26.1, 0.66589, 0.73889, 0.10068, 0.01941, 410, 100,
 11:50:09.283,d2:03:b8:43:8d:44, 2015-01-01 00:05:03.790, -0.099, 0.988, -0.124, -4.211, -0.183, 2.625, , , , , , , 96.762, 5.867, 10.157, 0.000, 0.000, 0.000, 26.1, 0.66589, 0.73889, 0.10068, 0.01941, 410, 100,
 11:50:09.283,d2:03:b8:43:8d:44, 2015-01-01 00:05:03.790, -0.103, 0.988, -0.124, -5.066, -0.061, 2.075, , , , , , , 96.713, 5.845, 10.146, 0.000, 0.000, 0.000, 26.1, 0.66589, 0.73889, 0.10068, 0.01941, 410, 100,
 11:50:09.284,d2:03:b8:43:8d:44, 2015-01-01 00:05:03.790, -0.102, 0.986, -0.117, -5.249, -0.488, 0.977, , , , , , , 96.658, 5.828, 10.14, 0.000, 0.000, 0.000, 26.1, 0.66589, 0.73889, 0.10068, 0.01941, 410, 100,
 11:50:09.284,d2:03:b8:43:8d:44, 2015-01-01 00:05:03.790, -0.1, 0.984, -0.112, -4.761, -0.61, 0.427, , , , , , , 96.608, 5.823, 10.135, 0.000, 0.000, 0.000, 26.1, 0.66589, 0.73889, 0.10068, 0.01941, 410, 100,
 11:50:09.284,d2:03:b8:43:8d:44, 2015-01-01 00:05:03.790, -0.102, 0.985, -0.11, -4.15, -0.549, -0.244, , , , , , , 96.559, 5.823, 10.129, 0.000, 0.000, 0.000, 26.1, 0.66589, 0.73889, 0.10068, 0.01941, 410, 100,
 11:50:09.285,d2:03:b8:43:8d:44, 2015-01-01 00:05:03.790, -0.104, 0.981, -0.107, -3.052, -0.732, -0.793, , , , , , , 96.526, 5.828, 10.118, 0.000, 0.000, 0.000, 26.1, 0.66589, 0.73889, 0.10068, 0.01941, 410, 100,
 11:50:09.286,d2:03:b8:43:8d:44, 2015-01-01 00:05:03.790, -0.109, 0.986, -0.105, -1.648, -0.427, -0.732, , , , , , , 96.498, 5.839, 10.113, 0.000, 0.000, 0.000, 26.1, 0.66589, 0.73889, 0.10068, 0.01941, 410, 100,
 11:50:09.286,d2:03:b8:43:8d:44, 2015-01-01 00:05:03.790, -0.109, 0.985, -0.103, 0, -0.366, -0.122, , , , , , , 96.493, 5.845, 10.107, 0.000, 0.000, 0.000, 26.1, 0.66589, 0.73889, 0.10068, 0.01941, 410, 100,
 11:50:09.286,d2:03:b8:43:8d:44, 2015-01-01 00:05:03.790, -0.098, 0.988, -0.105, 1.099, -0.854, 0.916, , , , , , , 96.498, 5.845, 10.102, 0.000, 0.000, 0.000, 26.1, 0.66589, 0.73889, 0.10068, 0.01941, 410, 100,
 11:50:09.286,d2:03:b8:43:8d:44, 2015-01-01 00:05:03.790, -0.1, 0.987, -0.114, 0.854, -0.549, 0.488, , , , , , , 96.504, 5.834, 10.091, 0.000, 0.000, 0.000, 26.1, 0.66589, 0.73889, 0.10068, 0.01941, 410, 100,
 11:50:09.286,d2:03:b8:43:8d:44, 2015-01-01 00:05:03.790, -0.104, 0.989, -0.116, 0.244, -0.122, -0.488, , , , , , , 96.509, 5.839, 10.085, 0.000, 0.000, 0.000, 26.1, 0.66589, 0.73889, 0.10068, 0.01941, 410, 100,
 11:50:09.287,d2:03:b8:43:8d:44, 2015-01-01 00:05:03.790, -0.106, 0.989, -0.117, -0.244, 0.305, -0.061, , , , , , , 96.509, 5.839, 10.085, 0.000, 0.000, 0.000, 26.1, 0.66589, 0.73889, 0.10068, 0.01941, 410, 100,
 11:50:09.287,d2:03:b8:43:8d:44, 2015-01-01 00:05:03.790, -0.108, 0.986, -0.11, -0.061, 0.244, -0.183, , , , , , , 96.504, 5.845, 10.085, 0.000, 0.000, 0.000, 26.1, 0.66589, 0.73889, 0.10068, 0.01941, 410, 100,
 11:50:09.287,d2:03:b8:43:8d:44, 2015-01-01 00:05:03.790, -0.101, 0.985, -0.107, 0.977, -0.305, -0.427, , , , , , , 96.509, 5.845, 10.085, 0.000, 0.000, 0.000, 26.1, 0.66589, 0.73889, 0.10068, 0.01941, 410, 100,
 11:50:09.320,d2:03:b8:43:8d:44, 2015-01-01 00:05:03.790, -0.097, 0.984, -0.106, 2.319, -1.16, -1.038, , , , , , , 96.526, 5.856, 10.08, 0.000, 0.000, 0.000, 26.1, 0.66589, 0.73889, 0.10068, 0.01941, 410, 100,
 11:50:09.321,d2:03:b8:43:8d:44, 2015-01-01 00:05:03.790, -0.099, 0.982, -0.111, 3.296, -1.16, -3.418, , , , , , , 96.553, 5.878, 10.069, 0.000, 0.000, 0.000, 26.1, 0.66589, 0.73889, 0.10068, 0.01941, 410, 100,
 11:50:09.321,d2:03:b8:43:8d:44, 2015-01-01 00:05:03.790, -0.089, 0.994, -0.127, 2.075, -0.732, -2.93, , , , , , , 96.581, 5.916, 10.058, 0.000, 0.000, 0.000, 26.1, 0.66589, 0.73889, 0.10068, 0.01941, 410, 100,
 11:50:09.321,d2:03:b8:43:8d:44, 2015-01-01 00:05:03.790, -0.1, 0.993, -0.138, -1.465, 0.977, -3.174, , , , , , , 96.581, 5.944, 10.063, 0.000, 0.000, 0.000, 26.1, 0.66589, 0.73889, 0.10068, 0.01941, 410, 100,
 11:50:09.322,d2:03:b8:43:8d:44, 2015-01-01 00:05:03.790, -0.116, 0.989, -0.125, -3.662, 1.526, -4.517, , , , , , , 96.553, 5.982, 10.08, 0.000, 0.000, 0.000, 26.1, 0.66589, 0.73889, 0.10068, 0.01941, 410, 100,
 11:50:09.322,d2:03:b8:43:8d:44, 2015-01-01 00:05:03.790, -0.116, 0.986, -0.112, -3.662, 1.648, -3.601, , , , , , , 96.515, 6.026, 10.102, 0.000, 0.000, 0.000, 26.1, 0.66589, 0.73889, 0.10068, 0.01941, 410, 100,
 11:50:09.323,d2:03:b8:43:8d:44, 2015-01-01 00:05:03.790, -0.11, 0.987, -0.107, -2.93, 1.16, -1.099, , , , , , , 96.482, 6.048, 10.113, 0.000, 0.000, 0.000, 26.1, 0.66589, 0.73889, 0.10068, 0.01941, 410, 100,
 11:50:09.323,d2:03:b8:43:8d:44, 2015-01-01 00:05:03.790, -0.119, 0.983, -0.103, -1.526, 1.038, -1.221, , , , , , , 96.46, 6.053, 10.124, 0.000, 0.000, 0.000, 26.1, 0.66589, 0.73889, 0.10068, 0.01941, 410, 100,
 11:50:09.323,d2:03:b8:43:8d:44, 2015-01-01 00:05:03.790, -0.122, 0.982, -0.096, 0.916, 0.122, -1.099, , , , , , , 96.46, 6.07, 10.129, 0.000, 0.000, 0.000, 26.1, 0.66589, 0.73889, 0.10068, 0.01941, 410, 100,
 11:50:09.324,d2:03:b8:43:8d:44, 2015-01-01 00:05:03.790, -0.109, 0.983, -0.095, 3.601, -1.282, 0.61, , , , , , , 96.482, 6.07, 10.124, 0.000, 0.000, 0.000, 26.1, 0.66589, 0.73889, 0.10068, 0.01941, 410, 100,
 11:50:09.324,d2:03:b8:43:8d:44, 2015-01-01 00:05:03.790, -0.116, 0.984, -0.102, 5.554, -2.075, 0.549, , , , , , , 96.526, 6.064, 10.102, 0.000, 0.000, 0.000, 26.1, 0.66589, 0.73889, 0.10068, 0.01941, 410, 100,
 11:50:09.324,d2:03:b8:43:8d:44, 2015-01-01 00:05:03.790, -0.109, 0.988, -0.109, 6.592, -2.014, 0.732, , , , , , , 96.586, 6.064, 10.08, 0.000, 0.000, 0.000, 26.1, 0.66589, 0.73889, 0.10068, 0.01941, 410, 100,
 11:50:09.325,d2:03:b8:43:8d:44, 2015-01-01 00:05:03.790, -0.114, 0.994, -0.119, 6.409, -0.488, 4.028, , , , , , , 96.652, 6.042, 10.063, 0.000, 0.000, 0.000, 26.1, 0.66589, 0.73889, 0.10068, 0.01941, 410, 100,
 11:50:09.325,d2:03:b8:43:8d:44, 2015-01-01 00:05:03.790, -0.11, 0.99, -0.124, 5.493, 0, 4.7, , , , , , , 96.707, 5.999, 10.058, 0.000, 0.000, 0.000, 26.1, 0.66589, 0.73889, 0.10068, 0.01941, 410, 100,
 11:50:09.325,d2:03:b8:43:8d:44, 2015-01-01 00:05:03.790, -0.102, 0.993, -0.13, 3.54, 0.549, 6.958, , , , , , , 96.751, 5.938, 10.052, 0.000, 0.000, 0.000, 26.1, 0.66589, 0.73889, 0.10068, 0.01941, 410, 100,
 11:50:09.326,d2:03:b8:43:8d:44, 2015-01-01 00:05:03.790, -0.091, 0.988, -0.131, 1.465, 0.793, 7.202, , , , , , , 96.773, 5.867, 10.047, 0.000, 0.000, 0.000, 26.1, 0.66589, 0.73889, 0.10068, 0.01941, 410, 100,
 11:50:09.326,d2:03:b8:43:8d:44, 2015-01-01 00:05:03.790, -0.091, 0.989, -0.133, -0.916, 1.709, 6.714, , , , , , , 96.779, 5.795, 10.052, 0.000, 0.000, 0.000, 26.1, 0.66589, 0.73889, 0.10068, 0.01941, 410, 100,
 11:50:09.327,d2:03:b8:43:8d:44, 2015-01-01 00:05:03.790, -0.098, 0.986, -0.129, -2.747, 2.38, 4.7, , , , , , , 96.757, 5.735, 10.063, 0.000, 0.000, 0.000, 26.1, 0.66589, 0.73889, 0.10068, 0.01941, 410, 100,
 11:50:09.327,d2:03:b8:43:8d:44, 2015-01-01 00:05:03.790, -0.093, 0.985, -0.12, -3.235, 2.136, 3.845, , , , , , , 96.724, 5.691, 10.08, 0.000, 0.000, 0.000, 26.1, 0.66589, 0.73889, 0.10068, 0.01941, 410, 100,
 11:50:09.327,d2:03:b8:43:8d:44, 2015-01-01 00:05:03.790, -0.09, 0.985, -0.118, -3.235, 1.77, 2.625, , , , , , , 96.696, 5.658, 10.096, 0.000, 0.000, 0.000, 26.1, 0.66589, 0.73889, 0.10068, 0.01941, 410, 100,
 11:50:09.327,d2:03:b8:43:8d:44, 2015-01-01 00:05:03.790, -0.1, 0.985, -0.117, -3.357, 1.282, 0.366, , , , , , , 96.663, 5.641, 10.107, 0.000, 0.000, 0.000, 26.1, 0.66589, 0.73889, 0.10068, 0.01941, 410, 100,
 11:50:09.328,d2:03:b8:43:8d:44, 2015-01-01 00:05:03.790, -0.104, 0.988, -0.115, -3.479, 1.221, -0.427, , , , , , , 96.625, 5.641, 10.118, 0.000, 0.000, 0.000, 26.1, 0.66589, 0.73889, 0.10068, 0.01941, 410, 100,
 11:50:09.328,d2:03:b8:43:8d:44, 2015-01-01 00:05:03.790, -0.099, 0.989, -0.116, -3.845, 0.305, 0.183, , , , , , , 96.592, 5.641, 10.129, 0.000, 0.000, 0.000, 26.1, 0.66589, 0.73889, 0.10068, 0.01941, 410, 100,
 11:50:09.328,d2:03:b8:43:8d:44, 2015-01-01 00:05:03.790, -0.1, 0.992, -0.122, -5.249, 0.488, -0.244, , , , , , , 96.542, 5.647, 10.129, 0.000, 0.000, 0.000, 26.1, 0.66589, 0.73889, 0.10068, 0.01941, 410, 100,
 11:50:09.329,d2:03:b8:43:8d:44, 2015-01-01 00:05:03.790, -0.102, 0.993, -0.122, -7.019, 0.793, 0.427, , , , , , , 96.482, 5.641, 10.135, 0.000, 0.000, 0.000, 26.1, 0.66589, 0.73889, 0.10068, 0.01941, 410, 100,
 11:50:09.329,d2:03:b8:43:8d:44, 2015-01-01 00:05:03.790, -0.099, 0.993, -0.122, -9.033, 1.16, 0.427, , , , , , , 96.4, 5.636, 10.146, 0.000, 0.000, 0.000, 26.1, 0.66589, 0.73889, 0.10068, 0.01941, 410, 100,
 11:50:09.330,d2:03:b8:43:8d:44, 2015-01-01 00:05:03.790, -0.104, 0.995, -0.122, -11.475, 1.953, 1.221, , , , , , , 96.295, 5.625, 10.157, 0.000, 0.000, 0.000, 26.1, 0.66589, 0.73889, 0.10068, 0.01941, 410, 100,
 11:50:09.330,d2:03:b8:43:8d:44, 2015-01-01 00:05:03.790, -0.104, 0.993, -0.113, -12.878, 2.38, 2.136, , , , , , , 96.174, 5.609, 10.179, 0.000, 0.000, 0.000, 26.1, 0.66589, 0.73889, 0.10068, 0.01941, 410, 100,
 11:50:09.331,d2:03:b8:43:8d:44, 2015-01-01 00:05:03.790, -0.105, 0.988, -0.099, -12.329, 1.587, 3.662, , , , , , , 96.048, 5.576, 10.19, 0.000, 0.000, 0.000, 26.1, 0.66589, 0.73889, 0.10068, 0.01941, 410, 100,
 11:50:09.331,d2:03:b8:43:8d:44, 2015-01-01 00:05:03.790, -0.112, 0.985, -0.092, -10.315, 1.953, 3.906, , , , , , , 95.933, 5.537, 10.206, 0.000, 0.000, 0.000, 26.1, 0.66589, 0.73889, 0.10068, 0.01941, 410, 100,
 11:50:09.359,d2:03:b8:43:8d:44, 2015-01-01 00:05:03.790, -0.106, 0.986, -0.089, -7.69, 1.526, 5.981, , , , , , , 95.845, 5.488, 10.217, 0.000, 0.000, 0.000, 26.1, 0.66589, 0.73889, 0.10068, 0.01941, 410, 100,
 11:50:09.359,d2:03:b8:43:8d:44, 2015-01-01 00:05:03.790, -0.098, 0.985, -0.087, -5.066, 0.854, 7.324, , , , , , , 95.784, 5.416, 10.223, 0.000, 0.000, 0.000, 26.1, 0.66589, 0.73889, 0.10068, 0.01941, 410, 100,
 11:50:09.360,d2:03:b8:43:8d:44, 2015-01-01 00:05:03.790, -0.094, 0.982, -0.088, -2.38, -0.183, 7.019, , , , , , , 95.746, 5.345, 10.212, 0.000, 0.000, 0.000, 26.1, 0.66589, 0.73889, 0.10068, 0.01941, 410, 100,
 11:50:09.360,d2:03:b8:43:8d:44, 2015-01-01 00:05:03.790, -0.095, 0.984, -0.091, -0.366, -0.427, 5.981, , , , , , , 95.729, 5.284, 10.201, 0.000, 0.000, 0.000, 26.1, 0.66589, 0.73889, 0.10068, 0.01941, 410, 100,
 11:50:09.360,d2:03:b8:43:8d:44, 2015-01-01 00:05:03.790, -0.092, 0.987, -0.093, 0.977, -0.488, 5.676, , , , , , , 95.735, 5.224, 10.19, 0.000, 0.000, 0.000, 26.1, 0.66589, 0.73889, 0.10068, 0.01941, 410, 100,
 11:50:09.361,d2:03:b8:43:8d:44, 2015-01-01 00:05:03.790, -0.088, 0.99, -0.096, 1.709, -0.549, 6.165, , , , , , , 95.746, 5.169, 10.179, 0.000, 0.000, 0.000, 26.1, 0.66589, 0.73889, 0.10068, 0.01941, 410, 100,
 11:50:09.361,d2:03:b8:43:8d:44, 2015-01-01 00:05:03.790, -0.091, 0.989, -0.101, 1.77, -0.366, 5.554, , , , , , , 95.762, 5.109, 10.162, 0.000, 0.000, 0.000, 26.1, 0.66589, 0.73889, 0.10068, 0.01941, 410, 100,
 11:50:09.361,d2:03:b8:43:8d:44, 2015-01-01 00:05:03.790, -0.092, 0.992, -0.1, 1.709, -0.183, 5.676, , , , , , , 95.779, 5.054, 10.151, 0.000, 0.000, 0.000, 26.1, 0.66589, 0.73889, 0.10068, 0.01941, 410, 100,
 11:50:09.362,d2:03:b8:43:8d:44, 2015-01-01 00:05:03.790, -0.084, 0.989, -0.099, 1.831, -0.244, 6.47, , , , , , , 95.795, 4.993, 10.146, 0.000, 0.000, 0.000, 26.1, 0.66589, 0.73889, 0.10068, 0.01941, 410, 100,
 11:50:09.362,d2:03:b8:43:8d:44, 2015-01-01 00:05:03.790, -0.08, 0.994, -0.105, 1.099, -0.061, 6.836, , , , , , , 95.812, 4.927, 10.135, 0.000, 0.000, 0.000, 26.1, 0.66589, 0.73889, 0.10068, 0.01941, 410, 100,
 11:50:09.441,d2:03:b8:43:8d:44, 2015-01-01 00:05:03.790, -0.092, 0.992, -0.106, 0, 0.488, 5.798, , , , , , , 95.812, 4.861, 10.129, 0.000, 0.000, 0.000, 26.1, 0.66589, 0.73889, 0.10068, 0.01941, 410, 100,
 11:50:09.690,d2:03:b8:43:8d:44, 2015-01-01 00:05:03.790, -0.095, 0.993, -0.102, -0.305, 0.732, 6.042, , , , , , , 95.812, 4.807, 10.129, 0.000, 0.000, 0.000, 26.1, 0.66589, 0.73889, 0.10068, 0.01941, 410, 100,
 11:50:09.965,d2:03:b8:43:8d:44, 2015-01-01 00:05:04.240, -0.088, 0.992, -0.099, 0, 0.793, 8.179, , , , , , , 95.806, 4.735, 10.124, 0.000, 0.000, 0.000, 26.1, 0.66708, 0.73895, 0.0882, 0.03287, 410, 100,
 11:50:10.031,d2:03:b8:43:8d:44, 2015-01-01 00:05:04.685, -0.073, 0.99, -0.098, 0.427, 0.488, 9.216, , , , , , , 95.806, 4.647, 10.124, 0.000, 0.000, 0.000, 26.1, 0.66516, 0.74066, 0.08798, 0.03329, 410, 100,
 11:50:10.072,d2:03:b8:43:8d:44, 2015-01-01 00:05:04.685, -0.079, 0.986, -0.099, 1.16, 0, 7.202, , , , , , , 95.817, 4.559, 10.118, 0.000, 0.000, 0.000, 26.1, 0.66516, 0.74066, 0.08798, 0.03329, 410, 100,
 11:50:10.073,d2:03:b8:43:8d:44, 2015-01-01 00:05:04.685, -0.087, 0.988, -0.097, 2.014, -0.061, 5.554, , , , , , , 95.828, 4.504, 10.107, 0.000, 0.000, 0.000, 26.1, 0.66516, 0.74066, 0.08798, 0.03329, 410, 100,
 11:50:10.073,d2:03:b8:43:8d:44, 2015-01-01 00:05:04.685, -0.078, 0.989, -0.096, 3.174, -0.427, 6.836, , , , , , , 95.856, 4.438, 10.096, 0.000, 0.000, 0.000, 26.1, 0.66516, 0.74066, 0.08798, 0.03329, 410, 100,
 11:50:10.074,d2:03:b8:43:8d:44, 2015-01-01 00:05:04.685, -0.072, 0.988, -0.096, 4.333, -0.61, 7.324, , , , , , , 95.894, 4.367, 10.08, 0.000, 0.000, 0.000, 26.1, 0.66516, 0.74066, 0.08798, 0.03329, 410, 100,
 11:50:10.074,d2:03:b8:43:8d:44, 2015-01-01 00:05:04.685, -0.071, 0.99, -0.103, 4.883, -0.061, 6.592, , , , , , , 95.938, 4.301, 10.069, 0.000, 0.000, 0.000, 26.1, 0.66516, 0.74066, 0.08798, 0.03329, 410, 100,
 11:50:10.074,d2:03:b8:43:8d:44, 2015-01-01 00:05:04.685, -0.072, 0.993, -0.107, 4.7, 0.488, 6.775, , , , , , , 95.988, 4.235, 10.063, 0.000, 0.000, 0.000, 26.1, 0.66516, 0.74066, 0.08798, 0.03329, 410, 100,
 11:50:10.075,d2:03:b8:43:8d:44, 2015-01-01 00:05:04.685, -0.079, 0.991, -0.106, 4.639, 1.709, 6.348, , , , , , , 96.031, 4.169, 10.063, 0.000, 0.000, 0.000, 26.1, 0.66516, 0.74066, 0.08798, 0.03329, 410, 100,
 11:50:10.076,d2:03:b8:43:8d:44, 2015-01-01 00:05:04.685, -0.067, 0.991, -0.104, 4.883, 0.305, 7.141, , , , , , , 96.081, 4.103, 10.069, 0.000, 0.000, 0.000, 26.1, 0.66516, 0.74066, 0.08798, 0.03329, 410, 100,
 11:50:10.076,d2:03:b8:43:8d:44, 2015-01-01 00:05:04.685, -0.061, 0.988, -0.108, 4.639, 0.183, 5.554, , , , , , , 96.125, 4.037, 10.063, 0.000, 0.000, 0.000, 26.1, 0.66516, 0.74066, 0.08798, 0.03329, 410, 100,
 11:50:10.076,d2:03:b8:43:8d:44, 2015-01-01 00:05:04.685, -0.061, 0.992, -0.111, 3.845, 0.244, 3.784, , , , , , , 96.169, 3.994, 10.058, 0.000, 0.000, 0.000, 26.1, 0.66516, 0.74066, 0.08798, 0.03329, 410, 100,
 11:50:10.077,d2:03:b8:43:8d:44, 2015-01-01 00:05:04.685, -0.054, 0.994, -0.119, 2.014, 0.305, 2.319, , , , , , , 96.196, 3.961, 10.058, 0.000, 0.000, 0.000, 26.1, 0.66516, 0.74066, 0.08798, 0.03329, 410, 100,
 11:50:10.077,d2:03:b8:43:8d:44, 2015-01-01 00:05:04.685, -0.057, 0.994, -0.121, -0.488, 0.488, 0.793, , , , , , , 96.202, 3.944, 10.058, 0.000, 0.000, 0.000, 26.1, 0.66516, 0.74066, 0.08798, 0.03329, 410, 100,
 11:50:10.078,d2:03:b8:43:8d:44, 2015-01-01 00:05:04.685, -0.068, 0.99, -0.114, -1.77, 0.671, -2.136, , , , , , , 96.191, 3.955, 10.063, 0.000, 0.000, 0.000, 26.1, 0.66516, 0.74066, 0.08798, 0.03329, 410, 100,
 11:50:10.078,d2:03:b8:43:8d:44, 2015-01-01 00:05:04.685, -0.072, 0.992, -0.11, -2.38, 0.671, -2.991, , , , , , , 96.169, 3.983, 10.074, 0.000, 0.000, 0.000, 26.1, 0.66516, 0.74066, 0.08798, 0.03329, 410, 100,
 11:50:10.079,d2:03:b8:43:8d:44, 2015-01-01 00:05:04.685, -0.073, 0.991, -0.109, -2.808, 0.732, -2.686, , , , , , , 96.141, 4.01, 10.08, 0.000, 0.000, 0.000, 26.1, 0.66516, 0.74066, 0.08798, 0.03329, 410, 100,
 11:50:10.079,d2:03:b8:43:8d:44, 2015-01-01 00:05:04.685, -0.083, 0.989, -0.105, -2.808, 0.671, -2.625, , , , , , , 96.114, 4.037, 10.091, 0.000, 0.000, 0.000, 26.1, 0.66516, 0.74066, 0.08798, 0.03329, 410, 100,
 11:50:10.080,d2:03:b8:43:8d:44, 2015-01-01 00:05:04.685, -0.091, 0.988, -0.098, -1.404, 0.61, -1.953, , , , , , , 96.092, 4.059, 10.102, 0.000, 0.000, 0.000, 26.1, 0.66516, 0.74066, 0.08798, 0.03329, 410, 100,
 11:50:10.080,d2:03:b8:43:8d:44, 2015-01-01 00:05:04.685, -0.089, 0.988, -0.093, 0.793, 0, 0.488, , , , , , , 96.086, 4.065, 10.102, 0.000, 0.000, 0.000, 26.1, 0.66516, 0.74066, 0.08798, 0.03329, 410, 100,
 11:50:10.080,d2:03:b8:43:8d:44, 2015-01-01 00:05:04.685, -0.083, 0.986, -0.091, 3.479, -0.366, 2.747, , , , , , , 96.108, 4.048, 10.096, 0.000, 0.000, 0.000, 26.1, 0.66516, 0.74066, 0.08798, 0.03329, 410, 100,
 11:50:10.081,d2:03:b8:43:8d:44, 2015-01-01 00:05:04.685, -0.068, 0.987, -0.091, 6.104, -1.038, 4.578, , , , , , , 96.158, 4.01, 10.085, 0.000, 0.000, 0.000, 26.1, 0.66516, 0.74066, 0.08798, 0.03329, 410, 100,
 11:50:10.081,d2:03:b8:43:8d:44, 2015-01-01 00:05:04.685, -0.076, 0.987, -0.095, 8.667, 0.183, 4.7, , , , , , , 96.229, 3.966, 10.074, 0.000, 0.000, 0.000, 26.1, 0.66516, 0.74066, 0.08798, 0.03329, 410, 100,
 11:50:10.081,d2:03:b8:43:8d:44, 2015-01-01 00:05:04.685, -0.074, 0.989, -0.095, 11.414, 0.122, 5.31, , , , , , , 96.334, 3.917, 10.069, 0.000, 0.000, 0.000, 26.1, 0.66516, 0.74066, 0.08798, 0.03329, 410, 100,
 11:50:10.082,d2:03:b8:43:8d:44, 2015-01-01 00:05:04.685, -0.064, 0.996, -0.111, 11.841, 0.61, 7.507, , , , , , , 96.449, 3.851, 10.063, 0.000, 0.000, 0.000, 26.1, 0.66516, 0.74066, 0.08798, 0.03329, 410, 100,
 11:50:10.082,d2:03:b8:43:8d:44, 2015-01-01 00:05:04.685, -0.067, 0.993, -0.12, 10.742, 1.343, 8.301, , , , , , , 96.564, 3.768, 10.063, 0.000, 0.000, 0.000, 26.1, 0.66516, 0.74066, 0.08798, 0.03329, 410, 100,
 11:50:10.082,d2:03:b8:43:8d:44, 2015-01-01 00:05:04.685, -0.064, 0.991, -0.12, 10.01, 1.343, 7.446, , , , , , , 96.663, 3.691, 10.063, 0.000, 0.000, 0.000, 26.1, 0.66516, 0.74066, 0.08798, 0.03329, 410, 100,
 11:50:10.083,d2:03:b8:43:8d:44, 2015-01-01 00:05:04.685, -0.056, 0.992, -0.125, 8.667, 1.526, 8.057, , , , , , , 96.757, 3.615, 10.069, 0.000, 0.000, 0.000, 26.1, 0.66516, 0.74066, 0.08798, 0.03329, 410, 100,
 11:50:10.083,d2:03:b8:43:8d:44, 2015-01-01 00:05:04.685, -0.055, 0.992, -0.129, 6.897, 1.465, 6.714, , , , , , , 96.833, 3.538, 10.074, 0.000, 0.000, 0.000, 26.1, 0.66516, 0.74066, 0.08798, 0.03329, 410, 100,
 11:50:10.083,d2:03:b8:43:8d:44, 2015-01-01 00:05:04.685, -0.057, 0.989, -0.128, 5.31, 0.366, 4.639, , , , , , , 96.894, 3.483, 10.074, 0.000, 0.000, 0.000, 26.1, 0.66516, 0.74066, 0.08798, 0.03329, 410, 100,
 11:50:10.084,d2:03:b8:43:8d:44, 2015-01-01 00:05:04.685, -0.057, 0.989, -0.125, 4.395, 0.061, 2.808, , , , , , , 96.943, 3.444, 10.074, 0.000, 0.000, 0.000, 26.1, 0.66516, 0.74066, 0.08798, 0.03329, 410, 100,
 11:50:10.084,d2:03:b8:43:8d:44, 2015-01-01 00:05:04.685, -0.051, 0.989, -0.125, 3.906, -0.732, 2.319, , , , , , , 96.982, 3.422, 10.063, 0.000, 0.000, 0.000, 26.1, 0.66516, 0.74066, 0.08798, 0.03329, 410, 100,
 11:50:10.085,d2:03:b8:43:8d:44, 2015-01-01 00:05:04.685, -0.048, 0.989, -0.128, 3.174, -0.671, 0.305, , , , , , , 97.015, 3.406, 10.052, 0.000, 0.000, 0.000, 26.1, 0.66516, 0.74066, 0.08798, 0.03329, 410, 100,
 11:50:10.085,d2:03:b8:43:8d:44, 2015-01-01 00:05:04.685, -0.044, 0.989, -0.135, 1.709, -0.793, -1.404, , , , , , , 97.042, 3.417, 10.042, 0.000, 0.000, 0.000, 26.1, 0.66516, 0.74066, 0.08798, 0.03329, 410, 100,
 11:50:10.085,d2:03:b8:43:8d:44, 2015-01-01 00:05:04.685, -0.043, 0.994, -0.146, -1.343, 0.305, -3.174, , , , , , , 97.042, 3.444, 10.042, 0.000, 0.000, 0.000, 26.1, 0.66516, 0.74066, 0.08798, 0.03329, 410, 100,
 11:50:10.224,d2:03:b8:43:8d:44, 2015-01-01 00:05:04.685, -0.062, 0.994, -0.148, -5.615, 2.136, -4.639, , , , , , , 97.004, 3.483, 10.058, 0.000, 0.000, 0.000, 26.1, 0.66516, 0.74066, 0.08798, 0.03329, 410, 100,
 11:50:10.488,d2:03:b8:43:8d:44, 2015-01-01 00:05:04.685, -0.079, 0.995, -0.135, -8.423, 3.296, -5.249, , , , , , , 96.932, 3.532, 10.096, 0.000, 0.000, 0.000, 26.1, 0.66516, 0.74066, 0.08798, 0.03329, 410, 100,
 11:50:10.760,d2:03:b8:43:8d:44, 2015-01-01 00:05:05.100, -0.066, 0.987, -0.113, -8.606, 0.671, -3.906, , , , , , , 96.844, 3.571, 10.118, 0.000, 0.000, 0.000, 26.1, 0.65991, 0.74536, 0.08459, 0.04144, 410, 100,
 11:50:10.996,d2:03:b8:43:8d:44, 2015-01-01 00:05:05.100, -0.066, 0.989, -0.113, -7.751, -0.122, -4.211, , , , , , , 96.762, 3.615, 10.124, 0.000, 0.000, 0.000, 26.1, 0.65729, 0.74725, 0.08853, 0.04056, 410, 100,
 11:50:11.020,d2:03:b8:43:8d:44, 2015-01-01 00:05:05.520, -0.067, 0.988, -0.114, -7.141, -0.244, -4.15, , , , , , , 96.691, 3.653, 10.124, 0.000, 0.000, 0.000, 26.1, 0.65729, 0.74725, 0.08853, 0.04056, 410, 100,
 11:50:11.021,d2:03:b8:43:8d:44, 2015-01-01 00:05:05.520, -0.066, 0.992, -0.113, -6.958, -0.183, -3.845, , , , , , , 96.619, 3.697, 10.124, 0.000, 0.000, 0.000, 26.1, 0.65729, 0.74725, 0.08853, 0.04056, 410, 100,
 11:50:11.044,d2:03:b8:43:8d:44, 2015-01-01 00:05:05.520, -0.067, 0.99, -0.112, -6.714, 0.061, -3.54, , , , , , , 96.548, 3.73, 10.129, 0.000, 0.000, 0.000, 26.1, 0.65729, 0.74725, 0.08853, 0.04056, 410, 100,
 11:50:11.044,d2:03:b8:43:8d:44, 2015-01-01 00:05:05.520, -0.064, 0.989, -0.107, -6.042, -0.488, -4.028, , , , , , , 96.482, 3.774, 10.129, 0.000, 0.000, 0.000, 26.1, 0.65729, 0.74725, 0.08853, 0.04056, 410, 100,
 11:50:11.045,d2:03:b8:43:8d:44, 2015-01-01 00:05:05.520, -0.072, 0.985, -0.104, -4.578, -0.488, -5.188, , , , , , , 96.427, 3.818, 10.124, 0.000, 0.000, 0.000, 26.1, 0.65729, 0.74725, 0.08853, 0.04056, 410, 100,
 11:50:11.045,d2:03:b8:43:8d:44, 2015-01-01 00:05:05.520, -0.072, 0.99, -0.104, -2.93, -0.488, -5.127, , , , , , , 96.394, 3.873, 10.124, 0.000, 0.000, 0.000, 26.1, 0.65729, 0.74725, 0.08853, 0.04056, 410, 100,
 11:50:11.046,d2:03:b8:43:8d:44, 2015-01-01 00:05:05.520, -0.075, 0.99, -0.108, -2.075, -0.122, -4.395, , , , , , , 96.367, 3.922, 10.129, 0.000, 0.000, 0.000, 26.1, 0.65729, 0.74725, 0.08853, 0.04056, 410, 100,
 11:50:11.046,d2:03:b8:43:8d:44, 2015-01-01 00:05:05.520, -0.069, 0.992, -0.112, -1.831, 0, -3.723, , , , , , , 96.35, 3.961, 10.129, 0.000, 0.000, 0.000, 26.1, 0.65729, 0.74725, 0.08853, 0.04056, 410, 100,
 11:50:11.046,d2:03:b8:43:8d:44, 2015-01-01 00:05:05.520, -0.072, 0.992, -0.116, -2.441, 0.122, -3.296, , , , , , , 96.328, 3.994, 10.135, 0.000, 0.000, 0.000, 26.1, 0.65729, 0.74725, 0.08853, 0.04056, 410, 100,
 11:50:11.047,d2:03:b8:43:8d:44, 2015-01-01 00:05:05.520, -0.08, 0.99, -0.111, -2.625, 0.122, -3.479, , , , , , , 96.301, 4.032, 10.135, 0.000, 0.000, 0.000, 26.1, 0.65729, 0.74725, 0.08853, 0.04056, 410, 100,
 11:50:11.047,d2:03:b8:43:8d:44, 2015-01-01 00:05:05.520, -0.083, 0.989, -0.104, -1.465, 0.244, -2.441, , , , , , , 96.279, 4.059, 10.14, 0.000, 0.000, 0.000, 26.1, 0.65729, 0.74725, 0.08853, 0.04056, 410, 100,
 11:50:11.048,d2:03:b8:43:8d:44, 2015-01-01 00:05:05.520, -0.076, 0.991, -0.103, -0.122, 0.061, -0.671, , , , , , , 96.273, 4.076, 10.146, 0.000, 0.000, 0.000, 26.1, 0.65729, 0.74725, 0.08853, 0.04056, 410, 100,
 11:50:11.048,d2:03:b8:43:8d:44, 2015-01-01 00:05:05.520, -0.076, 0.99, -0.106, 0.488, 0, 0.183, , , , , , , 96.273, 4.076, 10.14, 0.000, 0.000, 0.000, 26.1, 0.65729, 0.74725, 0.08853, 0.04056, 410, 100,
 11:50:11.049,d2:03:b8:43:8d:44, 2015-01-01 00:05:05.520, -0.086, 0.988, -0.104, 1.16, -0.244, -0.061, , , , , , , 96.279, 4.076, 10.14, 0.000, 0.000, 0.000, 26.1, 0.65729, 0.74725, 0.08853, 0.04056, 410, 100,
 11:50:11.049,d2:03:b8:43:8d:44, 2015-01-01 00:05:05.520, -0.091, 0.989, -0.102, 2.441, -0.427, 0.916, , , , , , , 96.295, 4.076, 10.135, 0.000, 0.000, 0.000, 26.1, 0.65729, 0.74725, 0.08853, 0.04056, 410, 100,
 11:50:11.050,d2:03:b8:43:8d:44, 2015-01-01 00:05:05.520, -0.083, 0.992, -0.1, 4.028, -0.793, 4.761, , , , , , , 96.328, 4.048, 10.124, 0.000, 0.000, 0.000, 26.1, 0.65729, 0.74725, 0.08853, 0.04056, 410, 100,
 11:50:11.050,d2:03:b8:43:8d:44, 2015-01-01 00:05:05.520, -0.07, 0.987, -0.097, 6.226, -1.221, 6.531, , , , , , , 96.378, 3.988, 10.107, 0.000, 0.000, 0.000, 26.1, 0.65729, 0.74725, 0.08853, 0.04056, 410, 100,
 11:50:11.050,d2:03:b8:43:8d:44, 2015-01-01 00:05:05.520, -0.071, 0.99, -0.105, 7.751, -0.61, 7.507, , , , , , , 96.449, 3.922, 10.085, 0.000, 0.000, 0.000, 26.1, 0.65729, 0.74725, 0.08853, 0.04056, 410, 100,
 11:50:11.051,d2:03:b8:43:8d:44, 2015-01-01 00:05:05.520, -0.084, 0.993, -0.113, 8.362, 2.38, 8.606, , , , , , , 96.531, 3.84, 10.085, 0.000, 0.000, 0.000, 26.1, 0.65729, 0.74725, 0.08853, 0.04056, 410, 100,
 11:50:11.051,d2:03:b8:43:8d:44, 2015-01-01 00:05:05.520, -0.084, 0.996, -0.114, 8.606, 3.418, 12.451, , , , , , , 96.614, 3.73, 10.102, 0.000, 0.000, 0.000, 26.1, 0.65729, 0.74725, 0.08853, 0.04056, 410, 100,
 11:50:11.052,d2:03:b8:43:8d:44, 2015-01-01 00:05:05.520, -0.089, 0.993, -0.111, 9.705, 4.761, 16.418, , , , , , , 96.707, 3.582, 10.124, 0.000, 0.000, 0.000, 26.1, 0.65729, 0.74725, 0.08853, 0.04056, 410, 100,
 11:50:11.052,d2:03:b8:43:8d:44, 2015-01-01 00:05:05.520, -0.052, 0.993, -0.104, 11.78, 5.127, 21.729, , , , , , , 96.817, 3.384, 10.151, 0.000, 0.000, 0.000, 26.1, 0.65729, 0.74725, 0.08853, 0.04056, 410, 100,
 11:50:11.053,d2:03:b8:43:8d:44, 2015-01-01 00:05:05.520, -0.023, 0.996, -0.125, 11.78, 7.69, 24.414, , , , , , , 96.938, 3.137, 10.19, 0.000, 0.000, 0.000, 26.1, 0.65729, 0.74725, 0.08853, 0.04056, 410, 100,
 11:50:11.053,d2:03:b8:43:8d:44, 2015-01-01 00:05:05.520, -0.029, 0.996, -0.145, 8.789, 7.324, 21.851, , , , , , , 97.048, 2.9, 10.228, 0.000, 0.000, 0.000, 26.1, 0.65729, 0.74725, 0.08853, 0.04056, 410, 100,
 11:50:11.053,d2:03:b8:43:8d:44, 2015-01-01 00:05:05.520, -0.036, 0.985, -0.141, 5.493, 5.92, 15.625, , , , , , , 97.114, 2.708, 10.272, 0.000, 0.000, 0.000, 26.1, 0.65729, 0.74725, 0.08853, 0.04056, 410, 100,
 11:50:11.054,d2:03:b8:43:8d:44, 2015-01-01 00:05:05.520, -0.031, 0.988, -0.134, 3.296, 4.211, 12.268, , , , , , , 97.158, 2.571, 10.305, 0.000, 0.000, 0.000, 26.1, 0.65729, 0.74725, 0.08853, 0.04056, 410, 100,
 11:50:11.054,d2:03:b8:43:8d:44, 2015-01-01 00:05:05.520, -0.025, 0.983, -0.126, 2.686, 1.709, 8.972, , , , , , , 97.185, 2.461, 10.316, 0.000, 0.000, 0.000, 26.1, 0.65729, 0.74725, 0.08853, 0.04056, 410, 100,
 11:50:11.055,d2:03:b8:43:8d:44, 2015-01-01 00:05:05.520, -0.034, 0.981, -0.125, 2.808, -0.305, 2.991, , , , , , , 97.213, 2.406, 10.311, 0.000, 0.000, 0.000, 26.1, 0.65729, 0.74725, 0.08853, 0.04056, 410, 100,
 11:50:11.055,d2:03:b8:43:8d:44, 2015-01-01 00:05:05.520, -0.041, 0.988, -0.131, 2.136, -0.305, 0.305, , , , , , , 97.24, 2.395, 10.305, 0.000, 0.000, 0.000, 26.1, 0.65729, 0.74725, 0.08853, 0.04056, 410, 100,
 11:50:11.056,d2:03:b8:43:8d:44, 2015-01-01 00:05:05.520, -0.041, 0.992, -0.132, 0.916, -0.244, 0.549, , , , , , , 97.251, 2.39, 10.3, 0.000, 0.000, 0.000, 26.1, 0.65729, 0.74725, 0.08853, 0.04056, 410, 100,
 11:50:11.056,d2:03:b8:43:8d:44, 2015-01-01 00:05:05.520, -0.042, 0.991, -0.132, -0.122, 0.061, 0, , , , , , , 97.256, 2.39, 10.3, 0.000, 0.000, 0.000, 26.1, 0.65729, 0.74725, 0.08853, 0.04056, 410, 100,
 11:50:11.311,d2:03:b8:43:8d:44, 2015-01-01 00:05:05.520, -0.042, 0.993, -0.135, -1.648, 0.671, 0.671, , , , , , , 97.245, 2.39, 10.3, 0.000, 0.000, 0.000, 26.1, 0.65729, 0.74725, 0.08853, 0.04056, 410, 100,
 11:50:11.569,d2:03:b8:43:8d:44, 2015-01-01 00:05:05.905, -0.053, 0.997, -0.144, -4.211, 2.869, 1.282, , , , , , , 97.218, 2.373, 10.316, 0.000, 0.000, 0.000, 26.1, 0.65643, 0.74765, 0.09299, 0.03674, 410, 100,
 11:50:11.779,d2:03:b8:43:8d:44, 2015-01-01 00:05:05.905, -0.05, 1, -0.141, -7.202, 4.333, 4.211, , , , , , , 97.158, 2.346, 10.349, 0.000, 0.000, 0.000, 26.1, 0.65656, 0.74771, 0.09225, 0.03488, 410, 100,
 11:50:11.800,d2:03:b8:43:8d:44, 2015-01-01 00:05:06.325, -0.036, 0.994, -0.127, -8.484, 3.784, 5.676, , , , , , , 97.075, 2.285, 10.382, 0.000, 0.000, 0.000, 26.1, 0.65656, 0.74771, 0.09225, 0.03488, 410, 100,
 11:50:11.800,d2:03:b8:43:8d:44, 2015-01-01 00:05:06.325, -0.032, 0.99, -0.122, -8.789, 2.869, 5.005, , , , , , , 96.987, 2.23, 10.41, 0.000, 0.000, 0.000, 26.1, 0.65656, 0.74771, 0.09225, 0.03488, 410, 100,
 11:50:11.801,d2:03:b8:43:8d:44, 2015-01-01 00:05:06.325, -0.042, 0.989, -0.123, -8.789, 2.319, 2.197, , , , , , , 96.899, 2.192, 10.426, 0.000, 0.000, 0.000, 26.1, 0.65656, 0.74771, 0.09225, 0.03488, 410, 100,
 11:50:11.801,d2:03:b8:43:8d:44, 2015-01-01 00:05:06.325, -0.035, 0.991, -0.122, -9.155, 1.465, 1.953, , , , , , , 96.812, 2.17, 10.443, 0.000, 0.000, 0.000, 26.1, 0.65656, 0.74771, 0.09225, 0.03488, 410, 100,
 11:50:11.802,d2:03:b8:43:8d:44, 2015-01-01 00:05:06.325, -0.03, 0.991, -0.119, -9.338, 1.038, 1.648, , , , , , , 96.718, 2.148, 10.453, 0.000, 0.000, 0.000, 26.1, 0.65656, 0.74771, 0.09225, 0.03488, 410, 100,
 11:50:11.802,d2:03:b8:43:8d:44, 2015-01-01 00:05:06.325, -0.033, 0.986, -0.112, -8.606, 0.854, -0.366, , , , , , , 96.625, 2.142, 10.459, 0.000, 0.000, 0.000, 26.1, 0.65656, 0.74771, 0.09225, 0.03488, 410, 100,
 11:50:11.802,d2:03:b8:43:8d:44, 2015-01-01 00:05:06.325, -0.033, 0.985, -0.107, -7.202, 0.244, -2.38, , , , , , , 96.548, 2.159, 10.464, 0.000, 0.000, 0.000, 26.1, 0.65656, 0.74771, 0.09225, 0.03488, 410, 100,
 11:50:11.803,d2:03:b8:43:8d:44, 2015-01-01 00:05:06.325, -0.031, 0.989, -0.11, -6.531, -0.61, -4.211, , , , , , , 96.482, 2.192, 10.464, 0.000, 0.000, 0.000, 26.1, 0.65656, 0.74771, 0.09225, 0.03488, 410, 100,
 11:50:11.803,d2:03:b8:43:8d:44, 2015-01-01 00:05:06.325, -0.042, 0.99, -0.112, -6.47, -0.122, -5.981, , , , , , , 96.416, 2.247, 10.464, 0.000, 0.000, 0.000, 26.1, 0.65656, 0.74771, 0.09225, 0.03488, 410, 100,
 11:50:11.804,d2:03:b8:43:8d:44, 2015-01-01 00:05:06.325, -0.036, 0.986, -0.1, -4.944, -0.977, -6.531, , , , , , , 96.356, 2.313, 10.464, 0.000, 0.000, 0.000, 26.1, 0.65656, 0.74771, 0.09225, 0.03488, 410, 100,
 11:50:11.804,d2:03:b8:43:8d:44, 2015-01-01 00:05:06.325, -0.037, 0.988, -0.099, -2.93, -1.221, -7.019, , , , , , , 96.317, 2.379, 10.459, 0.000, 0.000, 0.000, 26.1, 0.65656, 0.74771, 0.09225, 0.03488, 410, 100,
 11:50:11.805,d2:03:b8:43:8d:44, 2015-01-01 00:05:06.325, -0.054, 0.986, -0.1, -1.465, -0.916, -8.911, , , , , , , 96.295, 2.461, 10.459, 0.000, 0.000, 0.000, 26.1, 0.65656, 0.74771, 0.09225, 0.03488, 410, 100,
 11:50:11.805,d2:03:b8:43:8d:44, 2015-01-01 00:05:06.325, -0.064, 0.991, -0.098, 0.305, -1.221, -8.789, , , , , , , 96.29, 2.554, 10.453, 0.000, 0.000, 0.000, 26.1, 0.65656, 0.74771, 0.09225, 0.03488, 410, 100,
 11:50:11.806,d2:03:b8:43:8d:44, 2015-01-01 00:05:06.325, -0.058, 0.989, -0.092, 2.991, -2.075, -5.737, , , , , , , 96.306, 2.626, 10.443, 0.000, 0.000, 0.000, 26.1, 0.65656, 0.74771, 0.09225, 0.03488, 410, 100,
 11:50:11.806,d2:03:b8:43:8d:44, 2015-01-01 00:05:06.325, -0.049, 0.989, -0.097, 5.371, -2.38, -4.089, , , , , , , 96.345, 2.675, 10.426, 0.000, 0.000, 0.000, 26.1, 0.65656, 0.74771, 0.09225, 0.03488, 410, 100,
 11:50:11.807,d2:03:b8:43:8d:44, 2015-01-01 00:05:06.325, -0.039, 0.988, -0.103, 6.958, -2.625, -3.723, , , , , , , 96.405, 2.719, 10.404, 0.000, 0.000, 0.000, 26.1, 0.65656, 0.74771, 0.09225, 0.03488, 410, 100,
 11:50:11.807,d2:03:b8:43:8d:44, 2015-01-01 00:05:06.325, -0.049, 0.99, -0.11, 7.812, -2.136, -4.944, , , , , , , 96.482, 2.763, 10.382, 0.000, 0.000, 0.000, 26.1, 0.65656, 0.74771, 0.09225, 0.03488, 410, 100,
 11:50:11.807,d2:03:b8:43:8d:44, 2015-01-01 00:05:06.325, -0.059, 0.99, -0.112, 8.606, -0.977, -5.737, , , , , , , 96.564, 2.823, 10.371, 0.000, 0.000, 0.000, 26.1, 0.65656, 0.74771, 0.09225, 0.03488, 410, 100,
 11:50:11.808,d2:03:b8:43:8d:44, 2015-01-01 00:05:06.325, -0.055, 0.994, -0.11, 9.705, 0.122, -3.357, , , , , , , 96.652, 2.867, 10.371, 0.000, 0.000, 0.000, 26.1, 0.65656, 0.74771, 0.09225, 0.03488, 410, 100,
 11:50:11.808,d2:03:b8:43:8d:44, 2015-01-01 00:05:06.325, -0.054, 0.989, -0.11, 11.292, 1.221, -1.465, , , , , , , 96.757, 2.889, 10.382, 0.000, 0.000, 0.000, 26.1, 0.65656, 0.74771, 0.09225, 0.03488, 410, 100,
 11:50:11.809,d2:03:b8:43:8d:44, 2015-01-01 00:05:06.325, -0.063, 0.989, -0.111, 13.123, 1.465, -1.221, , , , , , , 96.883, 2.906, 10.399, 0.000, 0.000, 0.000, 26.1, 0.65656, 0.74771, 0.09225, 0.03488, 410, 100,
 11:50:11.809,d2:03:b8:43:8d:44, 2015-01-01 00:05:06.325, -0.055, 0.99, -0.119, 13.977, 0.793, 0.122, , , , , , , 97.02, 2.906, 10.41, 0.000, 0.000, 0.000, 26.1, 0.65656, 0.74771, 0.09225, 0.03488, 410, 100,
 11:50:11.810,d2:03:b8:43:8d:44, 2015-01-01 00:05:06.325, -0.061, 1, -0.136, 12.817, 2.625, 4.089, , , , , , , 97.158, 2.884, 10.415, 0.000, 0.000, 0.000, 26.1, 0.65656, 0.74771, 0.09225, 0.03488, 410, 100,
 11:50:11.810,d2:03:b8:43:8d:44, 2015-01-01 00:05:06.325, -0.049, 0.991, -0.132, 11.719, 2.625, 5.676, , , , , , , 97.278, 2.829, 10.443, 0.000, 0.000, 0.000, 26.1, 0.65656, 0.74771, 0.09225, 0.03488, 410, 100,
 11:50:11.810,d2:03:b8:43:8d:44, 2015-01-01 00:05:06.325, -0.053, 0.994, -0.137, 9.888, 3.784, 6.531, , , , , , , 97.383, 2.763, 10.464, 0.000, 0.000, 0.000, 26.1, 0.65656, 0.74771, 0.09225, 0.03488, 410, 100,
 11:50:11.811,d2:03:b8:43:8d:44, 2015-01-01 00:05:06.325, -0.051, 0.991, -0.132, 9.216, 2.441, 6.775, , , , , , , 97.482, 2.692, 10.481, 0.000, 0.000, 0.000, 26.1, 0.65656, 0.74771, 0.09225, 0.03488, 410, 100,
 11:50:11.811,d2:03:b8:43:8d:44, 2015-01-01 00:05:06.325, -0.04, 0.989, -0.133, 8.606, 1.099, 6.714, , , , , , , 97.57, 2.626, 10.492, 0.000, 0.000, 0.000, 26.1, 0.65656, 0.74771, 0.09225, 0.03488, 410, 100,
 11:50:11.811,d2:03:b8:43:8d:44, 2015-01-01 00:05:06.325, -0.041, 0.99, -0.141, 7.263, 1.221, 6.042, , , , , , , 97.646, 2.56, 10.492, 0.000, 0.000, 0.000, 26.1, 0.65656, 0.74771, 0.09225, 0.03488, 410, 100,
 11:50:11.812,d2:03:b8:43:8d:44, 2015-01-01 00:05:06.325, -0.037, 0.989, -0.143, 5.432, 0.977, 4.822, , , , , , , 97.712, 2.505, 10.492, 0.000, 0.000, 0.000, 26.1, 0.65656, 0.74771, 0.09225, 0.03488, 410, 100,
 11:50:11.812,d2:03:b8:43:8d:44, 2015-01-01 00:05:06.325, -0.039, 0.987, -0.146, 3.357, 0.549, 3.113, , , , , , , 97.756, 2.461, 10.492, 0.000, 0.000, 0.000, 26.1, 0.65656, 0.74771, 0.09225, 0.03488, 410, 100,
 11:50:11.813,d2:03:b8:43:8d:44, 2015-01-01 00:05:06.325, -0.042, 0.989, -0.146, 1.465, 1.038, 1.953, , , , , , , 97.778, 2.439, 10.497, 0.000, 0.000, 0.000, 26.1, 0.65656, 0.74771, 0.09225, 0.03488, 410, 100,
 11:50:11.813,d2:03:b8:43:8d:44, 2015-01-01 00:05:06.325, -0.038, 0.989, -0.144, 0, 1.099, 1.709, , , , , , , 97.784, 2.422, 10.503, 0.000, 0.000, 0.000, 26.1, 0.65656, 0.74771, 0.09225, 0.03488, 410, 100,
 11:50:11.813,d2:03:b8:43:8d:44, 2015-01-01 00:05:06.325, -0.036, 0.989, -0.144, -1.465, 1.404, 1.587, , , , , , , 97.773, 2.401, 10.514, 0.000, 0.000, 0.000, 26.1, 0.65656, 0.74771, 0.09225, 0.03488, 410, 100,
 11:50:11.814,d2:03:b8:43:8d:44, 2015-01-01 00:05:06.325, -0.048, 0.986, -0.141, -2.319, 1.953, -0.244, , , , , , , 97.756, 2.395, 10.53, 0.000, 0.000, 0.000, 26.1, 0.65656, 0.74771, 0.09225, 0.03488, 410, 100,
 11:50:11.814,d2:03:b8:43:8d:44, 2015-01-01 00:05:06.325, -0.049, 0.988, -0.132, -2.014, 1.343, -0.183, , , , , , , 97.729, 2.395, 10.547, 0.000, 0.000, 0.000, 26.1, 0.65656, 0.74771, 0.09225, 0.03488, 410, 100,
 11:50:11.814,d2:03:b8:43:8d:44, 2015-01-01 00:05:06.325, -0.046, 0.988, -0.129, -0.854, 0.793, 0.732, , , , , , , 97.718, 2.39, 10.552, 0.000, 0.000, 0.000, 26.1, 0.65656, 0.74771, 0.09225, 0.03488, 410, 100,
 11:50:11.815,d2:03:b8:43:8d:44, 2015-01-01 00:05:06.325, -0.038, 0.989, -0.129, 0.244, 0.366, 1.282, , , , , , , 97.712, 2.379, 10.558, 0.000, 0.000, 0.000, 26.1, 0.65656, 0.74771, 0.09225, 0.03488, 410, 100,
 11:50:11.815,d2:03:b8:43:8d:44, 2015-01-01 00:05:06.325, -0.031, 0.988, -0.138, 0.305, 0.305, 0.732, , , , , , , 97.718, 2.368, 10.558, 0.000, 0.000, 0.000, 26.1, 0.65656, 0.74771, 0.09225, 0.03488, 410, 100,
 11:50:11.815,d2:03:b8:43:8d:44, 2015-01-01 00:05:06.325, -0.033, 0.988, -0.146, -1.343, 0.977, -0.549, , , , , , , 97.712, 2.368, 10.563, 0.000, 0.000, 0.000, 26.1, 0.65656, 0.74771, 0.09225, 0.03488, 410, 100,
 11:50:11.815,d2:03:b8:43:8d:44, 2015-01-01 00:05:06.325, -0.046, 0.989, -0.145, -3.113, 2.197, -2.625, , , , , , , 97.69, 2.384, 10.58, 0.000, 0.000, 0.000, 26.1, 0.65656, 0.74771, 0.09225, 0.03488, 410, 100,
 11:50:11.816,d2:03:b8:43:8d:44, 2015-01-01 00:05:06.325, -0.045, 0.992, -0.138, -4.089, 2.563, -1.587, , , , , , , 97.652, 2.401, 10.607, 0.000, 0.000, 0.000, 26.1, 0.65656, 0.74771, 0.09225, 0.03488, 410, 100,
 11:50:11.816,d2:03:b8:43:8d:44, 2015-01-01 00:05:06.325, -0.044, 0.989, -0.132, -4.211, 2.625, -1.038, , , , , , , 97.608, 2.411, 10.635, 0.000, 0.000, 0.000, 26.1, 0.65656, 0.74771, 0.09225, 0.03488, 410, 100,
 11:50:11.816,d2:03:b8:43:8d:44, 2015-01-01 00:05:06.325, -0.046, 0.986, -0.127, -3.784, 1.831, -1.343, , , , , , , 97.57, 2.422, 10.657, 0.000, 0.000, 0.000, 26.1, 0.65656, 0.74771, 0.09225, 0.03488, 410, 100,
 11:50:11.817,d2:03:b8:43:8d:44, 2015-01-01 00:05:06.325, -0.053, 0.985, -0.122, -2.38, 1.038, -2.136, , , , , , , 97.537, 2.439, 10.673, 0.000, 0.000, 0.000, 26.1, 0.65656, 0.74771, 0.09225, 0.03488, 410, 100,
 11:50:11.817,d2:03:b8:43:8d:44, 2015-01-01 00:05:06.325, -0.052, 0.991, -0.125, -1.282, 0.61, -0.61, , , , , , , 97.52, 2.45, 10.679, 0.000, 0.000, 0.000, 26.1, 0.65656, 0.74771, 0.09225, 0.03488, 410, 100,
 11:50:11.818,d2:03:b8:43:8d:44, 2015-01-01 00:05:06.325, -0.045, 0.991, -0.126, -0.488, 0.61, 1.282, , , , , , , 97.509, 2.444, 10.684, 0.000, 0.000, 0.000, 26.1, 0.65656, 0.74771, 0.09225, 0.03488, 410, 100,
 11:50:11.818,d2:03:b8:43:8d:44, 2015-01-01 00:05:06.325, -0.035, 0.986, -0.122, 0.854, 0, 1.648, , , , , , , 97.515, 2.428, 10.684, 0.000, 0.000, 0.000, 26.1, 0.65656, 0.74771, 0.09225, 0.03488, 410, 100,
 11:50:11.818,d2:03:b8:43:8d:44, 2015-01-01 00:05:06.325, -0.032, 0.988, -0.131, 1.343, -0.061, 0.061, , , , , , , 97.526, 2.422, 10.679, 0.000, 0.000, 0.000, 26.1, 0.65656, 0.74771, 0.09225, 0.03488, 410, 100,
 11:50:11.819,d2:03:b8:43:8d:44, 2015-01-01 00:05:06.325, -0.045, 0.985, -0.133, 1.099, -0.061, -2.563, , , , , , , 97.537, 2.433, 10.679, 0.000, 0.000, 0.000, 26.1, 0.65656, 0.74771, 0.09225, 0.03488, 410, 100,
 11:50:11.820,d2:03:b8:43:8d:44, 2015-01-01 00:05:06.325, -0.047, 0.988, -0.136, 0.61, 0, -3.113, , , , , , , 97.542, 2.472, 10.684, 0.000, 0.000, 0.000, 26.1, 0.65656, 0.74771, 0.09225, 0.03488, 410, 100,
 11:50:11.820,d2:03:b8:43:8d:44, 2015-01-01 00:05:06.325, -0.042, 0.989, -0.134, 0.122, 0.061, -1.526, , , , , , , 97.548, 2.488, 10.684, 0.000, 0.000, 0.000, 26.1, 0.65656, 0.74771, 0.09225, 0.03488, 410, 100,
 11:50:11.821,d2:03:b8:43:8d:44, 2015-01-01 00:05:06.325, -0.044, 0.986, -0.127, 0.977, -0.122, -2.686, , , , , , , 97.553, 2.51, 10.684, 0.000, 0.000, 0.000, 26.1, 0.65656, 0.74771, 0.09225, 0.03488, 410, 100,
 11:50:11.821,d2:03:b8:43:8d:44, 2015-01-01 00:05:06.325, -0.047, 0.986, -0.128, 1.953, -0.793, -3.418, , , , , , , 97.57, 2.543, 10.684, 0.000, 0.000, 0.000, 26.1, 0.65656, 0.74771, 0.09225, 0.03488, 410, 100,
 11:50:11.821,d2:03:b8:43:8d:44, 2015-01-01 00:05:06.325, -0.046, 0.99, -0.135, 1.953, -0.732, -3.418, , , , , , , 97.586, 2.582, 10.679, 0.000, 0.000, 0.000, 26.1, 0.65656, 0.74771, 0.09225, 0.03488, 410, 100,
 11:50:11.822,d2:03:b8:43:8d:44, 2015-01-01 00:05:06.325, -0.043, 0.99, -0.137, 1.343, -0.61, -2.686, , , , , , , 97.603, 2.609, 10.673, 0.000, 0.000, 0.000, 26.1, 0.65656, 0.74771, 0.09225, 0.03488, 410, 100,
 11:50:11.822,d2:03:b8:43:8d:44, 2015-01-01 00:05:06.325, -0.044, 0.991, -0.141, 0.183, 0.122, -2.747, , , , , , , 97.608, 2.642, 10.673, 0.000, 0.000, 0.000, 26.1, 0.65656, 0.74771, 0.09225, 0.03488, 410, 100,
 11:50:11.823,d2:03:b8:43:8d:44, 2015-01-01 00:05:06.325, -0.043, 0.989, -0.138, -0.977, 0.61, -2.625, , , , , , , 97.603, 2.664, 10.679, 0.000, 0.000, 0.000, 26.1, 0.65656, 0.74771, 0.09225, 0.03488, 410, 100,
 11:50:11.823,d2:03:b8:43:8d:44, 2015-01-01 00:05:06.325, -0.043, 0.987, -0.133, -1.221, 0.549, -3.662, , , , , , , 97.592, 2.697, 10.69, 0.000, 0.000, 0.000, 26.1, 0.65656, 0.74771, 0.09225, 0.03488, 410, 100,
 11:50:11.824,d2:03:b8:43:8d:44, 2015-01-01 00:05:06.325, -0.051, 0.986, -0.13, -1.099, 0.488, -5.005, , , , , , , 97.581, 2.741, 10.701, 0.000, 0.000, 0.000, 26.1, 0.65656, 0.74771, 0.09225, 0.03488, 410, 100,
 11:50:11.824,d2:03:b8:43:8d:44, 2015-01-01 00:05:06.325, -0.051, 0.987, -0.126, -0.305, 0.122, -5.859, , , , , , , 97.57, 2.796, 10.712, 0.000, 0.000, 0.000, 26.1, 0.65656, 0.74771, 0.09225, 0.03488, 410, 100,
 11:50:11.824,d2:03:b8:43:8d:44, 2015-01-01 00:05:06.325, -0.051, 0.989, -0.129, 0.122, -0.244, -5.493, , , , , , , 97.57, 2.851, 10.717, 0.000, 0.000, 0.000, 26.1, 0.65656, 0.74771, 0.09225, 0.03488, 410, 100,
 11:50:11.825,d2:03:b8:43:8d:44, 2015-01-01 00:05:06.325, -0.052, 0.988, -0.132, 0.061, -0.366, -6.104, , , , , , , 97.57, 2.911, 10.717, 0.000, 0.000, 0.000, 26.1, 0.65656, 0.74771, 0.09225, 0.03488, 410, 100,
 11:50:11.825,d2:03:b8:43:8d:44, 2015-01-01 00:05:06.325, -0.062, 0.986, -0.131, 0.183, -0.305, -6.226, , , , , , , 97.57, 2.972, 10.723, 0.000, 0.000, 0.000, 26.1, 0.65656, 0.74771, 0.09225, 0.03488, 410, 100,
 11:50:11.825,d2:03:b8:43:8d:44, 2015-01-01 00:05:06.325, -0.061, 0.989, -0.128, 0.854, -0.183, -5.432, , , , , , , 97.575, 3.032, 10.723, 0.000, 0.000, 0.000, 26.1, 0.65656, 0.74771, 0.09225, 0.03488, 410, 100,
 11:50:11.826,d2:03:b8:43:8d:44, 2015-01-01 00:05:06.325, -0.057, 0.988, -0.127, 1.709, -0.916, -3.845, , , , , , , 97.592, 3.082, 10.723, 0.000, 0.000, 0.000, 26.1, 0.65656, 0.74771, 0.09225, 0.03488, 410, 100,
 11:50:11.826,d2:03:b8:43:8d:44, 2015-01-01 00:05:06.325, -0.054, 0.989, -0.133, 2.014, -0.854, -3.967, , , , , , , 97.608, 3.12, 10.717, 0.000, 0.000, 0.000, 26.1, 0.65656, 0.74771, 0.09225, 0.03488, 410, 100,
 11:50:11.826,d2:03:b8:43:8d:44, 2015-01-01 00:05:06.325, -0.058, 0.99, -0.141, 1.038, -0.61, -3.54, , , , , , , 97.625, 3.159, 10.712, 0.000, 0.000, 0.000, 26.1, 0.65656, 0.74771, 0.09225, 0.03488, 410, 100,
 11:50:11.827,d2:03:b8:43:8d:44, 2015-01-01 00:05:06.325, -0.057, 0.991, -0.141, -0.122, 0.244, -2.869, , , , , , , 97.625, 3.192, 10.717, 0.000, 0.000, 0.000, 26.1, 0.65656, 0.74771, 0.09225, 0.03488, 410, 100,
 11:50:11.827,d2:03:b8:43:8d:44, 2015-01-01 00:05:06.325, -0.063, 0.988, -0.136, -0.732, 0.793, -1.892, , , , , , , 97.619, 3.214, 10.723, 0.000, 0.000, 0.000, 26.1, 0.65656, 0.74771, 0.09225, 0.03488, 410, 100,
 11:50:11.827,d2:03:b8:43:8d:44, 2015-01-01 00:05:06.325, -0.065, 0.987, -0.129, -0.183, 0.549, -2.014, , , , , , , 97.614, 3.235, 10.734, 0.000, 0.000, 0.000, 26.1, 0.65656, 0.74771, 0.09225, 0.03488, 410, 100,
 11:50:11.827,d2:03:b8:43:8d:44, 2015-01-01 00:05:06.325, -0.063, 0.988, -0.128, 0.61, 0.122, -0.854, , , , , , , 97.619, 3.246, 10.734, 0.000, 0.000, 0.000, 26.1, 0.65656, 0.74771, 0.09225, 0.03488, 410, 100,
 11:50:11.828,d2:03:b8:43:8d:44, 2015-01-01 00:05:06.325, -0.057, 0.987, -0.128, 1.404, -0.366, 0, , , , , , , 97.625, 3.252, 10.734, 0.000, 0.000, 0.000, 26.1, 0.65656, 0.74771, 0.09225, 0.03488, 410, 100,
 11:50:11.828,d2:03:b8:43:8d:44, 2015-01-01 00:05:06.325, -0.061, 0.986, -0.13, 2.014, -0.427, -0.183, , , , , , , 97.641, 3.252, 10.728, 0.000, 0.000, 0.000, 26.1, 0.65656, 0.74771, 0.09225, 0.03488, 410, 100,
 11:50:11.829,d2:03:b8:43:8d:44, 2015-01-01 00:05:06.325, -0.052, 0.988, -0.132, 2.319, -0.671, 0.061, , , , , , , 97.663, 3.257, 10.717, 0.000, 0.000, 0.000, 26.1, 0.65656, 0.74771, 0.09225, 0.03488, 410, 100,
 11:50:11.829,d2:03:b8:43:8d:44, 2015-01-01 00:05:06.325, -0.052, 0.986, -0.134, 2.136, -0.61, -0.488, , , , , , , 97.685, 3.257, 10.712, 0.000, 0.000, 0.000, 26.1, 0.65656, 0.74771, 0.09225, 0.03488, 410, 100,
 11:50:11.829,d2:03:b8:43:8d:44, 2015-01-01 00:05:06.325, -0.054, 0.986, -0.135, 1.953, -0.61, -2.136, , , , , , , 97.707, 3.274, 10.706, 0.000, 0.000, 0.000, 26.1, 0.65656, 0.74771, 0.09225, 0.03488, 410, 100,
 11:50:11.830,d2:03:b8:43:8d:44, 2015-01-01 00:05:06.325, -0.059, 0.987, -0.137, 1.526, -0.305, -2.869, , , , , , , 97.723, 3.301, 10.701, 0.000, 0.000, 0.000, 26.1, 0.65656, 0.74771, 0.09225, 0.03488, 410, 100,
 11:50:11.830,d2:03:b8:43:8d:44, 2015-01-01 00:05:06.325, -0.055, 0.988, -0.137, 1.16, -0.244, -3.052, , , , , , , 97.734, 3.334, 10.706, 0.000, 0.000, 0.000, 26.1, 0.65656, 0.74771, 0.09225, 0.03488, 410, 100,
 11:50:11.831,d2:03:b8:43:8d:44, 2015-01-01 00:05:06.325, -0.059, 0.987, -0.14, 0.549, 0, -3.357, , , , , , , 97.745, 3.362, 10.706, 0.000, 0.000, 0.000, 26.1, 0.65656, 0.74771, 0.09225, 0.03488, 410, 100,
 11:50:11.831,d2:03:b8:43:8d:44, 2015-01-01 00:05:06.325, -0.065, 0.987, -0.139, -0.183, 0.366, -3.784, , , , , , , 97.745, 3.4, 10.712, 0.000, 0.000, 0.000, 26.1, 0.65656, 0.74771, 0.09225, 0.03488, 410, 100,
 11:50:11.832,d2:03:b8:43:8d:44, 2015-01-01 00:05:06.325, -0.071, 0.987, -0.132, 0.061, 0.244, -3.296, , , , , , , 97.74, 3.433, 10.717, 0.000, 0.000, 0.000, 26.1, 0.65656, 0.74771, 0.09225, 0.03488, 410, 100,
 11:50:12.147,d2:03:b8:43:8d:44, 2015-01-01 00:05:06.325, -0.067, 0.988, -0.127, 1.099, -0.427, -1.892, , , , , , , 97.745, 3.461, 10.723, 0.000, 0.000, 0.000, 26.1, 0.65656, 0.74771, 0.09225, 0.03488, 410, 100,
 11:50:12.456,d2:03:b8:43:8d:44, 2015-01-01 00:05:06.740, -0.065, 0.984, -0.125, 2.869, -1.16, -1.587, , , , , , , 97.767, 3.477, 10.712, 0.000, 0.000, 0.000, 26.1, 0.65506, 0.74905, 0.09299, 0.0325, 410, 100,
 11:50:12.681,d2:03:b8:43:8d:44, 2015-01-01 00:05:06.740, -0.056, 0.983, -0.122, 5.066, -2.258, -1.892, , , , , , , 97.806, 3.499, 10.695, 0.000, 0.000, 0.000, 26.1, 0.65649, 0.74701, 0.10043, 0.02798, 410, 100,
 11:50:12.743,d2:03:b8:43:8d:44, 2015-01-01 00:05:07.185, -0.065, 0.984, -0.122, 7.446, -1.526, -2.686, , , , , , , 97.866, 3.527, 10.679, 0.000, 0.000, 0.000, 26.1, 0.65649, 0.74701, 0.10043, 0.02798, 410, 100,
 11:50:12.743,d2:03:b8:43:8d:44, 2015-01-01 00:05:07.185, -0.058, 0.985, -0.125, 9.644, -1.709, -3.296, , , , , , , 97.954, 3.56, 10.662, 0.000, 0.000, 0.000, 26.1, 0.65649, 0.74701, 0.10043, 0.02798, 410, 100,
 11:50:12.744,d2:03:b8:43:8d:44, 2015-01-01 00:05:07.185, -0.053, 0.991, -0.144, 9.705, -1.465, -2.869, , , , , , , 98.053, 3.593, 10.651, 0.000, 0.000, 0.000, 26.1, 0.65649, 0.74701, 0.10043, 0.02798, 410, 100,
 11:50:12.744,d2:03:b8:43:8d:44, 2015-01-01 00:05:07.185, -0.062, 0.989, -0.164, 6.47, -0.366, -4.028, , , , , , , 98.13, 3.631, 10.646, 0.000, 0.000, 0.000, 26.1, 0.65649, 0.74701, 0.10043, 0.02798, 410, 100,
 11:50:12.744,d2:03:b8:43:8d:44, 2015-01-01 00:05:07.185, -0.059, 0.989, -0.17, 2.075, 0.549, -4.517, , , , , , , 98.174, 3.675, 10.651, 0.000, 0.000, 0.000, 26.1, 0.65649, 0.74701, 0.10043, 0.02798, 410, 100,
 11:50:12.745,d2:03:b8:43:8d:44, 2015-01-01 00:05:07.185, -0.057, 0.991, -0.165, -2.258, 1.648, -3.418, , , , , , , 98.168, 3.713, 10.668, 0.000, 0.000, 0.000, 26.1, 0.65649, 0.74701, 0.10043, 0.02798, 410, 100,
 11:50:12.745,d2:03:b8:43:8d:44, 2015-01-01 00:05:07.185, -0.075, 0.984, -0.149, -4.028, 2.686, -5.066, , , , , , , 98.135, 3.752, 10.695, 0.000, 0.000, 0.000, 26.1, 0.65649, 0.74701, 0.10043, 0.02798, 410, 100,
 11:50:12.745,d2:03:b8:43:8d:44, 2015-01-01 00:05:07.185, -0.075, 0.985, -0.138, -3.967, 1.526, -5.005, , , , , , , 98.097, 3.801, 10.723, 0.000, 0.000, 0.000, 26.1, 0.65649, 0.74701, 0.10043, 0.02798, 410, 100,
 11:50:12.746,d2:03:b8:43:8d:44, 2015-01-01 00:05:07.185, -0.076, 0.988, -0.14, -3.784, 1.648, -3.113, , , , , , , 98.058, 3.84, 10.739, 0.000, 0.000, 0.000, 26.1, 0.65649, 0.74701, 0.10043, 0.02798, 410, 100,
 11:50:12.747,d2:03:b8:43:8d:44, 2015-01-01 00:05:07.185, -0.078, 0.987, -0.137, -3.357, 1.221, -1.831, , , , , , , 98.02, 3.862, 10.756, 0.000, 0.000, 0.000, 26.1, 0.65649, 0.74701, 0.10043, 0.02798, 410, 100,
 11:50:12.747,d2:03:b8:43:8d:44, 2015-01-01 00:05:07.185, -0.078, 0.988, -0.137, -2.869, 1.648, -0.366, , , , , , , 97.993, 3.867, 10.772, 0.000, 0.000, 0.000, 26.1, 0.65649, 0.74701, 0.10043, 0.02798, 410, 100,
 11:50:12.748,d2:03:b8:43:8d:44, 2015-01-01 00:05:07.185, -0.064, 0.987, -0.136, -2.014, 1.038, 1.587, , , , , , , 97.965, 3.862, 10.783, 0.000, 0.000, 0.000, 26.1, 0.65649, 0.74701, 0.10043, 0.02798, 410, 100,
 11:50:12.748,d2:03:b8:43:8d:44, 2015-01-01 00:05:07.185, -0.062, 0.985, -0.138, -1.709, 0.916, 0.977, , , , , , , 97.949, 3.845, 10.789, 0.000, 0.000, 0.000, 26.1, 0.65649, 0.74701, 0.10043, 0.02798, 410, 100,
 11:50:12.748,d2:03:b8:43:8d:44, 2015-01-01 00:05:07.185, -0.071, 0.983, -0.137, -1.465, 0.61, -1.099, , , , , , , 97.932, 3.845, 10.794, 0.000, 0.000, 0.000, 26.1, 0.65649, 0.74701, 0.10043, 0.02798, 410, 100,
 11:50:12.748,d2:03:b8:43:8d:44, 2015-01-01 00:05:07.185, -0.071, 0.987, -0.137, -1.404, 0.977, -0.977, , , , , , , 97.916, 3.856, 10.805, 0.000, 0.000, 0.000, 26.1, 0.65649, 0.74701, 0.10043, 0.02798, 410, 100,
 11:50:12.748,d2:03:b8:43:8d:44, 2015-01-01 00:05:07.185, -0.068, 0.986, -0.136, -1.282, 0.732, 0.183, , , , , , , 97.899, 3.862, 10.811, 0.000, 0.000, 0.000, 26.1, 0.65649, 0.74701, 0.10043, 0.02798, 410, 100,
 11:50:12.749,d2:03:b8:43:8d:44, 2015-01-01 00:05:07.185, -0.063, 0.987, -0.139, -1.404, 1.038, 0.061, , , , , , , 97.888, 3.856, 10.822, 0.000, 0.000, 0.000, 26.1, 0.65649, 0.74701, 0.10043, 0.02798, 410, 100,
 11:50:13.001,d2:03:b8:43:8d:44, 2015-01-01 00:05:07.185, -0.068, 0.986, -0.139, -1.892, 0.793, -0.183, , , , , , , 97.872, 3.856, 10.827, 0.000, 0.000, 0.000, 26.1, 0.65649, 0.74701, 0.10043, 0.02798, 410, 100,
 11:50:13.283,d2:03:b8:43:8d:44, 2015-01-01 00:05:07.605, -0.076, 0.986, -0.138, -2.075, 0.854, -1.16, , , , , , , 97.85, 3.862, 10.838, 0.000, 0.000, 0.000, 26.1, 0.65384, 0.74911, 0.10342, 0.02283, 410, 100,
 11:50:13.502,d2:03:b8:43:8d:44, 2015-01-01 00:05:07.605, -0.075, 0.987, -0.133, -1.831, 0.244, 0.366, , , , , , , 97.828, 3.867, 10.844, 0.000, 0.000, 0.000, 26.1, 0.65192, 0.75092, 0.10269, 0.02191, 410, 100,
 11:50:13.561,d2:03:b8:43:8d:44, 2015-01-01 00:05:08.020, -0.071, 0.985, -0.132, -1.343, -0.305, 0.854, , , , , , , 97.811, 3.862, 10.838, 0.000, 0.000, 0.000, 26.1, 0.65192, 0.75092, 0.10269, 0.02191, 410, 100,
 11:50:13.561,d2:03:b8:43:8d:44, 2015-01-01 00:05:08.020, -0.073, 0.985, -0.132, -0.732, -1.099, 1.099, , , , , , , 97.8, 3.851, 10.827, 0.000, 0.000, 0.000, 26.1, 0.65192, 0.75092, 0.10269, 0.02191, 410, 100,
 11:50:13.562,d2:03:b8:43:8d:44, 2015-01-01 00:05:08.020, -0.073, 0.986, -0.131, 0, -1.282, 0.854, , , , , , , 97.795, 3.845, 10.811, 0.000, 0.000, 0.000, 26.1, 0.65192, 0.75092, 0.10269, 0.02191, 410, 100,
 11:50:13.562,d2:03:b8:43:8d:44, 2015-01-01 00:05:08.020, -0.071, 0.988, -0.134, 0.427, -1.404, 2.319, , , , , , , 97.795, 3.829, 10.794, 0.000, 0.000, 0.000, 26.1, 0.65192, 0.75092, 0.10269, 0.02191, 410, 100,
 11:50:13.563,d2:03:b8:43:8d:44, 2015-01-01 00:05:08.020, -0.063, 0.988, -0.137, 0.671, -0.732, 2.991, , , , , , , 97.8, 3.807, 10.778, 0.000, 0.000, 0.000, 26.1, 0.65192, 0.75092, 0.10269, 0.02191, 410, 100,
 11:50:13.563,d2:03:b8:43:8d:44, 2015-01-01 00:05:08.020, -0.062, 0.986, -0.137, 0.366, -0.61, 3.296, , , , , , , 97.806, 3.774, 10.767, 0.000, 0.000, 0.000, 26.1, 0.65192, 0.75092, 0.10269, 0.02191, 410, 100,
 11:50:13.563,d2:03:b8:43:8d:44, 2015-01-01 00:05:08.020, -0.066, 0.985, -0.137, 0.183, -0.488, 1.648, , , , , , , 97.806, 3.752, 10.756, 0.000, 0.000, 0.000, 26.1, 0.65192, 0.75092, 0.10269, 0.02191, 410, 100,
 11:50:13.564,d2:03:b8:43:8d:44, 2015-01-01 00:05:08.020, -0.069, 0.988, -0.141, -0.366, -0.671, 1.77, , , , , , , 97.806, 3.735, 10.745, 0.000, 0.000, 0.000, 26.1, 0.65192, 0.75092, 0.10269, 0.02191, 410, 100,
 11:50:13.564,d2:03:b8:43:8d:44, 2015-01-01 00:05:08.020, -0.067, 0.989, -0.14, -1.282, -0.488, 2.197, , , , , , , 97.795, 3.719, 10.734, 0.000, 0.000, 0.000, 26.1, 0.65192, 0.75092, 0.10269, 0.02191, 410, 100,
 11:50:13.565,d2:03:b8:43:8d:44, 2015-01-01 00:05:08.020, -0.06, 0.988, -0.136, -1.465, -0.732, 2.808, , , , , , , 97.778, 3.691, 10.723, 0.000, 0.000, 0.000, 26.1, 0.65192, 0.75092, 0.10269, 0.02191, 410, 100,
 11:50:13.565,d2:03:b8:43:8d:44, 2015-01-01 00:05:08.020, -0.06, 0.987, -0.134, -1.16, -0.549, 2.014, , , , , , , 97.762, 3.669, 10.712, 0.000, 0.000, 0.000, 26.1, 0.65192, 0.75092, 0.10269, 0.02191, 410, 100,
 11:50:13.565,d2:03:b8:43:8d:44, 2015-01-01 00:05:08.020, -0.067, 0.985, -0.132, -0.549, -0.366, 0.854, , , , , , , 97.751, 3.658, 10.701, 0.000, 0.000, 0.000, 26.1, 0.65192, 0.75092, 0.10269, 0.02191, 410, 100,
 11:50:13.566,d2:03:b8:43:8d:44, 2015-01-01 00:05:08.020, -0.064, 0.987, -0.133, -0.122, -0.244, 0.732, , , , , , , 97.751, 3.653, 10.701, 0.000, 0.000, 0.000, 26.1, 0.65192, 0.75092, 0.10269, 0.02191, 410, 100,
 11:50:13.566,d2:03:b8:43:8d:44, 2015-01-01 00:05:08.020, -0.061, 0.989, -0.139, -0.549, 0.061, 1.465, , , , , , , 97.745, 3.636, 10.695, 0.000, 0.000, 0.000, 26.1, 0.65192, 0.75092, 0.10269, 0.02191, 410, 100,
 11:50:13.567,d2:03:b8:43:8d:44, 2015-01-01 00:05:08.020, -0.06, 0.988, -0.137, -1.221, 0.244, 0.916, , , , , , , 97.734, 3.625, 10.695, 0.000, 0.000, 0.000, 26.1, 0.65192, 0.75092, 0.10269, 0.02191, 410, 100,
 11:50:13.567,d2:03:b8:43:8d:44, 2015-01-01 00:05:08.020, -0.063, 0.986, -0.135, -1.587, 0, 0, , , , , , , 97.718, 3.62, 10.695, 0.000, 0.000, 0.000, 26.1, 0.65192, 0.75092, 0.10269, 0.02191, 410, 100,
 11:50:13.567,d2:03:b8:43:8d:44, 2015-01-01 00:05:08.020, -0.066, 0.986, -0.134, -1.648, -0.061, -0.977, , , , , , , 97.701, 3.631, 10.695, 0.000, 0.000, 0.000, 26.1, 0.65192, 0.75092, 0.10269, 0.02191, 410, 100,
 11:50:13.568,d2:03:b8:43:8d:44, 2015-01-01 00:05:08.020, -0.069, 0.986, -0.132, -1.526, 0.061, -0.854, , , , , , , 97.685, 3.636, 10.695, 0.000, 0.000, 0.000, 26.1, 0.65192, 0.75092, 0.10269, 0.02191, 410, 100,
 11:50:13.568,d2:03:b8:43:8d:44, 2015-01-01 00:05:08.020, -0.064, 0.986, -0.128, -0.732, -0.549, -0.61, , , , , , , 97.674, 3.647, 10.69, 0.000, 0.000, 0.000, 26.1, 0.65192, 0.75092, 0.10269, 0.02191, 410, 100,
 11:50:13.568,d2:03:b8:43:8d:44, 2015-01-01 00:05:08.020, -0.069, 0.984, -0.129, 0, -0.916, -1.16, , , , , , , 97.668, 3.658, 10.684, 0.000, 0.000, 0.000, 26.1, 0.65192, 0.75092, 0.10269, 0.02191, 410, 100,
 11:50:13.569,d2:03:b8:43:8d:44, 2015-01-01 00:05:08.020, -0.07, 0.986, -0.129, 1.038, -1.526, -1.526, , , , , , , 97.674, 3.675, 10.668, 0.000, 0.000, 0.000, 26.1, 0.65192, 0.75092, 0.10269, 0.02191, 410, 100,
 11:50:13.569,d2:03:b8:43:8d:44, 2015-01-01 00:05:08.020, -0.067, 0.987, -0.129, 1.831, -1.587, -0.732, , , , , , , 97.685, 3.691, 10.651, 0.000, 0.000, 0.000, 26.1, 0.65192, 0.75092, 0.10269, 0.02191, 410, 100,
 11:50:13.570,d2:03:b8:43:8d:44, 2015-01-01 00:05:08.020, -0.062, 0.988, -0.132, 2.197, -1.465, 0.061, , , , , , , 97.707, 3.691, 10.635, 0.000, 0.000, 0.000, 26.1, 0.65192, 0.75092, 0.10269, 0.02191, 410, 100,
 11:50:13.570,d2:03:b8:43:8d:44, 2015-01-01 00:05:08.020, -0.062, 0.986, -0.137, 2.075, -1.099, -0.244, , , , , , , 97.723, 3.697, 10.624, 0.000, 0.000, 0.000, 26.1, 0.65192, 0.75092, 0.10269, 0.02191, 410, 100,
 11:50:13.571,d2:03:b8:43:8d:44, 2015-01-01 00:05:08.020, -0.063, 0.987, -0.138, 1.526, -0.793, -0.671, , , , , , , 97.74, 3.702, 10.613, 0.000, 0.000, 0.000, 26.1, 0.65192, 0.75092, 0.10269, 0.02191, 410, 100,
 11:50:13.571,d2:03:b8:43:8d:44, 2015-01-01 00:05:08.020, -0.067, 0.987, -0.137, 1.16, -0.427, -1.282, , , , , , , 97.751, 3.713, 10.607, 0.000, 0.000, 0.000, 26.1, 0.65192, 0.75092, 0.10269, 0.02191, 410, 100,
 11:50:13.572,d2:03:b8:43:8d:44, 2015-01-01 00:05:08.020, -0.063, 0.988, -0.137, 0.793, -0.366, -0.854, , , , , , , 97.762, 3.73, 10.602, 0.000, 0.000, 0.000, 26.1, 0.65192, 0.75092, 0.10269, 0.02191, 410, 100,
 11:50:13.572,d2:03:b8:43:8d:44, 2015-01-01 00:05:08.020, -0.066, 0.986, -0.138, 0.366, 0.122, -0.916, , , , , , , 97.767, 3.735, 10.602, 0.000, 0.000, 0.000, 26.1, 0.65192, 0.75092, 0.10269, 0.02191, 410, 100,
 11:50:13.572,d2:03:b8:43:8d:44, 2015-01-01 00:05:08.020, -0.065, 0.987, -0.136, 0.183, -0.061, -1.16, , , , , , , 97.767, 3.746, 10.602, 0.000, 0.000, 0.000, 26.1, 0.65192, 0.75092, 0.10269, 0.02191, 410, 100,
 11:50:13.594,d2:03:b8:43:8d:44, 2015-01-01 00:05:08.020, -0.069, 0.987, -0.137, 0.061, 0.061, -1.648, , , , , , , 97.773, 3.763, 10.602, 0.000, 0.000, 0.000, 26.1, 0.65192, 0.75092, 0.10269, 0.02191, 410, 100,
 11:50:13.595,d2:03:b8:43:8d:44, 2015-01-01 00:05:08.020, -0.07, 0.988, -0.135, 0, 0.061, -1.526, , , , , , , 97.767, 3.779, 10.602, 0.000, 0.000, 0.000, 26.1, 0.65192, 0.75092, 0.10269, 0.02191, 410, 100,
 11:50:13.595,d2:03:b8:43:8d:44, 2015-01-01 00:05:08.020, -0.07, 0.987, -0.136, 0.183, 0.427, -1.038, , , , , , , 97.773, 3.79, 10.607, 0.000, 0.000, 0.000, 26.1, 0.65192, 0.75092, 0.10269, 0.02191, 410, 100,
 11:50:13.595,d2:03:b8:43:8d:44, 2015-01-01 00:05:08.020, -0.064, 0.987, -0.134, 0.427, 0, 0, , , , , , , 97.773, 3.796, 10.607, 0.000, 0.000, 0.000, 26.1, 0.65192, 0.75092, 0.10269, 0.02191, 410, 100,
 11:50:13.596,d2:03:b8:43:8d:44, 2015-01-01 00:05:08.020, -0.067, 0.985, -0.136, 0.549, 0.183, -0.916, , , , , , , 97.778, 3.801, 10.607, 0.000, 0.000, 0.000, 26.1, 0.65192, 0.75092, 0.10269, 0.02191, 410, 100,
 11:50:13.597,d2:03:b8:43:8d:44, 2015-01-01 00:05:08.020, -0.066, 0.987, -0.138, 0.122, 0, -1.16, , , , , , , 97.784, 3.812, 10.607, 0.000, 0.000, 0.000, 26.1, 0.65192, 0.75092, 0.10269, 0.02191, 410, 100,
 11:50:13.598,d2:03:b8:43:8d:44, 2015-01-01 00:05:08.020, -0.069, 0.987, -0.139, -0.366, 0.549, -1.343, , , , , , , 97.778, 3.829, 10.613, 0.000, 0.000, 0.000, 26.1, 0.65192, 0.75092, 0.10269, 0.02191, 410, 100,
 11:50:13.598,d2:03:b8:43:8d:44, 2015-01-01 00:05:08.020, -0.067, 0.987, -0.135, -0.427, 0.244, -1.16, , , , , , , 97.773, 3.84, 10.618, 0.000, 0.000, 0.000, 26.1, 0.65192, 0.75092, 0.10269, 0.02191, 410, 100,
 11:50:13.599,d2:03:b8:43:8d:44, 2015-01-01 00:05:08.020, -0.072, 0.986, -0.134, -0.183, 0.427, -1.953, , , , , , , 97.773, 3.856, 10.624, 0.000, 0.000, 0.000, 26.1, 0.65192, 0.75092, 0.10269, 0.02191, 410, 100,
 11:50:13.599,d2:03:b8:43:8d:44, 2015-01-01 00:05:08.020, -0.07, 0.985, -0.131, 0.305, -0.183, -2.014, , , , , , , 97.773, 3.873, 10.624, 0.000, 0.000, 0.000, 26.1, 0.65192, 0.75092, 0.10269, 0.02191, 410, 100,
 11:50:13.600,d2:03:b8:43:8d:44, 2015-01-01 00:05:08.020, -0.069, 0.987, -0.135, 0.549, -0.183, -1.709, , , , , , , 97.773, 3.895, 10.624, 0.000, 0.000, 0.000, 26.1, 0.65192, 0.75092, 0.10269, 0.02191, 410, 100,
 11:50:13.600,d2:03:b8:43:8d:44, 2015-01-01 00:05:08.020, -0.07, 0.986, -0.136, 0.305, -0.427, -1.221, , , , , , , 97.778, 3.911, 10.618, 0.000, 0.000, 0.000, 26.1, 0.65192, 0.75092, 0.10269, 0.02191, 410, 100,
 11:50:13.600,d2:03:b8:43:8d:44, 2015-01-01 00:05:08.020, -0.072, 0.986, -0.136, 0.122, 0.061, -1.465, , , , , , , 97.778, 3.928, 10.618, 0.000, 0.000, 0.000, 26.1, 0.65192, 0.75092, 0.10269, 0.02191, 410, 100,
 11:50:13.601,d2:03:b8:43:8d:44, 2015-01-01 00:05:08.020, -0.07, 0.985, -0.133, 0.366, -0.244, -0.732, , , , , , , 97.784, 3.939, 10.618, 0.000, 0.000, 0.000, 26.1, 0.65192, 0.75092, 0.10269, 0.02191, 410, 100,
 11:50:13.601,d2:03:b8:43:8d:44, 2015-01-01 00:05:08.020, -0.07, 0.986, -0.133, 0.916, -0.122, -1.16, , , , , , , 97.789, 3.944, 10.618, 0.000, 0.000, 0.000, 26.1, 0.65192, 0.75092, 0.10269, 0.02191, 410, 100,
 11:50:13.602,d2:03:b8:43:8d:44, 2015-01-01 00:05:08.020, -0.07, 0.986, -0.134, 1.343, -0.549, -1.16, , , , , , , 97.8, 3.961, 10.613, 0.000, 0.000, 0.000, 26.1, 0.65192, 0.75092, 0.10269, 0.02191, 410, 100,
 11:50:13.602,d2:03:b8:43:8d:44, 2015-01-01 00:05:08.020, -0.068, 0.986, -0.137, 1.343, -0.366, -1.526, , , , , , , 97.811, 3.977, 10.607, 0.000, 0.000, 0.000, 26.1, 0.65192, 0.75092, 0.10269, 0.02191, 410, 100,
 11:50:13.602,d2:03:b8:43:8d:44, 2015-01-01 00:05:08.020, -0.069, 0.987, -0.14, 0.854, -0.366, -1.282, , , , , , , 97.822, 3.988, 10.607, 0.000, 0.000, 0.000, 26.1, 0.65192, 0.75092, 0.10269, 0.02191, 410, 100,
 11:50:13.603,d2:03:b8:43:8d:44, 2015-01-01 00:05:08.020, -0.073, 0.986, -0.14, 0.183, 0.122, -1.953, , , , , , , 97.828, 4.005, 10.607, 0.000, 0.000, 0.000, 26.1, 0.65192, 0.75092, 0.10269, 0.02191, 410, 100,
 11:50:13.603,d2:03:b8:43:8d:44, 2015-01-01 00:05:08.020, -0.075, 0.987, -0.137, -0.061, 0.244, -1.16, , , , , , , 97.828, 4.021, 10.607, 0.000, 0.000, 0.000, 26.1, 0.65192, 0.75092, 0.10269, 0.02191, 410, 100,
 11:50:13.604,d2:03:b8:43:8d:44, 2015-01-01 00:05:08.020, -0.071, 0.986, -0.135, 0.061, 0.427, -0.732, , , , , , , 97.828, 4.032, 10.613, 0.000, 0.000, 0.000, 26.1, 0.65192, 0.75092, 0.10269, 0.02191, 410, 100,
 11:50:13.604,d2:03:b8:43:8d:44, 2015-01-01 00:05:08.020, -0.07, 0.986, -0.136, 0.122, -0.061, -0.488, , , , , , , 97.828, 4.037, 10.613, 0.000, 0.000, 0.000, 26.1, 0.65192, 0.75092, 0.10269, 0.02191, 410, 100,
 11:50:13.604,d2:03:b8:43:8d:44, 2015-01-01 00:05:08.020, -0.069, 0.987, -0.14, -0.366, 0.366, -0.854, , , , , , , 97.822, 4.043, 10.618, 0.000, 0.000, 0.000, 26.1, 0.65192, 0.75092, 0.10269, 0.02191, 410, 100,
 11:50:13.605,d2:03:b8:43:8d:44, 2015-01-01 00:05:08.020, -0.076, 0.986, -0.138, -0.854, 0.305, -0.61, , , , , , , 97.817, 4.054, 10.618, 0.000, 0.000, 0.000, 26.1, 0.65192, 0.75092, 0.10269, 0.02191, 410, 100,
 11:50:13.605,d2:03:b8:43:8d:44, 2015-01-01 00:05:08.020, -0.081, 0.986, -0.134, -0.549, 0.549, -0.854, , , , , , , 97.811, 4.059, 10.624, 0.000, 0.000, 0.000, 26.1, 0.65192, 0.75092, 0.10269, 0.02191, 410, 100,
 11:50:13.606,d2:03:b8:43:8d:44, 2015-01-01 00:05:08.020, -0.078, 0.987, -0.131, 0.183, 0.122, 0.549, , , , , , , 97.806, 4.059, 10.624, 0.000, 0.000, 0.000, 26.1, 0.65192, 0.75092, 0.10269, 0.02191, 410, 100,
 11:50:13.606,d2:03:b8:43:8d:44, 2015-01-01 00:05:08.020, -0.072, 0.986, -0.131, 1.038, -0.305, 1.038, , , , , , , 97.811, 4.054, 10.624, 0.000, 0.000, 0.000, 26.1, 0.65192, 0.75092, 0.10269, 0.02191, 410, 100,
 11:50:13.606,d2:03:b8:43:8d:44, 2015-01-01 00:05:08.020, -0.069, 0.985, -0.135, 1.282, -0.549, 1.099, , , , , , , 97.822, 4.043, 10.613, 0.000, 0.000, 0.000, 26.1, 0.65192, 0.75092, 0.10269, 0.02191, 410, 100,
 11:50:13.607,d2:03:b8:43:8d:44, 2015-01-01 00:05:08.020, -0.07, 0.985, -0.136, 1.221, -0.366, 0.427, , , , , , , 97.839, 4.037, 10.607, 0.000, 0.000, 0.000, 26.1, 0.65192, 0.75092, 0.10269, 0.02191, 410, 100,
 11:50:13.607,d2:03:b8:43:8d:44, 2015-01-01 00:05:08.020, -0.072, 0.986, -0.138, 1.099, -0.244, 0.122, , , , , , , 97.85, 4.032, 10.602, 0.000, 0.000, 0.000, 26.1, 0.65192, 0.75092, 0.10269, 0.02191, 410, 100,
 11:50:13.608,d2:03:b8:43:8d:44, 2015-01-01 00:05:08.020, -0.067, 0.988, -0.138, 0.61, 0, 0.61, , , , , , , 97.855, 4.032, 10.602, 0.000, 0.000, 0.000, 26.1, 0.65192, 0.75092, 0.10269, 0.02191, 410, 100,
 11:50:13.608,d2:03:b8:43:8d:44, 2015-01-01 00:05:08.020, -0.071, 0.983, -0.136, 0.671, -0.244, -0.122, , , , , , , 97.861, 4.026, 10.596, 0.000, 0.000, 0.000, 26.1, 0.65192, 0.75092, 0.10269, 0.02191, 410, 100,
 11:50:13.609,d2:03:b8:43:8d:44, 2015-01-01 00:05:08.020, -0.073, 0.985, -0.137, 0.732, -0.244, -0.854, , , , , , , 97.866, 4.037, 10.596, 0.000, 0.000, 0.000, 26.1, 0.65192, 0.75092, 0.10269, 0.02191, 410, 100,
 11:50:13.609,d2:03:b8:43:8d:44, 2015-01-01 00:05:08.020, -0.074, 0.987, -0.139, 0.488, -0.183, -0.366, , , , , , , 97.872, 4.043, 10.591, 0.000, 0.000, 0.000, 26.1, 0.65192, 0.75092, 0.10269, 0.02191, 410, 100,
 11:50:13.609,d2:03:b8:43:8d:44, 2015-01-01 00:05:08.020, -0.073, 0.987, -0.137, 0.488, -0.122, -0.061, , , , , , , 97.877, 4.048, 10.591, 0.000, 0.000, 0.000, 26.1, 0.65192, 0.75092, 0.10269, 0.02191, 410, 100,
 11:50:13.610,d2:03:b8:43:8d:44, 2015-01-01 00:05:08.020, -0.074, 0.984, -0.135, 0.977, -0.183, -0.183, , , , , , , 97.883, 4.048, 10.585, 0.000, 0.000, 0.000, 26.1, 0.65192, 0.75092, 0.10269, 0.02191, 410, 100,
 11:50:13.610,d2:03:b8:43:8d:44, 2015-01-01 00:05:08.020, -0.07, 0.987, -0.135, 1.404, -0.549, -0.122, , , , , , , 97.894, 4.054, 10.58, 0.000, 0.000, 0.000, 26.1, 0.65192, 0.75092, 0.10269, 0.02191, 410, 100,
 11:50:13.611,d2:03:b8:43:8d:44, 2015-01-01 00:05:08.020, -0.071, 0.985, -0.139, 1.282, -0.366, -0.183, , , , , , , 97.905, 4.054, 10.574, 0.000, 0.000, 0.000, 26.1, 0.65192, 0.75092, 0.10269, 0.02191, 410, 100,
 11:50:13.611,d2:03:b8:43:8d:44, 2015-01-01 00:05:08.020, -0.068, 0.986, -0.139, 1.038, -0.305, -0.305, , , , , , , 97.916, 4.059, 10.569, 0.000, 0.000, 0.000, 26.1, 0.65192, 0.75092, 0.10269, 0.02191, 410, 100,
 11:50:13.612,d2:03:b8:43:8d:44, 2015-01-01 00:05:08.020, -0.07, 0.986, -0.143, 0.549, 0, -0.549, , , , , , , 97.927, 4.065, 10.563, 0.000, 0.000, 0.000, 26.1, 0.65192, 0.75092, 0.10269, 0.02191, 410, 100,
 11:50:13.612,d2:03:b8:43:8d:44, 2015-01-01 00:05:08.020, -0.069, 0.987, -0.143, -0.244, 0.305, -0.732, , , , , , , 97.927, 4.07, 10.569, 0.000, 0.000, 0.000, 26.1, 0.65192, 0.75092, 0.10269, 0.02191, 410, 100,
 11:50:13.613,d2:03:b8:43:8d:44, 2015-01-01 00:05:08.020, -0.077, 0.985, -0.139, -0.61, 0.671, -1.221, , , , , , , 97.921, 4.081, 10.574, 0.000, 0.000, 0.000, 26.1, 0.65192, 0.75092, 0.10269, 0.02191, 410, 100,
 11:50:13.613,d2:03:b8:43:8d:44, 2015-01-01 00:05:08.020, -0.076, 0.986, -0.135, -0.244, 0.244, -1.16, , , , , , , 97.916, 4.092, 10.58, 0.000, 0.000, 0.000, 26.1, 0.65192, 0.75092, 0.10269, 0.02191, 410, 100,
 11:50:13.614,d2:03:b8:43:8d:44, 2015-01-01 00:05:08.020, -0.075, 0.986, -0.136, 0.061, 0.183, -0.549, , , , , , , 97.916, 4.103, 10.58, 0.000, 0.000, 0.000, 26.1, 0.65192, 0.75092, 0.10269, 0.02191, 410, 100,
 11:50:13.614,d2:03:b8:43:8d:44, 2015-01-01 00:05:08.020, -0.07, 0.986, -0.136, 0.244, -0.122, -0.183, , , , , , , 97.916, 4.103, 10.58, 0.000, 0.000, 0.000, 26.1, 0.65192, 0.75092, 0.10269, 0.02191, 410, 100,
 11:50:13.615,d2:03:b8:43:8d:44, 2015-01-01 00:05:08.020, -0.073, 0.985, -0.139, 0.305, 0.122, -0.61, , , , , , , 97.916, 4.109, 10.58, 0.000, 0.000, 0.000, 26.1, 0.65192, 0.75092, 0.10269, 0.02191, 410, 100,
 11:50:13.615,d2:03:b8:43:8d:44, 2015-01-01 00:05:08.020, -0.075, 0.986, -0.138, 0.183, 0, -0.488, , , , , , , 97.921, 4.114, 10.58, 0.000, 0.000, 0.000, 26.1, 0.65192, 0.75092, 0.10269, 0.02191, 410, 100,
 11:50:13.616,d2:03:b8:43:8d:44, 2015-01-01 00:05:08.020, -0.075, 0.986, -0.138, 0.244, 0.183, -0.183, , , , , , , 97.921, 4.12, 10.58, 0.000, 0.000, 0.000, 26.1, 0.65192, 0.75092, 0.10269, 0.02191, 410, 100,
 11:50:13.616,d2:03:b8:43:8d:44, 2015-01-01 00:05:08.020, -0.07, 0.987, -0.135, 0.366, -0.183, 0.244, , , , , , , 97.927, 4.12, 10.58, 0.000, 0.000, 0.000, 26.1, 0.65192, 0.75092, 0.10269, 0.02191, 410, 100,
 11:50:13.617,d2:03:b8:43:8d:44, 2015-01-01 00:05:08.020, -0.076, 0.984, -0.137, 0.732, -0.061, -0.549, , , , , , , 97.927, 4.12, 10.574, 0.000, 0.000, 0.000, 26.1, 0.65192, 0.75092, 0.10269, 0.02191, 410, 100,
 11:50:13.617,d2:03:b8:43:8d:44, 2015-01-01 00:05:08.020, -0.077, 0.985, -0.135, 1.099, -0.61, -0.61, , , , , , , 97.938, 4.131, 10.569, 0.000, 0.000, 0.000, 26.1, 0.65192, 0.75092, 0.10269, 0.02191, 410, 100,
 11:50:13.618,d2:03:b8:43:8d:44, 2015-01-01 00:05:08.020, -0.075, 0.986, -0.137, 1.587, -0.671, -0.305, , , , , , , 97.949, 4.136, 10.563, 0.000, 0.000, 0.000, 26.1, 0.65192, 0.75092, 0.10269, 0.02191, 410, 100,
 11:50:13.618,d2:03:b8:43:8d:44, 2015-01-01 00:05:08.020, -0.069, 0.986, -0.138, 1.709, -0.977, 0.183, , , , , , , 97.965, 4.136, 10.552, 0.000, 0.000, 0.000, 26.1, 0.65192, 0.75092, 0.10269, 0.02191, 410, 100,
 11:50:13.619,d2:03:b8:43:8d:44, 2015-01-01 00:05:08.020, -0.075, 0.984, -0.139, 1.892, -0.854, -1.038, , , , , , , 97.982, 4.142, 10.541, 0.000, 0.000, 0.000, 26.1, 0.65192, 0.75092, 0.10269, 0.02191, 410, 100,
 11:50:13.619,d2:03:b8:43:8d:44, 2015-01-01 00:05:08.020, -0.073, 0.986, -0.136, 2.197, -1.526, -1.343, , , , , , , 98.004, 4.158, 10.53, 0.000, 0.000, 0.000, 26.1, 0.65192, 0.75092, 0.10269, 0.02191, 410, 100,
 11:50:13.620,d2:03:b8:43:8d:44, 2015-01-01 00:05:08.020, -0.071, 0.985, -0.14, 2.319, -1.282, -1.587, , , , , , , 98.026, 4.175, 10.519, 0.000, 0.000, 0.000, 26.1, 0.65192, 0.75092, 0.10269, 0.02191, 410, 100,
 11:50:13.620,d2:03:b8:43:8d:44, 2015-01-01 00:05:08.020, -0.069, 0.986, -0.143, 1.953, -0.854, -1.587, , , , , , , 98.042, 4.191, 10.508, 0.000, 0.000, 0.000, 26.1, 0.65192, 0.75092, 0.10269, 0.02191, 410, 100,
 11:50:13.621,d2:03:b8:43:8d:44, 2015-01-01 00:05:08.020, -0.062, 0.987, -0.151, 0.671, 0.366, -1.831, , , , , , , 98.058, 4.213, 10.508, 0.000, 0.000, 0.000, 26.1, 0.65192, 0.75092, 0.10269, 0.02191, 410, 100,
 11:50:13.621,d2:03:b8:43:8d:44, 2015-01-01 00:05:08.020, -0.063, 0.99, -0.159, -2.441, 2.014, -1.343, , , , , , , 98.047, 4.224, 10.519, 0.000, 0.000, 0.000, 26.1, 0.65192, 0.75092, 0.10269, 0.02191, 410, 100,
 11:50:13.622,d2:03:b8:43:8d:44, 2015-01-01 00:05:08.020, -0.075, 0.985, -0.156, -5.127, 3.784, -3.357, , , , , , , 98.009, 4.246, 10.552, 0.000, 0.000, 0.000, 26.1, 0.65192, 0.75092, 0.10269, 0.02191, 410, 100,
 11:50:13.622,d2:03:b8:43:8d:44, 2015-01-01 00:05:08.020, -0.112, 0.984, -0.13, -5.066, 3.296, -4.517, , , , , , , 97.954, 4.279, 10.591, 0.000, 0.000, 0.000, 26.1, 0.65192, 0.75092, 0.10269, 0.02191, 410, 100,
 11:50:13.622,d2:03:b8:43:8d:44, 2015-01-01 00:05:08.020, -0.084, 0.99, -0.124, -1.465, 1.953, 0, , , , , , , 97.932, 4.307, 10.624, 0.000, 0.000, 0.000, 26.1, 0.65192, 0.75092, 0.10269, 0.02191, 410, 100,
 11:50:13.623,d2:03:b8:43:8d:44, 2015-01-01 00:05:08.020, -0.082, 0.985, -0.127, -0.122, 0.305, 3.357, , , , , , , 97.921, 4.279, 10.629, 0.000, 0.000, 0.000, 26.1, 0.65192, 0.75092, 0.10269, 0.02191, 410, 100,
 11:50:13.623,d2:03:b8:43:8d:44, 2015-01-01 00:05:08.020, -0.087, 0.978, -0.123, 2.563, -0.488, -0.427, , , , , , , 97.932, 4.268, 10.624, 0.000, 0.000, 0.000, 26.1, 0.65192, 0.75092, 0.10269, 0.02191, 410, 100,
 11:50:13.624,d2:03:b8:43:8d:44, 2015-01-01 00:05:08.020, -0.058, 0.988, -0.128, 4.333, -2.136, 3.296, , , , , , , 97.971, 4.257, 10.607, 0.000, 0.000, 0.000, 26.1, 0.65192, 0.75092, 0.10269, 0.02191, 410, 100,
 11:50:13.624,d2:03:b8:43:8d:44, 2015-01-01 00:05:08.020, -0.065, 0.981, -0.141, 4.395, -1.648, 0.61, , , , , , , 98.009, 4.235, 10.58, 0.000, 0.000, 0.000, 26.1, 0.65192, 0.75092, 0.10269, 0.02191, 410, 100,
 11:50:13.624,d2:03:b8:43:8d:44, 2015-01-01 00:05:08.020, -0.068, 0.985, -0.144, 3.845, 0, -1.709, , , , , , , 98.053, 4.246, 10.574, 0.000, 0.000, 0.000, 26.1, 0.65192, 0.75092, 0.10269, 0.02191, 410, 100,
 11:50:13.625,d2:03:b8:43:8d:44, 2015-01-01 00:05:08.020, -0.064, 0.986, -0.142, 3.479, 1.221, -1.587, , , , , , , 98.086, 4.263, 10.58, 0.000, 0.000, 0.000, 26.1, 0.65192, 0.75092, 0.10269, 0.02191, 410, 100,
 11:50:13.625,d2:03:b8:43:8d:44, 2015-01-01 00:05:08.020, -0.076, 0.982, -0.142, 3.235, 1.587, -3.784, , , , , , , 98.124, 4.285, 10.596, 0.000, 0.000, 0.000, 26.1, 0.65192, 0.75092, 0.10269, 0.02191, 410, 100,
 11:50:13.625,d2:03:b8:43:8d:44, 2015-01-01 00:05:08.020, -0.077, 0.984, -0.145, 2.747, 1.038, -5.249, , , , , , , 98.152, 4.334, 10.618, 0.000, 0.000, 0.000, 26.1, 0.65192, 0.75092, 0.10269, 0.02191, 410, 100,
 11:50:13.626,d2:03:b8:43:8d:44, 2015-01-01 00:05:08.020, -0.078, 0.986, -0.145, 2.136, 0.61, -5.127, , , , , , , 98.174, 4.384, 10.629, 0.000, 0.000, 0.000, 26.1, 0.65192, 0.75092, 0.10269, 0.02191, 410, 100,
 11:50:13.626,d2:03:b8:43:8d:44, 2015-01-01 00:05:08.020, -0.075, 0.986, -0.143, 2.014, 0.122, -5.31, , , , , , , 98.196, 4.433, 10.64, 0.000, 0.000, 0.000, 26.1, 0.65192, 0.75092, 0.10269, 0.02191, 410, 100,
 11:50:13.626,d2:03:b8:43:8d:44, 2015-01-01 00:05:08.020, -0.089, 0.983, -0.144, 1.831, -0.916, -6.042, , , , , , , 98.218, 4.493, 10.646, 0.000, 0.000, 0.000, 26.1, 0.65192, 0.75092, 0.10269, 0.02191, 410, 100,
 11:50:13.627,d2:03:b8:43:8d:44, 2015-01-01 00:05:08.020, -0.089, 0.987, -0.15, 0.916, 0.061, -5.554, , , , , , , 98.229, 4.554, 10.651, 0.000, 0.000, 0.000, 26.1, 0.65192, 0.75092, 0.10269, 0.02191, 410, 100,
 11:50:13.627,d2:03:b8:43:8d:44, 2015-01-01 00:05:08.020, -0.077, 0.988, -0.149, -0.122, 0, -2.136, , , , , , , 98.234, 4.592, 10.651, 0.000, 0.000, 0.000, 26.1, 0.65192, 0.75092, 0.10269, 0.02191, 410, 100,
 11:50:13.627,d2:03:b8:43:8d:44, 2015-01-01 00:05:08.020, -0.079, 0.982, -0.147, -0.793, 0.305, -2.563, , , , , , , 98.229, 4.609, 10.657, 0.000, 0.000, 0.000, 26.1, 0.65192, 0.75092, 0.10269, 0.02191, 410, 100,
 11:50:13.831,d2:03:b8:43:8d:44, 2015-01-01 00:05:08.020, -0.082, 0.985, -0.148, -1.465, 0.488, -3.052, , , , , , , 98.218, 4.642, 10.662, 0.000, 0.000, 0.000, 26.1, 0.65192, 0.75092, 0.10269, 0.02191, 410, 100,
 11:50:14.101,d2:03:b8:43:8d:44, 2015-01-01 00:05:08.440, -0.085, 0.988, -0.147, -2.441, 1.282, -2.686, , , , , , , 98.196, 4.669, 10.679, 0.000, 0.000, 0.000, 26.1, 0.64926, 0.75302, 0.10498, 0.01788, 410, 100,
 11:50:14.337,d2:03:b8:43:8d:44, 2015-01-01 00:05:08.440, -0.091, 0.984, -0.143, -2.563, 1.404, -2.441, , , , , , , 98.168, 4.691, 10.69, 0.000, 0.000, 0.000, 26.1, 0.64926, 0.75302, 0.10498, 0.01788, 410, 100,
 11:50:14.514,d2:03:b8:43:8d:44, 2015-01-01 00:05:08.885, -0.09, 0.985, -0.139, -2.075, 1.221, -1.892, , , , , , , 98.146, 4.713, 10.706, 0.000, 0.000, 0.000, 26.1, 0.64969, 0.75232, 0.10672, 0.0202, 410, 100,
 11:50:14.515,d2:03:b8:43:8d:44, 2015-01-01 00:05:08.885, -0.084, 0.986, -0.141, -1.831, 0.732, -0.671, , , , , , , 98.13, 4.724, 10.717, 0.000, 0.000, 0.000, 26.1, 0.64969, 0.75232, 0.10672, 0.0202, 410, 100,
 11:50:14.515,d2:03:b8:43:8d:44, 2015-01-01 00:05:08.885, -0.076, 0.985, -0.14, -1.77, 1.038, -0.61, , , , , , , 98.108, 4.73, 10.728, 0.000, 0.000, 0.000, 26.1, 0.64969, 0.75232, 0.10672, 0.0202, 410, 100,
 11:50:14.515,d2:03:b8:43:8d:44, 2015-01-01 00:05:08.885, -0.081, 0.982, -0.143, -1.892, 1.038, -1.465, , , , , , , 98.091, 4.735, 10.739, 0.000, 0.000, 0.000, 26.1, 0.64969, 0.75232, 0.10672, 0.0202, 410, 100,
 11:50:14.516,d2:03:b8:43:8d:44, 2015-01-01 00:05:08.885, -0.085, 0.984, -0.143, -2.258, 1.526, -2.991, , , , , , , 98.069, 4.763, 10.756, 0.000, 0.000, 0.000, 26.1, 0.64969, 0.75232, 0.10672, 0.0202, 410, 100,
 11:50:14.516,d2:03:b8:43:8d:44, 2015-01-01 00:05:08.885, -0.083, 0.985, -0.141, -2.563, 1.404, -2.502, , , , , , , 98.047, 4.785, 10.772, 0.000, 0.000, 0.000, 26.1, 0.64969, 0.75232, 0.10672, 0.0202, 410, 100,
 11:50:14.516,d2:03:b8:43:8d:44, 2015-01-01 00:05:08.885, -0.086, 0.984, -0.139, -2.686, 1.221, -3.235, , , , , , , 98.02, 4.812, 10.789, 0.000, 0.000, 0.000, 26.1, 0.64969, 0.75232, 0.10672, 0.0202, 410, 100,
 11:50:14.517,d2:03:b8:43:8d:44, 2015-01-01 00:05:08.885, -0.082, 0.983, -0.138, -2.502, -0.488, -3.601, , , , , , , 97.993, 4.85, 10.794, 0.000, 0.000, 0.000, 26.1, 0.64969, 0.75232, 0.10672, 0.0202, 410, 100,
 11:50:14.517,d2:03:b8:43:8d:44, 2015-01-01 00:05:08.885, -0.089, 0.985, -0.143, -3.113, 1.526, -4.333, , , , , , , 97.965, 4.889, 10.805, 0.000, 0.000, 0.000, 26.1, 0.64969, 0.75232, 0.10672, 0.0202, 410, 100,
 11:50:14.518,d2:03:b8:43:8d:44, 2015-01-01 00:05:08.885, -0.087, 0.987, -0.141, -3.54, 1.465, -3.662, , , , , , , 97.932, 4.927, 10.822, 0.000, 0.000, 0.000, 26.1, 0.64969, 0.75232, 0.10672, 0.0202, 410, 100,
 11:50:14.518,d2:03:b8:43:8d:44, 2015-01-01 00:05:08.885, -0.096, 0.984, -0.137, -3.662, 1.16, -4.028, , , , , , , 97.899, 4.96, 10.838, 0.000, 0.000, 0.000, 26.1, 0.64969, 0.75232, 0.10672, 0.0202, 410, 100,
 11:50:14.518,d2:03:b8:43:8d:44, 2015-01-01 00:05:08.885, -0.1, 0.983, -0.13, -2.686, 0.549, -3.967, , , , , , , 97.866, 5.004, 10.854, 0.000, 0.000, 0.000, 26.1, 0.64969, 0.75232, 0.10672, 0.0202, 410, 100,
 11:50:14.519,d2:03:b8:43:8d:44, 2015-01-01 00:05:08.885, -0.092, 0.985, -0.125, -0.977, -0.793, -2.563, , , , , , , 97.844, 5.037, 10.854, 0.000, 0.000, 0.000, 26.1, 0.64969, 0.75232, 0.10672, 0.0202, 410, 100,
 11:50:14.519,d2:03:b8:43:8d:44, 2015-01-01 00:05:08.885, -0.089, 0.983, -0.131, 0.366, -1.709, -2.38, , , , , , , 97.844, 5.065, 10.838, 0.000, 0.000, 0.000, 26.1, 0.64969, 0.75232, 0.10672, 0.0202, 410, 100,
 11:50:14.520,d2:03:b8:43:8d:44, 2015-01-01 00:05:08.885, -0.088, 0.986, -0.138, 0.244, -0.977, -2.319, , , , , , , 97.844, 5.087, 10.833, 0.000, 0.000, 0.000, 26.1, 0.64969, 0.75232, 0.10672, 0.0202, 410, 100,
 11:50:14.520,d2:03:b8:43:8d:44, 2015-01-01 00:05:08.885, -0.094, 0.985, -0.14, -0.122, -0.244, -2.136, , , , , , , 97.844, 5.109, 10.827, 0.000, 0.000, 0.000, 26.1, 0.64969, 0.75232, 0.10672, 0.0202, 410, 100,
 11:50:14.520,d2:03:b8:43:8d:44, 2015-01-01 00:05:08.885, -0.097, 0.985, -0.136, -0.244, -0.122, -1.892, , , , , , , 97.844, 5.131, 10.827, 0.000, 0.000, 0.000, 26.1, 0.64969, 0.75232, 0.10672, 0.0202, 410, 100,
 11:50:14.521,d2:03:b8:43:8d:44, 2015-01-01 00:05:08.885, -0.098, 0.984, -0.132, 0.366, -0.061, -1.282, , , , , , , 97.844, 5.147, 10.827, 0.000, 0.000, 0.000, 26.1, 0.64969, 0.75232, 0.10672, 0.0202, 410, 100,
 11:50:14.521,d2:03:b8:43:8d:44, 2015-01-01 00:05:08.885, -0.092, 0.985, -0.13, 1.221, -0.671, -0.549, , , , , , , 97.85, 5.158, 10.822, 0.000, 0.000, 0.000, 26.1, 0.64969, 0.75232, 0.10672, 0.0202, 410, 100,
 11:50:14.522,d2:03:b8:43:8d:44, 2015-01-01 00:05:08.885, -0.095, 0.983, -0.132, 2.075, -0.916, -0.61, , , , , , , 97.866, 5.164, 10.811, 0.000, 0.000, 0.000, 26.1, 0.64969, 0.75232, 0.10672, 0.0202, 410, 100,
 11:50:14.522,d2:03:b8:43:8d:44, 2015-01-01 00:05:08.885, -0.095, 0.984, -0.135, 2.38, -1.221, -0.549, , , , , , , 97.888, 5.175, 10.8, 0.000, 0.000, 0.000, 26.1, 0.64969, 0.75232, 0.10672, 0.0202, 410, 100,
 11:50:14.522,d2:03:b8:43:8d:44, 2015-01-01 00:05:08.885, -0.095, 0.983, -0.135, 2.808, -1.099, -0.183, , , , , , , 97.91, 5.18, 10.789, 0.000, 0.000, 0.000, 26.1, 0.64969, 0.75232, 0.10672, 0.0202, 410, 100,
 11:50:14.523,d2:03:b8:43:8d:44, 2015-01-01 00:05:08.885, -0.086, 0.983, -0.133, 3.662, -1.648, 0, , , , , , , 97.943, 5.186, 10.772, 0.000, 0.000, 0.000, 26.1, 0.64969, 0.75232, 0.10672, 0.0202, 410, 100,
 11:50:14.523,d2:03:b8:43:8d:44, 2015-01-01 00:05:08.885, -0.087, 0.984, -0.142, 3.662, -1.648, -0.671, , , , , , , 97.976, 5.191, 10.756, 0.000, 0.000, 0.000, 26.1, 0.64969, 0.75232, 0.10672, 0.0202, 410, 100,
 11:50:14.523,d2:03:b8:43:8d:44, 2015-01-01 00:05:08.885, -0.09, 0.985, -0.147, 2.38, -1.099, -1.526, , , , , , , 98.009, 5.202, 10.739, 0.000, 0.000, 0.000, 26.1, 0.64969, 0.75232, 0.10672, 0.0202, 410, 100,
 11:50:14.524,d2:03:b8:43:8d:44, 2015-01-01 00:05:08.885, -0.093, 0.986, -0.149, 1.038, -0.122, -1.343, , , , , , , 98.02, 5.219, 10.734, 0.000, 0.000, 0.000, 26.1, 0.64969, 0.75232, 0.10672, 0.0202, 410, 100,
 11:50:14.524,d2:03:b8:43:8d:44, 2015-01-01 00:05:08.885, -0.09, 0.985, -0.141, 0.427, -0.122, -0.977, , , , , , , 98.026, 5.229, 10.734, 0.000, 0.000, 0.000, 26.1, 0.64969, 0.75232, 0.10672, 0.0202, 410, 100,
 11:50:14.524,d2:03:b8:43:8d:44, 2015-01-01 00:05:08.885, -0.091, 0.982, -0.138, 0.793, -0.061, -1.831, , , , , , , 98.031, 5.246, 10.734, 0.000, 0.000, 0.000, 26.1, 0.64969, 0.75232, 0.10672, 0.0202, 410, 100,
 11:50:14.526,d2:03:b8:43:8d:44, 2015-01-01 00:05:08.885, -0.091, 0.983, -0.139, 1.038, -0.488, -2.319, , , , , , , 98.042, 5.268, 10.734, 0.000, 0.000, 0.000, 26.1, 0.64969, 0.75232, 0.10672, 0.0202, 410, 100,
 11:50:14.528,d2:03:b8:43:8d:44, 2015-01-01 00:05:08.885, -0.098, 0.982, -0.139, 1.221, -0.366, -3.296, , , , , , , 98.053, 5.301, 10.728, 0.000, 0.000, 0.000, 26.1, 0.64969, 0.75232, 0.10672, 0.0202, 410, 100,
 11:50:14.528,d2:03:b8:43:8d:44, 2015-01-01 00:05:08.885, -0.097, 0.984, -0.137, 1.526, -0.854, -3.235, , , , , , , 98.064, 5.334, 10.728, 0.000, 0.000, 0.000, 26.1, 0.64969, 0.75232, 0.10672, 0.0202, 410, 100,
 11:50:14.528,d2:03:b8:43:8d:44, 2015-01-01 00:05:08.885, -0.092, 0.984, -0.139, 1.709, -0.793, -2.93, , , , , , , 98.08, 5.367, 10.723, 0.000, 0.000, 0.000, 26.1, 0.64969, 0.75232, 0.10672, 0.0202, 410, 100,
 11:50:14.529,d2:03:b8:43:8d:44, 2015-01-01 00:05:08.885, -0.089, 0.984, -0.14, 1.709, -1.038, -2.991, , , , , , , 98.097, 5.394, 10.717, 0.000, 0.000, 0.000, 26.1, 0.64969, 0.75232, 0.10672, 0.0202, 410, 100,
 11:50:14.529,d2:03:b8:43:8d:44, 2015-01-01 00:05:08.885, -0.098, 0.983, -0.142, 1.526, -0.61, -4.456, , , , , , , 98.113, 5.433, 10.712, 0.000, 0.000, 0.000, 26.1, 0.64969, 0.75232, 0.10672, 0.0202, 410, 100,
 11:50:14.529,d2:03:b8:43:8d:44, 2015-01-01 00:05:08.885, -0.101, 0.985, -0.143, 1.221, -0.671, -4.517, , , , , , , 98.124, 5.482, 10.712, 0.000, 0.000, 0.000, 26.1, 0.64969, 0.75232, 0.10672, 0.0202, 410, 100,
 11:50:14.529,d2:03:b8:43:8d:44, 2015-01-01 00:05:08.885, -0.098, 0.985, -0.142, 1.038, -0.061, -3.784, , , , , , , 98.135, 5.526, 10.712, 0.000, 0.000, 0.000, 26.1, 0.64969, 0.75232, 0.10672, 0.0202, 410, 100,
 11:50:14.529,d2:03:b8:43:8d:44, 2015-01-01 00:05:08.885, -0.081, 0.984, -0.14, 1.16, -0.61, -3.113, , , , , , , 98.146, 5.559, 10.712, 0.000, 0.000, 0.000, 26.1, 0.64969, 0.75232, 0.10672, 0.0202, 410, 100,
 11:50:14.529,d2:03:b8:43:8d:44, 2015-01-01 00:05:08.885, -0.111, 0.98, -0.138, 1.465, -1.831, -4.944, , , , , , , 98.157, 5.598, 10.701, 0.000, 0.000, 0.000, 26.1, 0.64969, 0.75232, 0.10672, 0.0202, 410, 100,
 11:50:14.531,d2:03:b8:43:8d:44, 2015-01-01 00:05:08.885, -0.135, 0.982, -0.144, 1.77, -0.732, -6.897, , , , , , , 98.174, 5.674, 10.695, 0.000, 0.000, 0.000, 26.1, 0.64969, 0.75232, 0.10672, 0.0202, 410, 100,
 11:50:14.531,d2:03:b8:43:8d:44, 2015-01-01 00:05:08.885, -0.1, 0.994, -0.14, 2.014, -1.16, 1.953, , , , , , , 98.196, 5.696, 10.684, 0.000, 0.000, 0.000, 26.1, 0.64969, 0.75232, 0.10672, 0.0202, 410, 100,
 11:50:14.531,d2:03:b8:43:8d:44, 2015-01-01 00:05:08.885, -0.098, 0.979, -0.135, 3.052, -1.953, 2.991, , , , , , , 98.218, 5.663, 10.662, 0.000, 0.000, 0.000, 26.1, 0.64969, 0.75232, 0.10672, 0.0202, 410, 100,
 11:50:14.531,d2:03:b8:43:8d:44, 2015-01-01 00:05:08.885, -0.1, 0.98, -0.138, 4.395, -1.648, 0.122, , , , , , , 98.251, 5.658, 10.64, 0.000, 0.000, 0.000, 26.1, 0.64969, 0.75232, 0.10672, 0.0202, 410, 100,
 11:50:14.532,d2:03:b8:43:8d:44, 2015-01-01 00:05:08.885, -0.088, 0.987, -0.146, 4.028, -1.221, 1.831, , , , , , , 98.295, 5.647, 10.624, 0.000, 0.000, 0.000, 26.1, 0.64969, 0.75232, 0.10672, 0.0202, 410, 100,
 11:50:14.532,d2:03:b8:43:8d:44, 2015-01-01 00:05:08.885, -0.1, 0.981, -0.153, 2.93, 0.061, -0.122, , , , , , , 98.328, 5.641, 10.618, 0.000, 0.000, 0.000, 26.1, 0.64969, 0.75232, 0.10672, 0.0202, 410, 100,
 11:50:14.533,d2:03:b8:43:8d:44, 2015-01-01 00:05:08.885, -0.1, 0.983, -0.152, 1.648, 0.854, -0.122, , , , , , , 98.35, 5.647, 10.624, 0.000, 0.000, 0.000, 26.1, 0.64969, 0.75232, 0.10672, 0.0202, 410, 100,
 11:50:14.533,d2:03:b8:43:8d:44, 2015-01-01 00:05:08.885, -0.098, 0.982, -0.151, 0.732, 0.061, 0.122, , , , , , , 98.361, 5.641, 10.624, 0.000, 0.000, 0.000, 26.1, 0.64969, 0.75232, 0.10672, 0.0202, 410, 100,
 11:50:14.534,d2:03:b8:43:8d:44, 2015-01-01 00:05:08.885, -0.101, 0.981, -0.148, 0.183, 0.671, -0.549, , , , , , , 98.361, 5.647, 10.629, 0.000, 0.000, 0.000, 26.1, 0.64969, 0.75232, 0.10672, 0.0202, 410, 100,
 11:50:14.534,d2:03:b8:43:8d:44, 2015-01-01 00:05:08.885, -0.099, 0.982, -0.142, 0.671, -0.061, -0.671, , , , , , , 98.366, 5.652, 10.629, 0.000, 0.000, 0.000, 26.1, 0.64969, 0.75232, 0.10672, 0.0202, 410, 100,
 11:50:14.534,d2:03:b8:43:8d:44, 2015-01-01 00:05:08.885, -0.099, 0.981, -0.143, 1.282, -0.122, -1.648, , , , , , , 98.377, 5.663, 10.629, 0.000, 0.000, 0.000, 26.1, 0.64969, 0.75232, 0.10672, 0.0202, 410, 100,
 11:50:14.534,d2:03:b8:43:8d:44, 2015-01-01 00:05:08.885, -0.093, 0.984, -0.149, 0.916, 0.183, -1.404, , , , , , , 98.388, 5.68, 10.635, 0.000, 0.000, 0.000, 26.1, 0.64969, 0.75232, 0.10672, 0.0202, 410, 100,
 11:50:14.534,d2:03:b8:43:8d:44, 2015-01-01 00:05:08.885, -0.097, 0.982, -0.154, -0.427, 0.549, -2.014, , , , , , , 98.388, 5.696, 10.635, 0.000, 0.000, 0.000, 26.1, 0.64969, 0.75232, 0.10672, 0.0202, 410, 100,
 11:50:14.535,d2:03:b8:43:8d:44, 2015-01-01 00:05:08.885, -0.1, 0.982, -0.15, -1.587, 1.038, -3.052, , , , , , , 98.377, 5.724, 10.651, 0.000, 0.000, 0.000, 26.1, 0.64969, 0.75232, 0.10672, 0.0202, 410, 100,
 11:50:14.535,d2:03:b8:43:8d:44, 2015-01-01 00:05:08.885, -0.107, 0.981, -0.145, -1.77, 1.038, -3.54, , , , , , , 98.361, 5.757, 10.662, 0.000, 0.000, 0.000, 26.1, 0.64969, 0.75232, 0.10672, 0.0202, 410, 100,
 11:50:14.785,d2:03:b8:43:8d:44, 2015-01-01 00:05:08.885, -0.107, 0.983, -0.146, -1.648, 1.282, -3.113, , , , , , , 98.344, 5.79, 10.679, 0.000, 0.000, 0.000, 26.1, 0.651, 0.75095, 0.10895, 0.01724, 410, 100,
 11:50:14.963,d2:03:b8:43:8d:44, 2015-01-01 00:05:09.300, -0.104, 0.982, -0.146, -1.648, 1.038, -1.831, , , , , , , 98.328, 5.812, 10.69, 0.000, 0.000, 0.000, 26.1, 0.651, 0.75095, 0.10895, 0.01724, 410, 100,
 11:50:14.963,d2:03:b8:43:8d:44, 2015-01-01 00:05:09.300, -0.108, 0.981, -0.145, -1.831, 1.16, -2.197, , , , , , , 98.311, 5.828, 10.706, 0.000, 0.000, 0.000, 26.1, 0.651, 0.75095, 0.10895, 0.01724, 410, 100,
 11:50:14.964,d2:03:b8:43:8d:44, 2015-01-01 00:05:09.300, -0.114, 0.982, -0.143, -1.526, 0.977, -1.709, , , , , , , 98.295, 5.85, 10.717, 0.000, 0.000, 0.000, 26.1, 0.651, 0.75095, 0.10895, 0.01724, 410, 100,
 11:50:14.964,d2:03:b8:43:8d:44, 2015-01-01 00:05:09.300, -0.109, 0.985, -0.14, -0.916, 0.671, 0.183, , , , , , , 98.284, 5.856, 10.728, 0.000, 0.000, 0.000, 26.1, 0.651, 0.75095, 0.10895, 0.01724, 410, 100,
 11:50:14.965,d2:03:b8:43:8d:44, 2015-01-01 00:05:09.300, -0.105, 0.983, -0.141, -0.305, 0.488, 1.587, , , , , , , 98.278, 5.845, 10.728, 0.000, 0.000, 0.000, 26.1, 0.651, 0.75095, 0.10895, 0.01724, 410, 100,
 11:50:14.965,d2:03:b8:43:8d:44, 2015-01-01 00:05:09.300, -0.103, 0.981, -0.139, 0.305, 0.183, 1.404, , , , , , , 98.278, 5.828, 10.728, 0.000, 0.000, 0.000, 26.1, 0.651, 0.75095, 0.10895, 0.01724, 410, 100,
 11:50:14.965,d2:03:b8:43:8d:44, 2015-01-01 00:05:09.300, -0.105, 0.98, -0.142, 1.16, -0.183, 0.732, , , , , , , 98.284, 5.817, 10.723, 0.000, 0.000, 0.000, 26.1, 0.651, 0.75095, 0.10895, 0.01724, 410, 100,
 11:50:14.966,d2:03:b8:43:8d:44, 2015-01-01 00:05:09.300, -0.099, 0.984, -0.144, 1.221, -0.366, 1.038, , , , , , , 98.295, 5.812, 10.717, 0.000, 0.000, 0.000, 26.1, 0.651, 0.75095, 0.10895, 0.01724, 410, 100,
 11:50:14.966,d2:03:b8:43:8d:44, 2015-01-01 00:05:09.300, -0.101, 0.982, -0.146, 0.977, -0.183, 0.854, , , , , , , 98.306, 5.801, 10.712, 0.000, 0.000, 0.000, 26.1, 0.651, 0.75095, 0.10895, 0.01724, 410, 100,
 11:50:14.966,d2:03:b8:43:8d:44, 2015-01-01 00:05:09.300, -0.097, 0.982, -0.147, 0.488, -0.061, 0.244, , , , , , , 98.311, 5.795, 10.706, 0.000, 0.000, 0.000, 26.1, 0.651, 0.75095, 0.10895, 0.01724, 410, 100,
 11:50:14.967,d2:03:b8:43:8d:44, 2015-01-01 00:05:09.300, -0.101, 0.98, -0.147, 0, 0.061, -0.61, , , , , , , 98.311, 5.801, 10.706, 0.000, 0.000, 0.000, 26.1, 0.651, 0.75095, 0.10895, 0.01724, 410, 100,
 11:50:14.967,d2:03:b8:43:8d:44, 2015-01-01 00:05:09.300, -0.102, 0.982, -0.146, -0.244, 0.061, -1.465, , , , , , , 98.311, 5.812, 10.712, 0.000, 0.000, 0.000, 26.1, 0.651, 0.75095, 0.10895, 0.01724, 410, 100,
 11:50:14.968,d2:03:b8:43:8d:44, 2015-01-01 00:05:09.300, -0.107, 0.983, -0.148, -0.671, 0.488, -1.16, , , , , , , 98.306, 5.823, 10.712, 0.000, 0.000, 0.000, 26.1, 0.651, 0.75095, 0.10895, 0.01724, 410, 100,
 11:50:14.968,d2:03:b8:43:8d:44, 2015-01-01 00:05:09.300, -0.105, 0.983, -0.143, -0.671, 0.427, -0.427, , , , , , , 98.3, 5.834, 10.717, 0.000, 0.000, 0.000, 26.1, 0.651, 0.75095, 0.10895, 0.01724, 410, 100,
 11:50:14.968,d2:03:b8:43:8d:44, 2015-01-01 00:05:09.300, -0.105, 0.982, -0.144, -0.488, 0.549, 0.061, , , , , , , 98.289, 5.834, 10.723, 0.000, 0.000, 0.000, 26.1, 0.651, 0.75095, 0.10895, 0.01724, 410, 100,
 11:50:14.969,d2:03:b8:43:8d:44, 2015-01-01 00:05:09.300, -0.109, 0.982, -0.142, -0.366, 0.061, 0.122, , , , , , , 98.289, 5.834, 10.723, 0.000, 0.000, 0.000, 26.1, 0.651, 0.75095, 0.10895, 0.01724, 410, 100,
 11:50:14.969,d2:03:b8:43:8d:44, 2015-01-01 00:05:09.300, -0.118, 0.981, -0.142, 0.244, 0.061, 0.122, , , , , , , 98.284, 5.834, 10.723, 0.000, 0.000, 0.000, 26.1, 0.651, 0.75095, 0.10895, 0.01724, 410, 100,
 11:50:14.969,d2:03:b8:43:8d:44, 2015-01-01 00:05:09.300, -0.109, 0.984, -0.138, 1.282, -0.732, 2.441, , , , , , , 98.295, 5.817, 10.717, 0.000, 0.000, 0.000, 26.1, 0.651, 0.75095, 0.10895, 0.01724, 410, 100,
 11:50:14.969,d2:03:b8:43:8d:44, 2015-01-01 00:05:09.300, -0.101, 0.981, -0.139, 2.441, -1.099, 3.357, , , , , , , 98.311, 5.79, 10.701, 0.000, 0.000, 0.000, 26.1, 0.651, 0.75095, 0.10895, 0.01724, 410, 100,
 11:50:14.970,d2:03:b8:43:8d:44, 2015-01-01 00:05:09.300, -0.095, 0.982, -0.142, 2.991, -1.77, 3.54, , , , , , , 98.333, 5.757, 10.679, 0.000, 0.000, 0.000, 26.1, 0.651, 0.75095, 0.10895, 0.01724, 410, 100,
 11:50:14.970,d2:03:b8:43:8d:44, 2015-01-01 00:05:09.300, -0.103, 0.979, -0.143, 3.418, -1.831, 1.16, , , , , , , 98.366, 5.735, 10.657, 0.000, 0.000, 0.000, 26.1, 0.651, 0.75095, 0.10895, 0.01724, 410, 100,
 11:50:14.970,d2:03:b8:43:8d:44, 2015-01-01 00:05:09.300, -0.098, 0.982, -0.144, 3.54, -2.38, 1.038, , , , , , , 98.399, 5.729, 10.629, 0.000, 0.000, 0.000, 26.1, 0.651, 0.75095, 0.10895, 0.01724, 410, 100,
 11:50:14.971,d2:03:b8:43:8d:44, 2015-01-01 00:05:09.300, -0.098, 0.983, -0.148, 3.113, -1.465, 1.465, , , , , , , 98.427, 5.718, 10.607, 0.000, 0.000, 0.000, 26.1, 0.651, 0.75095, 0.10895, 0.01724, 410, 100,
 11:50:14.972,d2:03:b8:43:8d:44, 2015-01-01 00:05:09.300, -0.096, 0.982, -0.147, 2.93, -1.526, 1.038, , , , , , , 98.454, 5.713, 10.591, 0.000, 0.000, 0.000, 26.1, 0.651, 0.75095, 0.10895, 0.01724, 410, 100,
 11:50:14.972,d2:03:b8:43:8d:44, 2015-01-01 00:05:09.300, -0.099, 0.981, -0.149, 2.686, -0.61, 0, , , , , , , 98.481, 5.707, 10.58, 0.000, 0.000, 0.000, 26.1, 0.651, 0.75095, 0.10895, 0.01724, 410, 100,
 11:50:14.972,d2:03:b8:43:8d:44, 2015-01-01 00:05:09.300, -0.1, 0.983, -0.147, 2.625, -0.427, -0.183, , , , , , , 98.509, 5.713, 10.574, 0.000, 0.000, 0.000, 26.1, 0.651, 0.75095, 0.10895, 0.01724, 410, 100,
 11:50:14.973,d2:03:b8:43:8d:44, 2015-01-01 00:05:09.300, -0.1, 0.982, -0.149, 2.563, 0, -0.366, , , , , , , 98.531, 5.718, 10.569, 0.000, 0.000, 0.000, 26.1, 0.651, 0.75095, 0.10895, 0.01724, 410, 100,
 11:50:14.973,d2:03:b8:43:8d:44, 2015-01-01 00:05:09.300, -0.099, 0.981, -0.149, 2.319, -0.366, -0.244, , , , , , , 98.558, 5.718, 10.569, 0.000, 0.000, 0.000, 26.1, 0.651, 0.75095, 0.10895, 0.01724, 410, 100,
 11:50:14.973,d2:03:b8:43:8d:44, 2015-01-01 00:05:09.300, -0.103, 0.98, -0.152, 2.014, 0, -1.221, , , , , , , 98.575, 5.729, 10.563, 0.000, 0.000, 0.000, 26.1, 0.651, 0.75095, 0.10895, 0.01724, 410, 100,
 11:50:14.974,d2:03:b8:43:8d:44, 2015-01-01 00:05:09.300, -0.102, 0.982, -0.15, 1.709, -0.366, -0.732, , , , , , , 98.597, 5.74, 10.563, 0.000, 0.000, 0.000, 26.1, 0.651, 0.75095, 0.10895, 0.01724, 410, 100,
 11:50:14.974,d2:03:b8:43:8d:44, 2015-01-01 00:05:09.300, -0.104, 0.981, -0.152, 1.465, 0, -0.793, , , , , , , 98.608, 5.746, 10.563, 0.000, 0.000, 0.000, 26.1, 0.651, 0.75095, 0.10895, 0.01724, 410, 100,
 11:50:14.974,d2:03:b8:43:8d:44, 2015-01-01 00:05:09.300, -0.103, 0.982, -0.153, 1.038, 0, -0.488, , , , , , , 98.624, 5.757, 10.558, 0.000, 0.000, 0.000, 26.1, 0.651, 0.75095, 0.10895, 0.01724, 410, 100,
 11:50:14.975,d2:03:b8:43:8d:44, 2015-01-01 00:05:09.300, -0.101, 0.983, -0.153, 0.549, 0.366, 0, , , , , , , 98.63, 5.757, 10.563, 0.000, 0.000, 0.000, 26.1, 0.651, 0.75095, 0.10895, 0.01724, 410, 100,
 11:50:14.975,d2:03:b8:43:8d:44, 2015-01-01 00:05:09.300, -0.101, 0.98, -0.149, 0.488, -0.061, -0.244, , , , , , , 98.635, 5.757, 10.563, 0.000, 0.000, 0.000, 26.1, 0.651, 0.75095, 0.10895, 0.01724, 410, 100,
 11:50:14.975,d2:03:b8:43:8d:44, 2015-01-01 00:05:09.300, -0.104, 0.981, -0.151, 0.366, 0.305, -0.793, , , , , , , 98.641, 5.762, 10.563, 0.000, 0.000, 0.000, 26.1, 0.651, 0.75095, 0.10895, 0.01724, 410, 100,
 11:50:14.992,d2:03:b8:43:8d:44, 2015-01-01 00:05:09.300, -0.103, 0.982, -0.15, 0.183, 0.122, -0.305, , , , , , , 98.641, 5.768, 10.563, 0.000, 0.000, 0.000, 26.1, 0.651, 0.75095, 0.10895, 0.01724, 410, 100,
 11:50:15.042,d2:03:b8:43:8d:44, 2015-01-01 00:05:09.300, -0.103, 0.982, -0.15, 0.122, 0.427, -0.061, , , , , , , 98.641, 5.773, 10.563, 0.000, 0.000, 0.000, 26.1, 0.6517, 0.74991, 0.11215, 0.01492, 410, 100,
 11:50:15.078,d2:03:b8:43:8d:44, 2015-01-01 00:05:09.720, -0.099, 0.981, -0.149, 0.183, -0.122, -0.122, , , , , , , 98.641, 5.773, 10.563, 0.000, 0.000, 0.000, 26.1, 0.6517, 0.74991, 0.11215, 0.01492, 410, 100,
 11:50:15.079,d2:03:b8:43:8d:44, 2015-01-01 00:05:09.720, -0.099, 0.981, -0.152, -0.061, 0.305, -0.549, , , , , , , 98.641, 5.779, 10.569, 0.000, 0.000, 0.000, 26.1, 0.6517, 0.74991, 0.11215, 0.01492, 410, 100,
 11:50:15.079,d2:03:b8:43:8d:44, 2015-01-01 00:05:09.720, -0.103, 0.981, -0.153, -0.488, 0.305, -1.16, , , , , , , 98.641, 5.784, 10.569, 0.000, 0.000, 0.000, 26.1, 0.6517, 0.74991, 0.11215, 0.01492, 410, 100,
 11:50:15.153,d2:03:b8:43:8d:44, 2015-01-01 00:05:09.720, -0.107, 0.982, -0.15, -0.61, 0.61, -1.404, , , , , , , 98.63, 5.801, 10.574, 0.000, 0.000, 0.000, 26.1, 0.6517, 0.74991, 0.11215, 0.01492, 410, 100,
 11:50:15.185,d2:03:b8:43:8d:44, 2015-01-01 00:05:09.720, -0.105, 0.98, -0.148, -0.366, 0, -0.916, , , , , , , 98.624, 5.812, 10.58, 0.000, 0.000, 0.000, 26.1, 0.6517, 0.74991, 0.11215, 0.01492, 410, 100,
 11:50:15.186,d2:03:b8:43:8d:44, 2015-01-01 00:05:09.720, -0.104, 0.982, -0.15, -0.244, 0.183, -0.366, , , , , , , 98.624, 5.817, 10.58, 0.000, 0.000, 0.000, 26.1, 0.6517, 0.74991, 0.11215, 0.01492, 410, 100,
 11:50:15.186,d2:03:b8:43:8d:44, 2015-01-01 00:05:09.720, -0.105, 0.98, -0.151, -0.305, 0, -0.244, , , , , , , 98.619, 5.823, 10.58, 0.000, 0.000, 0.000, 26.1, 0.6517, 0.74991, 0.11215, 0.01492, 410, 100,
 11:50:15.187,d2:03:b8:43:8d:44, 2015-01-01 00:05:09.720, -0.106, 0.982, -0.149, -0.305, 0.427, 0, , , , , , , 98.613, 5.823, 10.58, 0.000, 0.000, 0.000, 26.1, 0.6517, 0.74991, 0.11215, 0.01492, 410, 100,
 11:50:15.187,d2:03:b8:43:8d:44, 2015-01-01 00:05:09.720, -0.105, 0.981, -0.147, 0, 0.244, 0.549, , , , , , , 98.613, 5.817, 10.58, 0.000, 0.000, 0.000, 26.1, 0.6517, 0.74991, 0.11215, 0.01492, 410, 100,
 11:50:15.187,d2:03:b8:43:8d:44, 2015-01-01 00:05:09.720, -0.099, 0.982, -0.149, 0.305, 0.061, 0.854, , , , , , , 98.613, 5.812, 10.58, 0.000, 0.000, 0.000, 26.1, 0.6517, 0.74991, 0.11215, 0.01492, 410, 100,
 11:50:15.188,d2:03:b8:43:8d:44, 2015-01-01 00:05:09.720, -0.099, 0.981, -0.153, -0.061, 0.305, 0.671, , , , , , , 98.613, 5.801, 10.58, 0.000, 0.000, 0.000, 26.1, 0.6517, 0.74991, 0.11215, 0.01492, 410, 100,
 11:50:15.188,d2:03:b8:43:8d:44, 2015-01-01 00:05:09.720, -0.104, 0.981, -0.15, -0.427, 0.427, -0.122, , , , , , , 98.613, 5.801, 10.58, 0.000, 0.000, 0.000, 26.1, 0.6517, 0.74991, 0.11215, 0.01492, 410, 100,
 11:50:15.189,d2:03:b8:43:8d:44, 2015-01-01 00:05:09.720, -0.109, 0.981, -0.148, -0.305, 0.549, -0.244, , , , , , , 98.608, 5.801, 10.585, 0.000, 0.000, 0.000, 26.1, 0.6517, 0.74991, 0.11215, 0.01492, 410, 100,
 11:50:15.189,d2:03:b8:43:8d:44, 2015-01-01 00:05:09.720, -0.102, 0.983, -0.146, 0.061, 0.244, 0.854, , , , , , , 98.608, 5.801, 10.591, 0.000, 0.000, 0.000, 26.1, 0.6517, 0.74991, 0.11215, 0.01492, 410, 100,
 11:50:15.189,d2:03:b8:43:8d:44, 2015-01-01 00:05:09.720, -0.104, 0.979, -0.147, 0.488, 0, 0.366, , , , , , , 98.608, 5.79, 10.585, 0.000, 0.000, 0.000, 26.1, 0.6517, 0.74991, 0.11215, 0.01492, 410, 100,
 11:50:15.190,d2:03:b8:43:8d:44, 2015-01-01 00:05:09.720, -0.101, 0.981, -0.148, 0.671, -0.122, -0.122, , , , , , , 98.613, 5.795, 10.585, 0.000, 0.000, 0.000, 26.1, 0.6517, 0.74991, 0.11215, 0.01492, 410, 100,
 11:50:15.190,d2:03:b8:43:8d:44, 2015-01-01 00:05:09.720, -0.103, 0.982, -0.151, 0.488, -0.122, -0.061, , , , , , , 98.619, 5.795, 10.58, 0.000, 0.000, 0.000, 26.1, 0.6517, 0.74991, 0.11215, 0.01492, 410, 100,
 11:50:15.191,d2:03:b8:43:8d:44, 2015-01-01 00:05:09.720, -0.102, 0.982, -0.151, 0.122, 0.122, -0.244, , , , , , , 98.619, 5.795, 10.58, 0.000, 0.000, 0.000, 26.1, 0.6517, 0.74991, 0.11215, 0.01492, 410, 100,
 11:50:15.191,d2:03:b8:43:8d:44, 2015-01-01 00:05:09.720, -0.104, 0.98, -0.149, 0.122, 0.061, -0.488, , , , , , , 98.619, 5.801, 10.58, 0.000, 0.000, 0.000, 26.1, 0.6517, 0.74991, 0.11215, 0.01492, 410, 100,
 11:50:15.191,d2:03:b8:43:8d:44, 2015-01-01 00:05:09.720, -0.103, 0.981, -0.147, 0.366, -0.122, -0.549, , , , , , , 98.624, 5.806, 10.58, 0.000, 0.000, 0.000, 26.1, 0.6517, 0.74991, 0.11215, 0.01492, 410, 100,
 11:50:15.192,d2:03:b8:43:8d:44, 2015-01-01 00:05:09.720, -0.105, 0.98, -0.15, 0.61, -0.122, -0.549, , , , , , , 98.624, 5.812, 10.574, 0.000, 0.000, 0.000, 26.1, 0.6517, 0.74991, 0.11215, 0.01492, 410, 100,
 11:50:15.192,d2:03:b8:43:8d:44, 2015-01-01 00:05:09.720, -0.102, 0.982, -0.149, 0.671, -0.244, -0.305, , , , , , , 98.635, 5.823, 10.574, 0.000, 0.000, 0.000, 26.1, 0.6517, 0.74991, 0.11215, 0.01492, 410, 100,
 11:50:15.192,d2:03:b8:43:8d:44, 2015-01-01 00:05:09.720, -0.105, 0.981, -0.154, 0.122, 0.183, 0, , , , , , , 98.635, 5.823, 10.574, 0.000, 0.000, 0.000, 26.1, 0.6517, 0.74991, 0.11215, 0.01492, 410, 100,
 11:50:15.192,d2:03:b8:43:8d:44, 2015-01-01 00:05:09.720, -0.106, 0.98, -0.149, 0.061, -0.061, -0.061, , , , , , , 98.635, 5.823, 10.574, 0.000, 0.000, 0.000, 26.1, 0.6517, 0.74991, 0.11215, 0.01492, 410, 100,
 11:50:15.275,d2:03:b8:43:8d:44, 2015-01-01 00:05:09.720, -0.107, 0.98, -0.148, 0.488, 0, 0, , , , , , , 98.635, 5.823, 10.574, 0.000, 0.000, 0.000, 26.1, 0.6517, 0.74991, 0.11215, 0.01492, 410, 100,
 11:50:15.409,d2:03:b8:43:8d:44, 2015-01-01 00:05:09.720, -0.099, 0.983, -0.148, 0.916, -0.488, 0.671, , , , , , , 98.646, 5.823, 10.569, 0.000, 0.000, 0.000, 26.1, 0.6517, 0.74991, 0.11215, 0.01492, 410, 100,
 11:50:15.470,d2:03:b8:43:8d:44, 2015-01-01 00:05:09.720, -0.103, 0.98, -0.151, 0.977, -0.061, 0.061, , , , , , , 98.652, 5.817, 10.563, 0.000, 0.000, 0.000, 26.1, 0.6517, 0.74991, 0.11215, 0.01492, 410, 100,
 11:50:15.471,d2:03:b8:43:8d:44, 2015-01-01 00:05:09.720, -0.105, 0.98, -0.148, 1.099, -0.427, -0.61, , , , , , , 98.663, 5.823, 10.558, 0.000, 0.000, 0.000, 26.1, 0.65033, 0.75073, 0.11502, 0.01154, 410, 100,
 11:50:15.471,d2:03:b8:43:8d:44, 2015-01-01 00:05:09.720, -0.109, 0.981, -0.147, 1.648, -0.427, -0.671, , , , , , , 98.674, 5.828, 10.552, 0.000, 0.000, 0.000, 26.1, 0.65033, 0.75073, 0.11502, 0.01154, 410, 100,
 11:50:15.471,d2:03:b8:43:8d:44, 2015-01-01 00:05:09.720, -0.099, 0.982, -0.146, 2.197, -0.916, 0.122, , , , , , , 98.696, 5.834, 10.547, 0.000, 0.000, 0.000, 26.1, 0.65033, 0.75073, 0.11502, 0.01154, 410, 100,
 11:50:15.472,d2:03:b8:43:8d:44, 2015-01-01 00:05:09.720, -0.102, 0.981, -0.15, 2.441, -0.183, 0.305, , , , , , , 98.718, 5.834, 10.536, 0.000, 0.000, 0.000, 26.1, 0.65033, 0.75073, 0.11502, 0.01154, 410, 100,
 11:50:15.472,d2:03:b8:43:8d:44, 2015-01-01 00:05:09.720, -0.104, 0.98, -0.15, 2.625, -0.122, -0.427, , , , , , , 98.74, 5.834, 10.536, 0.000, 0.000, 0.000, 26.1, 0.65033, 0.75073, 0.11502, 0.01154, 410, 100,
 11:50:15.472,d2:03:b8:43:8d:44, 2015-01-01 00:05:09.720, -0.095, 0.982, -0.154, 2.258, 0, -0.061, , , , , , , 98.767, 5.839, 10.536, 0.000, 0.000, 0.000, 26.1, 0.65033, 0.75073, 0.11502, 0.01154, 410, 100,
 11:50:15.473,d2:03:b8:43:8d:44, 2015-01-01 00:05:09.720, -0.105, 0.982, -0.156, 1.526, -0.122, -0.244, , , , , , , 98.784, 5.839, 10.53, 0.000, 0.000, 0.000, 26.1, 0.65033, 0.75073, 0.11502, 0.01154, 410, 100,
 11:50:15.473,d2:03:b8:43:8d:44, 2015-01-01 00:05:09.720, -0.114, 0.972, -0.153, 1.343, -1.709, -3.479, , , , , , , 98.795, 5.856, 10.525, 0.000, 0.000, 0.000, 26.1, 0.65033, 0.75073, 0.11502, 0.01154, 410, 100,
 11:50:15.473,d2:03:b8:43:8d:44, 2015-01-01 00:05:09.720, -0.11, 0.985, -0.157, 0.854, -0.122, -2.563, , , , , , , 98.806, 5.894, 10.519, 0.000, 0.000, 0.000, 26.1, 0.65033, 0.75073, 0.11502, 0.01154, 410, 100,
 11:50:15.474,d2:03:b8:43:8d:44, 2015-01-01 00:05:09.720, -0.094, 0.985, -0.153, 0.549, -0.183, 1.282, , , , , , , 98.811, 5.9, 10.514, 0.000, 0.000, 0.000, 26.1, 0.65033, 0.75073, 0.11502, 0.01154, 410, 100,
 11:50:15.474,d2:03:b8:43:8d:44, 2015-01-01 00:05:09.720, -0.101, 0.975, -0.149, 1.16, -0.61, -1.709, , , , , , , 98.822, 5.9, 10.508, 0.000, 0.000, 0.000, 26.1, 0.65033, 0.75073, 0.11502, 0.01154, 410, 100,
 11:50:15.474,d2:03:b8:43:8d:44, 2015-01-01 00:05:09.720, -0.108, 0.98, -0.155, 1.404, 0, -3.174, , , , , , , 98.833, 5.933, 10.508, 0.000, 0.000, 0.000, 26.1, 0.65033, 0.75073, 0.11502, 0.01154, 410, 100,
 11:50:15.475,d2:03:b8:43:8d:44, 2015-01-01 00:05:09.720, -0.101, 0.982, -0.154, 0.793, -0.244, -1.648, , , , , , , 98.844, 5.955, 10.514, 0.000, 0.000, 0.000, 26.1, 0.65033, 0.75073, 0.11502, 0.01154, 410, 100,
 11:50:15.475,d2:03:b8:43:8d:44, 2015-01-01 00:05:09.720, -0.099, 0.98, -0.155, 0.793, 0.244, -2.808, , , , , , , 98.849, 5.977, 10.514, 0.000, 0.000, 0.000, 26.1, 0.65033, 0.75073, 0.11502, 0.01154, 410, 100,
 11:50:15.476,d2:03:b8:43:8d:44, 2015-01-01 00:05:09.720, -0.111, 0.982, -0.15, 0.916, -0.732, -2.502, , , , , , , 98.86, 6.004, 10.514, 0.000, 0.000, 0.000, 26.1, 0.65033, 0.75073, 0.11502, 0.01154, 410, 100,
 11:50:15.476,d2:03:b8:43:8d:44, 2015-01-01 00:05:09.720, -0.122, 0.976, -0.156, 0.977, -0.671, -4.395, , , , , , , 98.866, 6.037, 10.508, 0.000, 0.000, 0.000, 26.1, 0.65033, 0.75073, 0.11502, 0.01154, 410, 100,
 11:50:15.476,d2:03:b8:43:8d:44, 2015-01-01 00:05:09.720, -0.104, 0.983, -0.156, 0.549, -0.061, -1.831, , , , , , , 98.877, 6.075, 10.514, 0.000, 0.000, 0.000, 26.1, 0.65033, 0.75073, 0.11502, 0.01154, 410, 100,
 11:50:15.503,d2:03:b8:43:8d:44, 2015-01-01 00:05:09.720, -0.104, 0.981, -0.157, 0, 0.061, -0.427, , , , , , , 98.877, 6.081, 10.514, 0.000, 0.000, 0.000, 26.1, 0.65033, 0.75073, 0.11502, 0.01154, 410, 100,
 11:50:15.503,d2:03:b8:43:8d:44, 2015-01-01 00:05:10.165, -0.115, 0.977, -0.155, 0, 0.305, -3.052, , , , , , , 98.877, 6.103, 10.519, 0.000, 0.000, 0.000, 26.1, 0.65033, 0.75073, 0.11502, 0.01154, 410, 100,
 11:50:15.503,d2:03:b8:43:8d:44, 2015-01-01 00:05:10.165, -0.114, 0.983, -0.154, 0, 0.549, -1.831, , , , , , , 98.877, 6.125, 10.525, 0.000, 0.000, 0.000, 26.1, 0.65033, 0.75073, 0.11502, 0.01154, 410, 100,
 11:50:15.504,d2:03:b8:43:8d:44, 2015-01-01 00:05:10.165, -0.109, 0.979, -0.149, 0.61, -0.305, -0.916, , , , , , , 98.877, 6.141, 10.525, 0.000, 0.000, 0.000, 26.1, 0.65033, 0.75073, 0.11502, 0.01154, 410, 100,
 11:50:15.504,d2:03:b8:43:8d:44, 2015-01-01 00:05:10.165, -0.105, 0.98, -0.152, 1.16, -0.061, -1.038, , , , , , , 98.888, 6.152, 10.525, 0.000, 0.000, 0.000, 26.1, 0.65033, 0.75073, 0.11502, 0.01154, 410, 100,
 11:50:15.504,d2:03:b8:43:8d:44, 2015-01-01 00:05:10.165, -0.094, 0.979, -0.151, 1.648, -0.305, -1.404, , , , , , , 98.899, 6.163, 10.519, 0.000, 0.000, 0.000, 26.1, 0.65033, 0.75073, 0.11502, 0.01154, 410, 100,
 11:50:15.505,d2:03:b8:43:8d:44, 2015-01-01 00:05:10.165, -0.128, 0.981, -0.153, 1.587, -0.122, -2.319, , , , , , , 98.915, 6.185, 10.525, 0.000, 0.000, 0.000, 26.1, 0.65033, 0.75073, 0.11502, 0.01154, 410, 100,
 11:50:15.505,d2:03:b8:43:8d:44, 2015-01-01 00:05:10.165, -0.131, 0.969, -0.155, 2.014, -3.174, -5.249, , , , , , , 98.932, 6.224, 10.503, 0.000, 0.000, 0.000, 26.1, 0.65033, 0.75073, 0.11502, 0.01154, 410, 100,
 11:50:15.505,d2:03:b8:43:8d:44, 2015-01-01 00:05:10.165, -0.113, 0.986, -0.159, 1.526, 0.183, -1.587, , , , , , , 98.948, 6.262, 10.503, 0.000, 0.000, 0.000, 26.1, 0.65033, 0.75073, 0.11502, 0.01154, 410, 100,
 11:50:15.506,d2:03:b8:43:8d:44, 2015-01-01 00:05:10.165, -0.097, 0.984, -0.152, 1.587, -0.305, 2.808, , , , , , , 98.965, 6.246, 10.497, 0.000, 0.000, 0.000, 26.1, 0.65033, 0.75073, 0.11502, 0.01154, 410, 100,
 11:50:15.506,d2:03:b8:43:8d:44, 2015-01-01 00:05:10.165, -0.115, 0.973, -0.152, 2.563, 0.122, -2.38, , , , , , , 98.987, 6.251, 10.492, 0.000, 0.000, 0.000, 26.1, 0.65033, 0.75073, 0.11502, 0.01154, 410, 100,
 11:50:15.506,d2:03:b8:43:8d:44, 2015-01-01 00:05:10.165, -0.118, 0.982, -0.158, 2.625, 1.16, -1.526, , , , , , , 99.014, 6.273, 10.503, 0.000, 0.000, 0.000, 26.1, 0.65033, 0.75073, 0.11502, 0.01154, 410, 100,
 11:50:15.507,d2:03:b8:43:8d:44, 2015-01-01 00:05:10.165, -0.104, 0.98, -0.152, 2.808, 0.061, 0.061, , , , , , , 99.036, 6.273, 10.514, 0.000, 0.000, 0.000, 26.1, 0.65033, 0.75073, 0.11502, 0.01154, 410, 100,
 11:50:15.507,d2:03:b8:43:8d:44, 2015-01-01 00:05:10.165, -0.119, 0.978, -0.162, 2.747, 1.038, -1.221, , , , , , , 99.069, 6.284, 10.514, 0.000, 0.000, 0.000, 26.1, 0.65033, 0.75073, 0.11502, 0.01154, 410, 100,
 11:50:15.508,d2:03:b8:43:8d:44, 2015-01-01 00:05:10.165, -0.113, 0.98, -0.157, 2.625, 0.732, -0.549, , , , , , , 99.097, 6.29, 10.525, 0.000, 0.000, 0.000, 26.1, 0.65033, 0.75073, 0.11502, 0.01154, 410, 100,
 11:50:15.508,d2:03:b8:43:8d:44, 2015-01-01 00:05:10.165, -0.119, 0.979, -0.156, 2.93, 0.732, 0.366, , , , , , , 99.124, 6.29, 10.53, 0.000, 0.000, 0.000, 26.1, 0.65033, 0.75073, 0.11502, 0.01154, 410, 100,
 11:50:15.508,d2:03:b8:43:8d:44, 2015-01-01 00:05:10.165, -0.105, 0.979, -0.154, 3.601, 0.916, 0.61, , , , , , , 99.157, 6.284, 10.541, 0.000, 0.000, 0.000, 26.1, 0.65033, 0.75073, 0.11502, 0.01154, 410, 100,
 11:50:15.509,d2:03:b8:43:8d:44, 2015-01-01 00:05:10.165, -0.109, 0.978, -0.159, 3.906, 0.183, 0.61, , , , , , , 99.196, 6.273, 10.536, 0.000, 0.000, 0.000, 26.1, 0.65033, 0.75073, 0.11502, 0.01154, 410, 100,
 11:50:15.509,d2:03:b8:43:8d:44, 2015-01-01 00:05:10.165, -0.116, 0.979, -0.165, 3.418, 1.16, -0.671, , , , , , , 99.229, 6.279, 10.547, 0.000, 0.000, 0.000, 26.1, 0.65033, 0.75073, 0.11502, 0.01154, 410, 100,
 11:50:15.509,d2:03:b8:43:8d:44, 2015-01-01 00:05:10.165, -0.11, 0.979, -0.164, 2.747, 0.183, 0.427, , , , , , , 99.261, 6.279, 10.552, 0.000, 0.000, 0.000, 26.1, 0.65033, 0.75073, 0.11502, 0.01154, 410, 100,
 11:50:15.510,d2:03:b8:43:8d:44, 2015-01-01 00:05:10.165, -0.108, 0.98, -0.167, 1.77, 1.282, 0.793, , , , , , , 99.283, 6.268, 10.558, 0.000, 0.000, 0.000, 26.1, 0.65033, 0.75073, 0.11502, 0.01154, 410, 100,
 11:50:15.510,d2:03:b8:43:8d:44, 2015-01-01 00:05:10.165, -0.114, 0.976, -0.161, 1.587, 0.671, 0.061, , , , , , , 99.3, 6.262, 10.563, 0.000, 0.000, 0.000, 26.1, 0.65033, 0.75073, 0.11502, 0.01154, 410, 100,
 11:50:15.510,d2:03:b8:43:8d:44, 2015-01-01 00:05:10.165, -0.113, 0.98, -0.162, 1.648, 0.916, 0.122, , , , , , , 99.316, 6.262, 10.574, 0.000, 0.000, 0.000, 26.1, 0.65033, 0.75073, 0.11502, 0.01154, 410, 100,
 11:50:15.511,d2:03:b8:43:8d:44, 2015-01-01 00:05:10.165, -0.104, 0.978, -0.162, 1.648, 0.61, 1.038, , , , , , , 99.333, 6.257, 10.574, 0.000, 0.000, 0.000, 26.1, 0.65033, 0.75073, 0.11502, 0.01154, 410, 100,
 11:50:15.511,d2:03:b8:43:8d:44, 2015-01-01 00:05:10.165, -0.107, 0.979, -0.168, 0.793, 1.282, 0.122, , , , , , , 99.349, 6.246, 10.585, 0.000, 0.000, 0.000, 26.1, 0.65033, 0.75073, 0.11502, 0.01154, 410, 100,
 11:50:15.610,d2:03:b8:43:8d:44, 2015-01-01 00:05:10.165, -0.115, 0.978, -0.17, -0.183, 1.038, -0.671, , , , , , , 99.349, 6.251, 10.591, 0.000, 0.000, 0.000, 26.1, 0.65033, 0.75073, 0.11502, 0.01154, 410, 100,
 11:50:15.610,d2:03:b8:43:8d:44, 2015-01-01 00:05:10.165, -0.116, 0.978, -0.163, -0.732, 0.916, -0.427, , , , , , , 99.344, 6.257, 10.607, 0.000, 0.000, 0.000, 26.1, 0.65033, 0.75073, 0.11502, 0.01154, 410, 100,
 11:50:15.610,d2:03:b8:43:8d:44, 2015-01-01 00:05:10.165, -0.116, 0.978, -0.158, -0.122, 0.427, 0, , , , , , , 99.338, 6.257, 10.607, 0.000, 0.000, 0.000, 26.1, 0.65033, 0.75073, 0.11502, 0.01154, 410, 100,
 11:50:15.610,d2:03:b8:43:8d:44, 2015-01-01 00:05:10.165, -0.106, 0.979, -0.158, 0.61, 0, 0.549, , , , , , , 99.338, 6.257, 10.613, 0.000, 0.000, 0.000, 26.1, 0.65033, 0.75073, 0.11502, 0.01154, 410, 100,
 11:50:15.690,d2:03:b8:43:8d:44, 2015-01-01 00:05:10.165, -0.104, 0.979, -0.164, 0.488, 0.244, 0.793, , , , , , , 99.344, 6.246, 10.607, 0.000, 0.000, 0.000, 26.1, 0.65033, 0.75073, 0.11502, 0.01154, 410, 100,
 11:50:15.788,d2:03:b8:43:8d:44, 2015-01-01 00:05:10.165, -0.107, 0.978, -0.167, -0.244, 0.732, -0.366, , , , , , , 99.349, 6.246, 10.613, 0.000, 0.000, 0.000, 26.1, 0.65033, 0.75073, 0.11502, 0.01154, 410, 100,
 11:50:15.789,d2:03:b8:43:8d:44, 2015-01-01 00:05:10.165, -0.116, 0.978, -0.167, -1.16, 1.343, -0.793, , , , , , , 99.338, 6.251, 10.624, 0.000, 0.000, 0.000, 26.1, 0.65033, 0.75073, 0.11502, 0.01154, 410, 100,
 11:50:15.789,d2:03:b8:43:8d:44, 2015-01-01 00:05:10.165, -0.115, 0.979, -0.16, -1.16, 0.977, -0.427, , , , , , , 99.327, 6.257, 10.635, 0.000, 0.000, 0.000, 26.1, 0.65033, 0.75073, 0.11502, 0.01154, 410, 100,
 11:50:15.790,d2:03:b8:43:8d:44, 2015-01-01 00:05:10.165, -0.109, 0.979, -0.162, -0.977, 1.038, 0.732, , , , , , , 99.316, 6.251, 10.646, 0.000, 0.000, 0.000, 26.1, 0.65033, 0.75073, 0.11502, 0.01154, 410, 100,
 11:50:15.790,d2:03:b8:43:8d:44, 2015-01-01 00:05:10.165, -0.105, 0.978, -0.162, -0.977, 0.671, 0.244, , , , , , , 99.305, 6.246, 10.651, 0.000, 0.000, 0.000, 26.1, 0.65033, 0.75073, 0.11502, 0.01154, 410, 100,
 11:50:15.791,d2:03:b8:43:8d:44, 2015-01-01 00:05:10.165, -0.111, 0.978, -0.167, -1.587, 1.282, -0.549, , , , , , , 99.294, 6.246, 10.657, 0.000, 0.000, 0.000, 26.1, 0.65033, 0.75073, 0.11502, 0.01154, 410, 100,
 11:50:15.791,d2:03:b8:43:8d:44, 2015-01-01 00:05:10.165, -0.112, 0.978, -0.164, -2.258, 1.343, -0.549, , , , , , , 99.278, 6.251, 10.673, 0.000, 0.000, 0.000, 26.1, 0.65033, 0.75073, 0.11502, 0.01154, 410, 100,
 11:50:15.791,d2:03:b8:43:8d:44, 2015-01-01 00:05:10.165, -0.113, 0.979, -0.163, -2.686, 1.953, 0, , , , , , , 99.25, 6.251, 10.69, 0.000, 0.000, 0.000, 26.1, 0.65033, 0.75073, 0.11502, 0.01154, 410, 100,
 11:50:15.792,d2:03:b8:43:8d:44, 2015-01-01 00:05:10.165, -0.112, 0.979, -0.16, -2.625, 1.587, 0.366, , , , , , , 99.223, 6.246, 10.706, 0.000, 0.000, 0.000, 26.1, 0.65033, 0.75073, 0.11502, 0.01154, 410, 100,
 11:50:15.792,d2:03:b8:43:8d:44, 2015-01-01 00:05:10.165, -0.114, 0.979, -0.156, -2.014, 1.404, 0.122, , , , , , , 99.201, 6.24, 10.717, 0.000, 0.000, 0.000, 26.1, 0.65033, 0.75073, 0.11502, 0.01154, 410, 100,
 11:50:15.793,d2:03:b8:43:8d:44, 2015-01-01 00:05:10.165, -0.112, 0.979, -0.154, -1.282, 0.671, 0.488, , , , , , , 99.185, 6.235, 10.728, 0.000, 0.000, 0.000, 26.1, 0.65033, 0.75073, 0.11502, 0.01154, 410, 100,
 11:50:15.793,d2:03:b8:43:8d:44, 2015-01-01 00:05:10.165, -0.111, 0.979, -0.158, -0.854, 0.916, 0.671, , , , , , , 99.174, 6.229, 10.734, 0.000, 0.000, 0.000, 26.1, 0.65033, 0.75073, 0.11502, 0.01154, 410, 100,
 11:50:15.793,d2:03:b8:43:8d:44, 2015-01-01 00:05:10.165, -0.106, 0.979, -0.157, -0.61, 0.488, 0.793, , , , , , , 99.168, 6.218, 10.739, 0.000, 0.000, 0.000, 26.1, 0.65033, 0.75073, 0.11502, 0.01154, 410, 100,
 11:50:15.794,d2:03:b8:43:8d:44, 2015-01-01 00:05:10.165, -0.108, 0.978, -0.161, -0.793, 0.854, 0.061, , , , , , , 99.163, 6.218, 10.739, 0.000, 0.000, 0.000, 26.1, 0.65033, 0.75073, 0.11502, 0.01154, 410, 100,
 11:50:15.794,d2:03:b8:43:8d:44, 2015-01-01 00:05:10.165, -0.111, 0.979, -0.16, -1.16, 0.671, -0.244, , , , , , , 99.152, 6.218, 10.75, 0.000, 0.000, 0.000, 26.1, 0.65033, 0.75073, 0.11502, 0.01154, 410, 100,
 11:50:15.794,d2:03:b8:43:8d:44, 2015-01-01 00:05:10.165, -0.113, 0.979, -0.161, -1.465, 1.221, -0.061, , , , , , , 99.135, 6.218, 10.756, 0.000, 0.000, 0.000, 26.1, 0.65033, 0.75073, 0.11502, 0.01154, 410, 100,
 11:50:15.794,d2:03:b8:43:8d:44, 2015-01-01 00:05:10.165, -0.11, 0.98, -0.158, -1.587, 0.854, 0.854, , , , , , , 99.119, 6.213, 10.767, 0.000, 0.000, 0.000, 26.1, 0.65033, 0.75073, 0.11502, 0.01154, 410, 100,
 11:50:15.795,d2:03:b8:43:8d:44, 2015-01-01 00:05:10.165, -0.108, 0.978, -0.157, -1.526, 1.16, 0.732, , , , , , , 99.108, 6.202, 10.772, 0.000, 0.000, 0.000, 26.1, 0.65033, 0.75073, 0.11502, 0.01154, 410, 100,
 11:50:15.795,d2:03:b8:43:8d:44, 2015-01-01 00:05:10.165, -0.109, 0.978, -0.156, -1.465, 0.671, 0.183, , , , , , , 99.091, 6.196, 10.778, 0.000, 0.000, 0.000, 26.1, 0.65033, 0.75073, 0.11502, 0.01154, 410, 100,
 11:50:15.795,d2:03:b8:43:8d:44, 2015-01-01 00:05:10.165, -0.112, 0.979, -0.159, -1.343, 0.854, -0.366, , , , , , , 99.075, 6.196, 10.789, 0.000, 0.000, 0.000, 26.1, 0.65033, 0.75073, 0.11502, 0.01154, 410, 100,
 11:50:15.796,d2:03:b8:43:8d:44, 2015-01-01 00:05:10.165, -0.11, 0.98, -0.158, -1.526, 0.427, 0.244, , , , , , , 99.058, 6.196, 10.794, 0.000, 0.000, 0.000, 26.1, 0.65033, 0.75073, 0.11502, 0.01154, 410, 100,
 11:50:15.796,d2:03:b8:43:8d:44, 2015-01-01 00:05:10.165, -0.11, 0.979, -0.157, -1.526, 0.854, 0.183, , , , , , , 99.047, 6.196, 10.8, 0.000, 0.000, 0.000, 26.1, 0.65033, 0.75073, 0.11502, 0.01154, 410, 100,
 11:50:15.796,d2:03:b8:43:8d:44, 2015-01-01 00:05:10.165, -0.109, 0.978, -0.154, -1.16, 0.427, 0.061, , , , , , , 99.031, 6.191, 10.8, 0.000, 0.000, 0.000, 26.1, 0.65033, 0.75073, 0.11502, 0.01154, 410, 100,
 11:50:15.797,d2:03:b8:43:8d:44, 2015-01-01 00:05:10.165, -0.107, 0.979, -0.157, -0.916, 0.61, -0.61, , , , , , , 99.02, 6.196, 10.805, 0.000, 0.000, 0.000, 26.1, 0.65033, 0.75073, 0.11502, 0.01154, 410, 100,
 11:50:15.797,d2:03:b8:43:8d:44, 2015-01-01 00:05:10.165, -0.109, 0.979, -0.16, -1.404, 0.549, -0.488, , , , , , , 99.009, 6.202, 10.811, 0.000, 0.000, 0.000, 26.1, 0.65033, 0.75073, 0.11502, 0.01154, 410, 100,
 11:50:15.797,d2:03:b8:43:8d:44, 2015-01-01 00:05:10.165, -0.111, 0.979, -0.159, -2.014, 1.16, -0.732, , , , , , , 98.992, 6.207, 10.822, 0.000, 0.000, 0.000, 26.1, 0.65033, 0.75073, 0.11502, 0.01154, 410, 100,
 11:50:15.813,d2:03:b8:43:8d:44, 2015-01-01 00:05:10.165, -0.112, 0.979, -0.155, -2.075, 0.854, -0.488, , , , , , , 98.97, 6.213, 10.833, 0.000, 0.000, 0.000, 26.1, 0.65033, 0.75073, 0.11502, 0.01154, 410, 100,
 11:50:15.830,d2:03:b8:43:8d:44, 2015-01-01 00:05:10.165, -0.112, 0.98, -0.153, -1.77, 0.61, -0.549, , , , , , , 98.948, 6.213, 10.838, 0.000, 0.000, 0.000, 26.1, 0.65033, 0.75073, 0.11502, 0.01154, 410, 100,
 11:50:15.830,d2:03:b8:43:8d:44, 2015-01-01 00:05:10.165, -0.11, 0.979, -0.153, -1.404, 0.183, -0.366, , , , , , , 98.932, 6.218, 10.838, 0.000, 0.000, 0.000, 26.1, 0.65033, 0.75073, 0.11502, 0.01154, 410, 100,
 11:50:15.830,d2:03:b8:43:8d:44, 2015-01-01 00:05:10.165, -0.109, 0.98, -0.156, -1.404, 0.549, -0.305, , , , , , , 98.921, 6.224, 10.844, 0.000, 0.000, 0.000, 26.1, 0.65033, 0.75073, 0.11502, 0.01154, 410, 100,
 11:50:15.831,d2:03:b8:43:8d:44, 2015-01-01 00:05:10.165, -0.11, 0.979, -0.156, -1.526, 0.366, -0.366, , , , , , , 98.904, 6.224, 10.849, 0.000, 0.000, 0.000, 26.1, 0.65033, 0.75073, 0.11502, 0.01154, 410, 100,
 11:50:15.831,d2:03:b8:43:8d:44, 2015-01-01 00:05:10.165, -0.111, 0.98, -0.156, -1.709, 0.732, -0.671, , , , , , , 98.888, 6.229, 10.854, 0.000, 0.000, 0.000, 26.1, 0.65033, 0.75073, 0.11502, 0.01154, 410, 100,
 11:50:15.832,d2:03:b8:43:8d:44, 2015-01-01 00:05:10.165, -0.112, 0.979, -0.153, -1.648, 0.366, -0.854, , , , , , , 98.871, 6.24, 10.86, 0.000, 0.000, 0.000, 26.1, 0.65033, 0.75073, 0.11502, 0.01154, 410, 100,
 11:50:15.832,d2:03:b8:43:8d:44, 2015-01-01 00:05:10.165, -0.111, 0.98, -0.152, -1.282, 0.366, -1.038, , , , , , , 98.855, 6.251, 10.865, 0.000, 0.000, 0.000, 26.1, 0.65033, 0.75073, 0.11502, 0.01154, 410, 100,
 11:50:15.832,d2:03:b8:43:8d:44, 2015-01-01 00:05:10.165, -0.109, 0.98, -0.154, -1.221, 0.183, -0.793, , , , , , , 98.844, 6.257, 10.865, 0.000, 0.000, 0.000, 26.1, 0.65033, 0.75073, 0.11502, 0.01154, 410, 100,
 11:50:15.832,d2:03:b8:43:8d:44, 2015-01-01 00:05:10.165, -0.109, 0.98, -0.155, -1.465, 0.61, -0.977, , , , , , , 98.828, 6.268, 10.871, 0.000, 0.000, 0.000, 26.1, 0.65033, 0.75073, 0.11502, 0.01154, 410, 100,
 11:50:15.832,d2:03:b8:43:8d:44, 2015-01-01 00:05:10.165, -0.109, 0.98, -0.155, -1.831, 0.549, -1.099, , , , , , , 98.811, 6.279, 10.876, 0.000, 0.000, 0.000, 26.1, 0.65033, 0.75073, 0.11502, 0.01154, 410, 100,
 11:50:15.833,d2:03:b8:43:8d:44, 2015-01-01 00:05:10.165, -0.111, 0.98, -0.154, -2.136, 0.366, -1.648, , , , , , , 98.789, 6.29, 10.882, 0.000, 0.000, 0.000, 26.1, 0.65033, 0.75073, 0.11502, 0.01154, 410, 100,
 11:50:15.833,d2:03:b8:43:8d:44, 2015-01-01 00:05:10.165, -0.117, 0.979, -0.153, -2.197, 0.427, -1.892, , , , , , , 98.767, 6.312, 10.887, 0.000, 0.000, 0.000, 26.1, 0.65033, 0.75073, 0.11502, 0.01154, 410, 100,
 11:50:15.833,d2:03:b8:43:8d:44, 2015-01-01 00:05:10.165, -0.115, 0.98, -0.151, -2.258, -0.122, -1.343, , , , , , , 98.745, 6.328, 10.893, 0.000, 0.000, 0.000, 26.1, 0.65033, 0.75073, 0.11502, 0.01154, 410, 100,
 11:50:15.833,d2:03:b8:43:8d:44, 2015-01-01 00:05:10.165, -0.109, 0.979, -0.152, -2.441, -0.305, -0.854, , , , , , , 98.718, 6.334, 10.887, 0.000, 0.000, 0.000, 26.1, 0.65033, 0.75073, 0.11502, 0.01154, 410, 100,
 11:50:15.833,d2:03:b8:43:8d:44, 2015-01-01 00:05:10.165, -0.112, 0.981, -0.151, -2.563, 0.122, -0.977, , , , , , , 98.696, 6.345, 10.887, 0.000, 0.000, 0.000, 26.1, 0.65033, 0.75073, 0.11502, 0.01154, 410, 100,
 11:50:15.834,d2:03:b8:43:8d:44, 2015-01-01 00:05:10.165, -0.116, 0.98, -0.149, -2.258, 0.305, -1.465, , , , , , , 98.668, 6.361, 10.887, 0.000, 0.000, 0.000, 26.1, 0.65033, 0.75073, 0.11502, 0.01154, 410, 100,
 11:50:15.834,d2:03:b8:43:8d:44, 2015-01-01 00:05:10.165, -0.113, 0.981, -0.147, -1.892, 0.244, -0.977, , , , , , , 98.646, 6.372, 10.893, 0.000, 0.000, 0.000, 26.1, 0.65033, 0.75073, 0.11502, 0.01154, 410, 100,
 11:50:15.835,d2:03:b8:43:8d:44, 2015-01-01 00:05:10.165, -0.114, 0.979, -0.147, -1.343, 0.183, -0.916, , , , , , , 98.63, 6.383, 10.893, 0.000, 0.000, 0.000, 26.1, 0.65033, 0.75073, 0.11502, 0.01154, 410, 100,
 11:50:15.835,d2:03:b8:43:8d:44, 2015-01-01 00:05:10.165, -0.114, 0.979, -0.146, -0.671, -0.061, -1.282, , , , , , , 98.619, 6.394, 10.898, 0.000, 0.000, 0.000, 26.1, 0.65033, 0.75073, 0.11502, 0.01154, 410, 100,
 11:50:15.836,d2:03:b8:43:8d:44, 2015-01-01 00:05:10.165, -0.118, 0.98, -0.148, -0.244, 0, -1.16, , , , , , , 98.619, 6.405, 10.898, 0.000, 0.000, 0.000, 26.1, 0.65033, 0.75073, 0.11502, 0.01154, 410, 100,
 11:50:15.837,d2:03:b8:43:8d:44, 2015-01-01 00:05:10.165, -0.117, 0.98, -0.146, 0.061, 0, -0.732, , , , , , , 98.613, 6.416, 10.898, 0.000, 0.000, 0.000, 26.1, 0.65033, 0.75073, 0.11502, 0.01154, 410, 100,
 11:50:15.837,d2:03:b8:43:8d:44, 2015-01-01 00:05:10.165, -0.114, 0.98, -0.149, 0.427, 0, -0.183, , , , , , , 98.619, 6.422, 10.898, 0.000, 0.000, 0.000, 26.1, 0.65033, 0.75073, 0.11502, 0.01154, 410, 100,
 11:50:15.838,d2:03:b8:43:8d:44, 2015-01-01 00:05:10.165, -0.109, 0.98, -0.15, 0.427, -0.183, 0, , , , , , , 98.619, 6.422, 10.893, 0.000, 0.000, 0.000, 26.1, 0.65033, 0.75073, 0.11502, 0.01154, 410, 100,
 11:50:15.838,d2:03:b8:43:8d:44, 2015-01-01 00:05:10.165, -0.113, 0.979, -0.153, 0.244, 0.122, -0.793, , , , , , , 98.624, 6.427, 10.893, 0.000, 0.000, 0.000, 26.1, 0.65033, 0.75073, 0.11502, 0.01154, 410, 100,
 11:50:15.838,d2:03:b8:43:8d:44, 2015-01-01 00:05:10.165, -0.117, 0.98, -0.15, 0, 0, -1.221, , , , , , , 98.624, 6.438, 10.893, 0.000, 0.000, 0.000, 26.1, 0.65033, 0.75073, 0.11502, 0.01154, 410, 100,
 11:50:15.838,d2:03:b8:43:8d:44, 2015-01-01 00:05:10.165, -0.118, 0.979, -0.147, 0.366, 0, -1.221, , , , , , , 98.624, 6.449, 10.893, 0.000, 0.000, 0.000, 26.1, 0.65033, 0.75073, 0.11502, 0.01154, 410, 100,
 11:50:15.838,d2:03:b8:43:8d:44, 2015-01-01 00:05:10.165, -0.111, 0.981, -0.148, 0.61, -0.427, -0.427, , , , , , , 98.63, 6.46, 10.893, 0.000, 0.000, 0.000, 26.1, 0.65033, 0.75073, 0.11502, 0.01154, 410, 100,
 11:50:15.839,d2:03:b8:43:8d:44, 2015-01-01 00:05:10.165, -0.113, 0.98, -0.151, 0.427, -0.122, -0.793, , , , , , , 98.635, 6.465, 10.887, 0.000, 0.000, 0.000, 26.1, 0.65033, 0.75073, 0.11502, 0.01154, 410, 100,
 11:50:15.839,d2:03:b8:43:8d:44, 2015-01-01 00:05:10.165, -0.114, 0.98, -0.152, 0, -0.183, -1.221, , , , , , , 98.635, 6.476, 10.887, 0.000, 0.000, 0.000, 26.1, 0.65033, 0.75073, 0.11502, 0.01154, 410, 100,
 11:50:15.840,d2:03:b8:43:8d:44, 2015-01-01 00:05:10.165, -0.119, 0.98, -0.151, -0.183, 0.366, -1.282, , , , , , , 98.635, 6.493, 10.887, 0.000, 0.000, 0.000, 26.1, 0.65033, 0.75073, 0.11502, 0.01154, 410, 100,
 11:50:15.840,d2:03:b8:43:8d:44, 2015-01-01 00:05:10.165, -0.122, 0.979, -0.145, 0.122, -0.122, -1.16, , , , , , , 98.635, 6.504, 10.887, 0.000, 0.000, 0.000, 26.1, 0.65033, 0.75073, 0.11502, 0.01154, 410, 100,
 11:50:15.841,d2:03:b8:43:8d:44, 2015-01-01 00:05:10.165, -0.118, 0.98, -0.146, 0.916, -0.488, -0.671, , , , , , , 98.635, 6.515, 10.887, 0.000, 0.000, 0.000, 26.1, 0.65106, 0.75027, 0.11353, 0.01538, 410, 100,
 11:50:15.841,d2:03:b8:43:8d:44, 2015-01-01 00:05:10.165, -0.109, 0.98, -0.146, 1.404, -1.465, -0.122, , , , , , , 98.646, 6.52, 10.876, 0.000, 0.000, 0.000, 26.1, 0.65106, 0.75027, 0.11353, 0.01538, 410, 100,
 11:50:15.841,d2:03:b8:43:8d:44, 2015-01-01 00:05:10.165, -0.115, 0.979, -0.152, 1.221, -0.977, -1.465, , , , , , , 98.657, 6.531, 10.86, 0.000, 0.000, 0.000, 26.1, 0.65106, 0.75027, 0.11353, 0.01538, 410, 100,
 11:50:15.842,d2:03:b8:43:8d:44, 2015-01-01 00:05:10.165, -0.119, 0.98, -0.151, 0.977, -1.038, -2.075, , , , , , , 98.668, 6.553, 10.854, 0.000, 0.000, 0.000, 26.1, 0.65106, 0.75027, 0.11353, 0.01538, 410, 100,
 11:50:15.842,d2:03:b8:43:8d:44, 2015-01-01 00:05:10.165, -0.122, 0.98, -0.149, 1.221, -0.671, -1.587, , , , , , , 98.679, 6.57, 10.849, 0.000, 0.000, 0.000, 26.1, 0.65106, 0.75027, 0.11353, 0.01538, 410, 100,
 11:50:15.843,d2:03:b8:43:8d:44, 2015-01-01 00:05:10.165, -0.118, 0.979, -0.144, 2.258, -1.526, -1.282, , , , , , , 98.696, 6.586, 10.838, 0.000, 0.000, 0.000, 26.1, 0.65106, 0.75027, 0.11353, 0.01538, 410, 100,
 11:50:15.843,d2:03:b8:43:8d:44, 2015-01-01 00:05:10.165, -0.117, 0.979, -0.148, 2.93, -1.465, -1.404, , , , , , , 98.718, 6.603, 10.822, 0.000, 0.000, 0.000, 26.1, 0.65106, 0.75027, 0.11353, 0.01538, 410, 100,
 11:50:15.844,d2:03:b8:43:8d:44, 2015-01-01 00:05:10.165, -0.113, 0.98, -0.153, 2.747, -1.526, -0.916, , , , , , , 98.745, 6.619, 10.805, 0.000, 0.000, 0.000, 26.1, 0.65106, 0.75027, 0.11353, 0.01538, 410, 100,
 11:50:15.844,d2:03:b8:43:8d:44, 2015-01-01 00:05:10.165, -0.116, 0.98, -0.159, 1.77, -0.366, -1.099, , , , , , , 98.767, 6.63, 10.8, 0.000, 0.000, 0.000, 26.1, 0.65106, 0.75027, 0.11353, 0.01538, 410, 100,
 11:50:15.844,d2:03:b8:43:8d:44, 2015-01-01 00:05:10.165, -0.116, 0.98, -0.156, 0.854, -0.122, -1.099, , , , , , , 98.778, 6.647, 10.794, 0.000, 0.000, 0.000, 26.1, 0.65106, 0.75027, 0.11353, 0.01538, 410, 100,
 11:50:15.916,d2:03:b8:43:8d:44, 2015-01-01 00:05:10.165, -0.114, 0.979, -0.156, 0.305, 0.122, -1.343, , , , , , , 98.784, 6.658, 10.8, 0.000, 0.000, 0.000, 26.1, 0.65106, 0.75027, 0.11353, 0.01538, 410, 100,
 11:50:16.094,d2:03:b8:43:8d:44, 2015-01-01 00:05:10.585, -0.118, 0.979, -0.157, -0.305, 0.183, -1.709, , , , , , , 98.784, 6.674, 10.8, 0.000, 0.000, 0.000, 26.1, 0.65106, 0.75027, 0.11353, 0.01538, 410, 100,
 11:50:16.156,d2:03:b8:43:8d:44, 2015-01-01 00:05:10.585, -0.121, 0.979, -0.155, -0.793, 0.732, -2.014, , , , , , , 98.778, 6.691, 10.805, 0.000, 0.000, 0.000, 26.1, 0.65106, 0.75027, 0.11353, 0.01538, 410, 100,
 11:50:16.156,d2:03:b8:43:8d:44, 2015-01-01 00:05:10.585, -0.119, 0.98, -0.154, -0.977, 0.61, -1.16, , , , , , , 98.767, 6.707, 10.811, 0.000, 0.000, 0.000, 26.1, 0.65106, 0.75027, 0.11353, 0.01538, 410, 100,
 11:50:16.157,d2:03:b8:43:8d:44, 2015-01-01 00:05:10.585, -0.118, 0.98, -0.154, -1.282, 1.221, -0.854, , , , , , , 98.756, 6.718, 10.822, 0.000, 0.000, 0.000, 26.1, 0.65106, 0.75027, 0.11353, 0.01538, 410, 100,
 11:50:16.157,d2:03:b8:43:8d:44, 2015-01-01 00:05:10.585, -0.117, 0.979, -0.152, -1.404, 0.793, -1.099, , , , , , , 98.745, 6.724, 10.833, 0.000, 0.000, 0.000, 26.1, 0.65106, 0.75027, 0.11353, 0.01538, 410, 100,
 11:50:16.157,d2:03:b8:43:8d:44, 2015-01-01 00:05:10.585, -0.124, 0.979, -0.152, -1.709, 1.343, -1.77, , , , , , , 98.729, 6.74, 10.849, 0.000, 0.000, 0.000, 26.1, 0.65106, 0.75027, 0.11353, 0.01538, 410, 100,
 11:50:16.158,d2:03:b8:43:8d:44, 2015-01-01 00:05:10.585, -0.126, 0.978, -0.149, -1.526, 0.916, -1.526, , , , , , , 98.712, 6.757, 10.86, 0.000, 0.000, 0.000, 26.1, 0.65106, 0.75027, 0.11353, 0.01538, 410, 100,
 11:50:16.158,d2:03:b8:43:8d:44, 2015-01-01 00:05:10.585, -0.123, 0.98, -0.147, -0.854, 0.732, -0.977, , , , , , , 98.701, 6.768, 10.871, 0.000, 0.000, 0.000, 26.1, 0.65106, 0.75027, 0.11353, 0.01538, 410, 100,
 11:50:16.158,d2:03:b8:43:8d:44, 2015-01-01 00:05:10.585, -0.12, 0.979, -0.147, -0.244, 0.122, -0.366, , , , , , , 98.696, 6.773, 10.871, 0.000, 0.000, 0.000, 26.1, 0.65106, 0.75027, 0.11353, 0.01538, 410, 100,
 11:50:16.159,d2:03:b8:43:8d:44, 2015-01-01 00:05:10.585, -0.119, 0.979, -0.15, -0.061, 0.244, -0.916, , , , , , , 98.69, 6.779, 10.876, 0.000, 0.000, 0.000, 26.1, 0.65106, 0.75027, 0.11353, 0.01538, 410, 100,
 11:50:16.159,d2:03:b8:43:8d:44, 2015-01-01 00:05:10.585, -0.119, 0.979, -0.154, -0.427, 0.244, -0.854, , , , , , , 98.69, 6.79, 10.876, 0.000, 0.000, 0.000, 26.1, 0.65106, 0.75027, 0.11353, 0.01538, 410, 100,
 11:50:16.159,d2:03:b8:43:8d:44, 2015-01-01 00:05:10.585, -0.121, 0.98, -0.153, -1.038, 0.854, -0.916, , , , , , , 98.679, 6.795, 10.882, 0.000, 0.000, 0.000, 26.1, 0.65106, 0.75027, 0.11353, 0.01538, 410, 100,
 11:50:16.160,d2:03:b8:43:8d:44, 2015-01-01 00:05:10.585, -0.12, 0.979, -0.149, -0.977, 0.671, -0.916, , , , , , , 98.674, 6.806, 10.887, 0.000, 0.000, 0.000, 26.1, 0.65106, 0.75027, 0.11353, 0.01538, 410, 100,
 11:50:16.160,d2:03:b8:43:8d:44, 2015-01-01 00:05:10.585, -0.118, 0.979, -0.148, -0.793, 0.427, -1.282, , , , , , , 98.663, 6.817, 10.898, 0.000, 0.000, 0.000, 26.1, 0.65106, 0.75027, 0.11353, 0.01538, 410, 100,
 11:50:16.160,d2:03:b8:43:8d:44, 2015-01-01 00:05:10.585, -0.125, 0.978, -0.152, -0.916, 0.488, -2.014, , , , , , , 98.652, 6.833, 10.898, 0.000, 0.000, 0.000, 26.1, 0.65106, 0.75027, 0.11353, 0.01538, 410, 100,
 11:50:16.160,d2:03:b8:43:8d:44, 2015-01-01 00:05:10.585, -0.125, 0.98, -0.151, -1.16, 0.61, -1.648, , , , , , , 98.641, 6.855, 10.909, 0.000, 0.000, 0.000, 26.1, 0.65106, 0.75027, 0.11353, 0.01538, 410, 100,
 11:50:16.161,d2:03:b8:43:8d:44, 2015-01-01 00:05:10.585, -0.125, 0.979, -0.148, -0.977, 0.61, -0.793, , , , , , , 98.63, 6.866, 10.915, 0.000, 0.000, 0.000, 26.1, 0.65106, 0.75027, 0.11353, 0.01538, 410, 100,
 11:50:16.161,d2:03:b8:43:8d:44, 2015-01-01 00:05:10.585, -0.122, 0.98, -0.147, -0.61, 0.366, -0.61, , , , , , , 98.624, 6.872, 10.92, 0.000, 0.000, 0.000, 26.1, 0.65106, 0.75027, 0.11353, 0.01538, 410, 100,
 11:50:16.161,d2:03:b8:43:8d:44, 2015-01-01 00:05:10.585, -0.122, 0.979, -0.149, -0.427, 0.366, -0.61, , , , , , , 98.619, 6.877, 10.926, 0.000, 0.000, 0.000, 26.1, 0.65106, 0.75027, 0.11353, 0.01538, 410, 100,
 11:50:16.162,d2:03:b8:43:8d:44, 2015-01-01 00:05:10.585, -0.122, 0.979, -0.149, -0.244, 0.061, -0.916, , , , , , , 98.613, 6.883, 10.926, 0.000, 0.000, 0.000, 26.1, 0.65106, 0.75027, 0.11353, 0.01538, 410, 100,
 11:50:16.162,d2:03:b8:43:8d:44, 2015-01-01 00:05:10.585, -0.126, 0.979, -0.15, -0.305, 0.427, -1.038, , , , , , , 98.613, 6.894, 10.931, 0.000, 0.000, 0.000, 26.1, 0.65106, 0.75027, 0.11353, 0.01538, 410, 100,
 11:50:16.162,d2:03:b8:43:8d:44, 2015-01-01 00:05:10.585, -0.123, 0.98, -0.146, -0.061, 0.122, -0.61, , , , , , , 98.608, 6.905, 10.931, 0.000, 0.000, 0.000, 26.1, 0.65106, 0.75027, 0.11353, 0.01538, 410, 100,
 11:50:16.163,d2:03:b8:43:8d:44, 2015-01-01 00:05:10.585, -0.123, 0.979, -0.146, 0.305, 0, -0.488, , , , , , , 98.608, 6.91, 10.931, 0.000, 0.000, 0.000, 26.1, 0.65106, 0.75027, 0.11353, 0.01538, 410, 100,
 11:50:16.163,d2:03:b8:43:8d:44, 2015-01-01 00:05:10.585, -0.119, 0.979, -0.147, 0.61, -0.488, -0.793, , , , , , , 98.613, 6.916, 10.931, 0.000, 0.000, 0.000, 26.1, 0.65106, 0.75027, 0.11353, 0.01538, 410, 100,
 11:50:16.163,d2:03:b8:43:8d:44, 2015-01-01 00:05:10.585, -0.126, 0.979, -0.154, 0.061, 0.061, -1.038, , , , , , , 98.619, 6.927, 10.926, 0.000, 0.000, 0.000, 26.1, 0.65106, 0.75027, 0.11353, 0.01538, 410, 100,
 11:50:16.164,d2:03:b8:43:8d:44, 2015-01-01 00:05:10.585, -0.127, 0.979, -0.147, 0.122, 0, -1.16, , , , , , , 98.619, 6.938, 10.931, 0.000, 0.000, 0.000, 26.1, 0.65106, 0.75027, 0.11353, 0.01538, 410, 100,
 11:50:16.164,d2:03:b8:43:8d:44, 2015-01-01 00:05:10.585, -0.125, 0.979, -0.146, 0.732, -0.122, -0.549, , , , , , , 98.619, 6.949, 10.926, 0.000, 0.000, 0.000, 26.1, 0.65106, 0.75027, 0.11353, 0.01538, 410, 100,
 11:50:16.164,d2:03:b8:43:8d:44, 2015-01-01 00:05:10.585, -0.119, 0.979, -0.147, 1.16, -0.671, -0.183, , , , , , , 98.63, 6.954, 10.92, 0.000, 0.000, 0.000, 26.1, 0.65106, 0.75027, 0.11353, 0.01538, 410, 100,
 11:50:16.165,d2:03:b8:43:8d:44, 2015-01-01 00:05:10.585, -0.124, 0.978, -0.15, 1.16, -0.366, -0.854, , , , , , , 98.641, 6.96, 10.915, 0.000, 0.000, 0.000, 26.1, 0.65106, 0.75027, 0.11353, 0.01538, 410, 100,
 11:50:16.165,d2:03:b8:43:8d:44, 2015-01-01 00:05:10.585, -0.125, 0.979, -0.149, 1.099, -0.488, -1.099, , , , , , , 98.652, 6.971, 10.915, 0.000, 0.000, 0.000, 26.1, 0.65106, 0.75027, 0.11353, 0.01538, 410, 100,
 11:50:16.165,d2:03:b8:43:8d:44, 2015-01-01 00:05:10.585, -0.122, 0.98, -0.151, 0.977, -0.183, -0.427, , , , , , , 98.657, 6.982, 10.909, 0.000, 0.000, 0.000, 26.1, 0.65106, 0.75027, 0.11353, 0.01538, 410, 100,
 11:50:16.166,d2:03:b8:43:8d:44, 2015-01-01 00:05:10.585, -0.118, 0.979, -0.153, 0.427, -0.244, -0.366, , , , , , , 98.668, 6.982, 10.904, 0.000, 0.000, 0.000, 26.1, 0.65106, 0.75027, 0.11353, 0.01538, 410, 100,
 11:50:16.166,d2:03:b8:43:8d:44, 2015-01-01 00:05:10.585, -0.125, 0.978, -0.154, 0.122, 0.061, -1.709, , , , , , , 98.668, 6.993, 10.904, 0.000, 0.000, 0.000, 26.1, 0.65106, 0.75027, 0.11353, 0.01538, 410, 100,
 11:50:16.166,d2:03:b8:43:8d:44, 2015-01-01 00:05:10.585, -0.129, 0.979, -0.149, 0.061, -0.061, -2.014, , , , , , , 98.668, 7.015, 10.909, 0.000, 0.000, 0.000, 26.1, 0.65106, 0.75027, 0.11353, 0.01538, 410, 100,
 11:50:16.166,d2:03:b8:43:8d:44, 2015-01-01 00:05:10.585, -0.129, 0.979, -0.15, 0.244, 0.122, -1.343, , , , , , , 98.668, 7.031, 10.909, 0.000, 0.000, 0.000, 26.1, 0.65106, 0.75027, 0.11353, 0.01538, 410, 100,
 11:50:16.167,d2:03:b8:43:8d:44, 2015-01-01 00:05:10.585, -0.123, 0.979, -0.149, 0.366, -0.122, -0.366, , , , , , , 98.674, 7.042, 10.909, 0.000, 0.000, 0.000, 26.1, 0.65106, 0.75027, 0.11353, 0.01538, 410, 100,
 11:50:16.167,d2:03:b8:43:8d:44, 2015-01-01 00:05:10.585, -0.124, 0.978, -0.15, 0.549, 0, -0.854, , , , , , , 98.679, 7.048, 10.909, 0.000, 0.000, 0.000, 26.1, 0.65106, 0.75027, 0.11353, 0.01538, 410, 100,
 11:50:16.167,d2:03:b8:43:8d:44, 2015-01-01 00:05:10.585, -0.124, 0.979, -0.15, 0.549, -0.488, -1.343, , , , , , , 98.679, 7.059, 10.904, 0.000, 0.000, 0.000, 26.1, 0.65106, 0.75027, 0.11353, 0.01538, 410, 100,
 11:50:16.168,d2:03:b8:43:8d:44, 2015-01-01 00:05:10.585, -0.129, 0.979, -0.154, 0.122, 0.061, -1.587, , , , , , , 98.685, 7.075, 10.904, 0.000, 0.000, 0.000, 26.1, 0.65106, 0.75027, 0.11353, 0.01538, 410, 100,
 11:50:16.168,d2:03:b8:43:8d:44, 2015-01-01 00:05:10.585, -0.127, 0.979, -0.149, 0.061, -0.061, -1.038, , , , , , , 98.685, 7.092, 10.904, 0.000, 0.000, 0.000, 26.1, 0.65106, 0.75027, 0.11353, 0.01538, 410, 100,
 11:50:16.169,d2:03:b8:43:8d:44, 2015-01-01 00:05:10.585, -0.124, 0.979, -0.149, 0.366, 0.061, -0.793, , , , , , , 98.685, 7.097, 10.904, 0.000, 0.000, 0.000, 26.1, 0.65106, 0.75027, 0.11353, 0.01538, 410, 100,
 11:50:16.169,d2:03:b8:43:8d:44, 2015-01-01 00:05:10.585, -0.126, 0.977, -0.148, 0.61, -0.366, -1.16, , , , , , , 98.69, 7.108, 10.904, 0.000, 0.000, 0.000, 26.1, 0.65106, 0.75027, 0.11353, 0.01538, 410, 100,
 11:50:16.169,d2:03:b8:43:8d:44, 2015-01-01 00:05:10.585, -0.128, 0.978, -0.15, 0.671, -0.122, -1.892, , , , , , , 98.696, 7.125, 10.904, 0.000, 0.000, 0.000, 26.1, 0.65106, 0.75027, 0.11353, 0.01538, 410, 100,
 11:50:16.169,d2:03:b8:43:8d:44, 2015-01-01 00:05:10.585, -0.125, 0.979, -0.151, 0.427, -0.244, -1.343, , , , , , , 98.701, 7.141, 10.898, 0.000, 0.000, 0.000, 26.1, 0.65106, 0.75027, 0.11353, 0.01538, 410, 100,
 11:50:16.170,d2:03:b8:43:8d:44, 2015-01-01 00:05:10.585, -0.125, 0.979, -0.154, 0, 0.244, -1.404, , , , , , , 98.707, 7.158, 10.904, 0.000, 0.000, 0.000, 26.1, 0.65106, 0.75027, 0.11353, 0.01538, 410, 100,
 11:50:16.170,d2:03:b8:43:8d:44, 2015-01-01 00:05:10.585, -0.126, 0.979, -0.153, -0.183, 0.061, -1.343, , , , , , , 98.701, 7.174, 10.904, 0.000, 0.000, 0.000, 26.1, 0.65106, 0.75027, 0.11353, 0.01538, 410, 100,
 11:50:16.171,d2:03:b8:43:8d:44, 2015-01-01 00:05:10.585, -0.128, 0.979, -0.151, -0.244, 0.305, -1.526, , , , , , , 98.701, 7.185, 10.909, 0.000, 0.000, 0.000, 26.1, 0.65106, 0.75027, 0.11353, 0.01538, 410, 100,
 11:50:16.171,d2:03:b8:43:8d:44, 2015-01-01 00:05:10.585, -0.132, 0.978, -0.15, -0.061, 0.061, -1.404, , , , , , , 98.696, 7.202, 10.909, 0.000, 0.000, 0.000, 26.1, 0.65106, 0.75027, 0.11353, 0.01538, 410, 100,
 11:50:16.172,d2:03:b8:43:8d:44, 2015-01-01 00:05:10.585, -0.129, 0.979, -0.15, 0.061, 0.244, -0.793, , , , , , , 98.696, 7.213, 10.915, 0.000, 0.000, 0.000, 26.1, 0.65106, 0.75027, 0.11353, 0.01538, 410, 100,
 11:50:16.172,d2:03:b8:43:8d:44, 2015-01-01 00:05:10.585, -0.128, 0.978, -0.149, 0.305, 0, -0.244, , , , , , , 98.701, 7.218, 10.915, 0.000, 0.000, 0.000, 26.1, 0.65106, 0.75027, 0.11353, 0.01538, 410, 100,
 11:50:16.172,d2:03:b8:43:8d:44, 2015-01-01 00:05:10.585, -0.127, 0.978, -0.149, 0.427, 0, -0.549, , , , , , , 98.701, 7.224, 10.915, 0.000, 0.000, 0.000, 26.1, 0.65106, 0.75027, 0.11353, 0.01538, 410, 100,
 11:50:16.173,d2:03:b8:43:8d:44, 2015-01-01 00:05:10.585, -0.131, 0.978, -0.15, 0.427, -0.244, -0.854, , , , , , , 98.707, 7.229, 10.909, 0.000, 0.000, 0.000, 26.1, 0.65106, 0.75027, 0.11353, 0.01538, 410, 100,
 11:50:16.173,d2:03:b8:43:8d:44, 2015-01-01 00:05:10.585, -0.13, 0.979, -0.15, 0.61, -0.061, -0.977, , , , , , , 98.712, 7.24, 10.909, 0.000, 0.000, 0.000, 26.1, 0.65106, 0.75027, 0.11353, 0.01538, 410, 100,
 11:50:16.173,d2:03:b8:43:8d:44, 2015-01-01 00:05:10.585, -0.124, 0.979, -0.15, 0.732, -0.366, -0.244, , , , , , , 98.718, 7.245, 10.904, 0.000, 0.000, 0.000, 26.1, 0.65106, 0.75027, 0.11353, 0.01538, 410, 100,
 11:50:16.195,d2:03:b8:43:8d:44, 2015-01-01 00:05:10.585, -0.125, 0.978, -0.151, 0.61, -0.122, -1.099, , , , , , , 98.723, 7.256, 10.904, 0.000, 0.000, 0.000, 26.1, 0.65106, 0.75027, 0.11353, 0.01538, 410, 100,
 11:50:16.196,d2:03:b8:43:8d:44, 2015-01-01 00:05:10.585, -0.13, 0.977, -0.153, 0.366, -0.244, -1.892, , , , , , , 98.729, 7.273, 10.904, 0.000, 0.000, 0.000, 26.1, 0.65106, 0.75027, 0.11353, 0.01538, 410, 100,
 11:50:16.196,d2:03:b8:43:8d:44, 2015-01-01 00:05:10.585, -0.135, 0.979, -0.151, 0, 0, -1.953, , , , , , , 98.729, 7.295, 10.904, 0.000, 0.000, 0.000, 26.1, 0.65106, 0.75027, 0.11353, 0.01538, 410, 100,
 11:50:16.196,d2:03:b8:43:8d:44, 2015-01-01 00:05:10.585, -0.133, 0.978, -0.149, 0.366, -0.061, -1.16, , , , , , , 98.734, 7.311, 10.904, 0.000, 0.000, 0.000, 26.1, 0.65106, 0.75027, 0.11353, 0.01538, 410, 100,
 11:50:16.197,d2:03:b8:43:8d:44, 2015-01-01 00:05:10.585, -0.129, 0.979, -0.148, 0.793, -0.244, -0.61, , , , , , , 98.74, 7.317, 10.904, 0.000, 0.000, 0.000, 26.1, 0.65106, 0.75027, 0.11353, 0.01538, 410, 100,
 11:50:16.197,d2:03:b8:43:8d:44, 2015-01-01 00:05:10.585, -0.131, 0.977, -0.148, 1.16, -0.549, -0.977, , , , , , , 98.745, 7.328, 10.898, 0.000, 0.000, 0.000, 26.1, 0.65106, 0.75027, 0.11353, 0.01538, 410, 100,
 11:50:16.197,d2:03:b8:43:8d:44, 2015-01-01 00:05:10.585, -0.126, 0.978, -0.148, 1.404, -0.916, -1.77, , , , , , , 98.762, 7.344, 10.893, 0.000, 0.000, 0.000, 26.1, 0.65106, 0.75027, 0.11353, 0.01538, 410, 100,
 11:50:16.197,d2:03:b8:43:8d:44, 2015-01-01 00:05:10.585, -0.126, 0.978, -0.156, 1.038, -0.61, -1.953, , , , , , , 98.767, 7.361, 10.882, 0.000, 0.000, 0.000, 26.1, 0.65106, 0.75027, 0.11353, 0.01538, 410, 100,
 11:50:16.198,d2:03:b8:43:8d:44, 2015-01-01 00:05:10.585, -0.133, 0.979, -0.158, 0.488, 0.549, -1.831, , , , , , , 98.778, 7.383, 10.887, 0.000, 0.000, 0.000, 26.1, 0.65106, 0.75027, 0.11353, 0.01538, 410, 100,
 11:50:16.198,d2:03:b8:43:8d:44, 2015-01-01 00:05:10.585, -0.131, 0.978, -0.153, 0.488, 0.488, -1.343, , , , , , , 98.784, 7.399, 10.893, 0.000, 0.000, 0.000, 26.1, 0.65106, 0.75027, 0.11353, 0.01538, 410, 100,
 11:50:16.198,d2:03:b8:43:8d:44, 2015-01-01 00:05:10.585, -0.126, 0.979, -0.153, 0.427, 0.244, -1.221, , , , , , , 98.789, 7.41, 10.898, 0.000, 0.000, 0.000, 26.1, 0.65106, 0.75027, 0.11353, 0.01538, 410, 100,
 11:50:16.199,d2:03:b8:43:8d:44, 2015-01-01 00:05:10.585, -0.131, 0.977, -0.156, 0, 0.671, -1.648, , , , , , , 98.789, 7.427, 10.904, 0.000, 0.000, 0.000, 26.1, 0.65106, 0.75027, 0.11353, 0.01538, 410, 100,
 11:50:16.199,d2:03:b8:43:8d:44, 2015-01-01 00:05:10.585, -0.128, 0.978, -0.153, -0.122, 0.549, -2.197, , , , , , , 98.789, 7.443, 10.915, 0.000, 0.000, 0.000, 26.1, 0.65106, 0.75027, 0.11353, 0.01538, 410, 100,
 11:50:16.199,d2:03:b8:43:8d:44, 2015-01-01 00:05:10.585, -0.144, 0.979, -0.148, 0.122, 0.183, -1.648, , , , , , , 98.789, 7.465, 10.92, 0.000, 0.000, 0.000, 26.1, 0.65106, 0.75027, 0.11353, 0.01538, 410, 100,
 11:50:16.200,d2:03:b8:43:8d:44, 2015-01-01 00:05:10.585, -0.144, 0.973, -0.148, 0.854, -1.221, -2.869, , , , , , , 98.795, 7.487, 10.915, 0.000, 0.000, 0.000, 26.1, 0.65106, 0.75027, 0.11353, 0.01538, 410, 100,
 11:50:16.200,d2:03:b8:43:8d:44, 2015-01-01 00:05:10.585, -0.134, 0.979, -0.152, 0.793, -0.122, -0.977, , , , , , , 98.8, 7.509, 10.909, 0.000, 0.000, 0.000, 26.1, 0.65106, 0.75027, 0.11353, 0.01538, 410, 100,
 11:50:16.200,d2:03:b8:43:8d:44, 2015-01-01 00:05:10.585, -0.126, 0.979, -0.15, 0.732, -0.488, 0.61, , , , , , , 98.806, 7.504, 10.909, 0.000, 0.000, 0.000, 26.1, 0.65106, 0.75027, 0.11353, 0.01538, 410, 100,
 11:50:16.201,d2:03:b8:43:8d:44, 2015-01-01 00:05:10.585, -0.138, 0.975, -0.153, 0.916, -0.183, -1.953, , , , , , , 98.817, 7.515, 10.904, 0.000, 0.000, 0.000, 26.1, 0.65106, 0.75027, 0.11353, 0.01538, 410, 100,
 11:50:16.201,d2:03:b8:43:8d:44, 2015-01-01 00:05:10.585, -0.134, 0.98, -0.154, 0.732, -0.061, -1.038, , , , , , , 98.822, 7.537, 10.904, 0.000, 0.000, 0.000, 26.1, 0.65106, 0.75027, 0.11353, 0.01538, 410, 100,
 11:50:16.201,d2:03:b8:43:8d:44, 2015-01-01 00:05:10.585, -0.133, 0.977, -0.151, 0.732, -0.366, -0.305, , , , , , , 98.828, 7.537, 10.898, 0.000, 0.000, 0.000, 26.1, 0.65106, 0.75027, 0.11353, 0.01538, 410, 100,
 11:50:16.202,d2:03:b8:43:8d:44, 2015-01-01 00:05:10.585, -0.135, 0.975, -0.148, 1.343, -0.61, -1.282, , , , , , , 98.839, 7.548, 10.893, 0.000, 0.000, 0.000, 26.1, 0.65106, 0.75027, 0.11353, 0.01538, 410, 100,
 11:50:16.202,d2:03:b8:43:8d:44, 2015-01-01 00:05:10.585, -0.128, 0.978, -0.151, 1.587, -0.305, -1.099, , , , , , , 98.849, 7.564, 10.887, 0.000, 0.000, 0.000, 26.1, 0.65106, 0.75027, 0.11353, 0.01538, 410, 100,
 11:50:16.203,d2:03:b8:43:8d:44, 2015-01-01 00:05:10.585, -0.137, 0.977, -0.155, 1.404, 0.671, -1.526, , , , , , , 98.866, 7.575, 10.893, 0.000, 0.000, 0.000, 26.1, 0.65106, 0.75027, 0.11353, 0.01538, 410, 100,
 11:50:16.203,d2:03:b8:43:8d:44, 2015-01-01 00:05:10.585, -0.133, 0.976, -0.159, 1.038, 0.854, -1.892, , , , , , , 98.882, 7.592, 10.904, 0.000, 0.000, 0.000, 26.1, 0.65106, 0.75027, 0.11353, 0.01538, 410, 100,
 11:50:16.203,d2:03:b8:43:8d:44, 2015-01-01 00:05:10.585, -0.136, 0.978, -0.158, 0.244, 0.61, -0.916, , , , , , , 98.888, 7.603, 10.909, 0.000, 0.000, 0.000, 26.1, 0.65106, 0.75027, 0.11353, 0.01538, 410, 100,
 11:50:16.204,d2:03:b8:43:8d:44, 2015-01-01 00:05:10.585, -0.141, 0.975, -0.157, 0, 0.61, -1.587, , , , , , , 98.888, 7.619, 10.915, 0.000, 0.000, 0.000, 26.1, 0.65106, 0.75027, 0.11353, 0.01538, 410, 100,
 11:50:16.204,d2:03:b8:43:8d:44, 2015-01-01 00:05:10.585, -0.139, 0.979, -0.153, 0, 0.122, -0.183, , , , , , , 98.888, 7.63, 10.92, 0.000, 0.000, 0.000, 26.1, 0.65106, 0.75027, 0.11353, 0.01538, 410, 100,
 11:50:16.326,d2:03:b8:43:8d:44, 2015-01-01 00:05:10.585, -0.139, 0.977, -0.153, 0.366, 0.366, 0.122, , , , , , , 98.888, 7.625, 10.92, 0.000, 0.000, 0.000, 26.1, 0.65106, 0.75027, 0.11353, 0.01538, 410, 100,
 11:50:16.526,d2:03:b8:43:8d:44, 2015-01-01 00:05:11.000, -0.132, 0.979, -0.151, 0.732, -0.305, 1.099, , , , , , , 98.893, 7.619, 10.92, 0.000, 0.000, 0.000, 26.1, 0.65317, 0.74872, 0.11017, 0.02332, 410, 100,
 11:50:16.526,d2:03:b8:43:8d:44, 2015-01-01 00:05:11.000, -0.135, 0.977, -0.156, 0.671, 0.305, 0.671, , , , , , , 98.899, 7.614, 10.915, 0.000, 0.000, 0.000, 26.1, 0.65317, 0.74872, 0.11017, 0.02332, 410, 100,
 11:50:16.527,d2:03:b8:43:8d:44, 2015-01-01 00:05:11.000, -0.135, 0.977, -0.154, 0.793, 0.183, 0.549, , , , , , , 98.904, 7.608, 10.92, 0.000, 0.000, 0.000, 26.1, 0.65317, 0.74872, 0.11017, 0.02332, 410, 100,
 11:50:16.527,d2:03:b8:43:8d:44, 2015-01-01 00:05:11.000, -0.137, 0.977, -0.153, 0.977, 0.427, 0.427, , , , , , , 98.915, 7.603, 10.92, 0.000, 0.000, 0.000, 26.1, 0.65317, 0.74872, 0.11017, 0.02332, 410, 100,
 11:50:16.527,d2:03:b8:43:8d:44, 2015-01-01 00:05:11.000, -0.132, 0.978, -0.153, 1.282, 0.183, 0.916, , , , , , , 98.926, 7.597, 10.92, 0.000, 0.000, 0.000, 26.1, 0.65317, 0.74872, 0.11017, 0.02332, 410, 100,
 11:50:16.527,d2:03:b8:43:8d:44, 2015-01-01 00:05:11.000, -0.134, 0.976, -0.154, 1.465, 0.427, 0.549, , , , , , , 98.937, 7.586, 10.92, 0.000, 0.000, 0.000, 26.1, 0.65317, 0.74872, 0.11017, 0.02332, 410, 100,
 11:50:16.542,d2:03:b8:43:8d:44, 2015-01-01 00:05:11.000, -0.136, 0.976, -0.154, 1.465, 0.488, 0.122, , , , , , , 98.954, 7.581, 10.92, 0.000, 0.000, 0.000, 26.1, 0.65317, 0.74872, 0.11017, 0.02332, 410, 100,
 11:50:16.543,d2:03:b8:43:8d:44, 2015-01-01 00:05:11.000, -0.136, 0.977, -0.156, 1.404, 0.732, 0.244, , , , , , , 98.97, 7.581, 10.926, 0.000, 0.000, 0.000, 26.1, 0.65317, 0.74872, 0.11017, 0.02332, 410, 100,
 11:50:16.543,d2:03:b8:43:8d:44, 2015-01-01 00:05:11.000, -0.134, 0.977, -0.156, 1.282, 0.61, 0.854, , , , , , , 98.981, 7.575, 10.931, 0.000, 0.000, 0.000, 26.1, 0.65317, 0.74872, 0.11017, 0.02332, 410, 100,
 11:50:16.544,d2:03:b8:43:8d:44, 2015-01-01 00:05:11.000, -0.133, 0.977, -0.156, 1.282, 0.732, 0.61, , , , , , , 98.998, 7.564, 10.937, 0.000, 0.000, 0.000, 26.1, 0.65317, 0.74872, 0.11017, 0.02332, 410, 100,
 11:50:16.544,d2:03:b8:43:8d:44, 2015-01-01 00:05:11.000, -0.137, 0.977, -0.155, 1.526, 0.366, 0.549, , , , , , , 99.009, 7.559, 10.937, 0.000, 0.000, 0.000, 26.1, 0.65317, 0.74872, 0.11017, 0.02332, 410, 100,
 11:50:16.544,d2:03:b8:43:8d:44, 2015-01-01 00:05:11.000, -0.136, 0.976, -0.157, 1.587, 0.366, 0.488, , , , , , , 99.025, 7.553, 10.942, 0.000, 0.000, 0.000, 26.1, 0.65317, 0.74872, 0.11017, 0.02332, 410, 100,
 11:50:16.544,d2:03:b8:43:8d:44, 2015-01-01 00:05:11.000, -0.132, 0.978, -0.162, 0.916, 0.488, 1.648, , , , , , , 99.036, 7.542, 10.942, 0.000, 0.000, 0.000, 26.1, 0.65317, 0.74872, 0.11017, 0.02332, 410, 100,
 11:50:16.544,d2:03:b8:43:8d:44, 2015-01-01 00:05:11.000, -0.133, 0.977, -0.163, 0, 1.038, 1.831, , , , , , , 99.042, 7.52, 10.948, 0.000, 0.000, 0.000, 26.1, 0.65317, 0.74872, 0.11017, 0.02332, 410, 100,
 11:50:16.545,d2:03:b8:43:8d:44, 2015-01-01 00:05:11.000, -0.131, 0.976, -0.16, -0.61, 0.854, 1.953, , , , , , , 99.042, 7.504, 10.953, 0.000, 0.000, 0.000, 26.1, 0.65317, 0.74872, 0.11017, 0.02332, 410, 100,
 11:50:16.545,d2:03:b8:43:8d:44, 2015-01-01 00:05:11.000, -0.132, 0.976, -0.158, -0.854, 1.038, 1.587, , , , , , , 99.031, 7.482, 10.959, 0.000, 0.000, 0.000, 26.1, 0.65317, 0.74872, 0.11017, 0.02332, 410, 100,
 11:50:16.545,d2:03:b8:43:8d:44, 2015-01-01 00:05:11.000, -0.129, 0.976, -0.156, -0.854, 0.61, 1.404, , , , , , , 99.02, 7.465, 10.959, 0.000, 0.000, 0.000, 26.1, 0.65317, 0.74872, 0.11017, 0.02332, 410, 100,
 11:50:16.546,d2:03:b8:43:8d:44, 2015-01-01 00:05:11.000, -0.126, 0.977, -0.158, -1.038, 1.038, 0.916, , , , , , , 99.014, 7.454, 10.97, 0.000, 0.000, 0.000, 26.1, 0.65317, 0.74872, 0.11017, 0.02332, 410, 100,
 11:50:16.546,d2:03:b8:43:8d:44, 2015-01-01 00:05:11.000, -0.125, 0.977, -0.16, -1.587, 0.916, 0.305, , , , , , , 98.998, 7.449, 10.975, 0.000, 0.000, 0.000, 26.1, 0.65317, 0.74872, 0.11017, 0.02332, 410, 100,
 11:50:16.547,d2:03:b8:43:8d:44, 2015-01-01 00:05:11.000, -0.128, 0.977, -0.161, -2.563, 1.587, -0.61, , , , , , , 98.981, 7.449, 10.986, 0.000, 0.000, 0.000, 26.1, 0.65317, 0.74872, 0.11017, 0.02332, 410, 100,
 11:50:16.547,d2:03:b8:43:8d:44, 2015-01-01 00:05:11.000, -0.135, 0.976, -0.158, -3.113, 1.892, -1.343, , , , , , , 98.954, 7.454, 11.003, 0.000, 0.000, 0.000, 26.1, 0.65317, 0.74872, 0.11017, 0.02332, 410, 100,
 11:50:16.547,d2:03:b8:43:8d:44, 2015-01-01 00:05:11.000, -0.137, 0.977, -0.151, -2.869, 2.014, -1.343, , , , , , , 98.921, 7.465, 11.025, 0.000, 0.000, 0.000, 26.1, 0.65317, 0.74872, 0.11017, 0.02332, 410, 100,
 11:50:16.548,d2:03:b8:43:8d:44, 2015-01-01 00:05:11.000, -0.132, 0.976, -0.149, -1.953, 1.282, -1.16, , , , , , , 98.899, 7.476, 11.041, 0.000, 0.000, 0.000, 26.1, 0.65317, 0.74872, 0.11017, 0.02332, 410, 100,
 11:50:16.548,d2:03:b8:43:8d:44, 2015-01-01 00:05:11.000, -0.127, 0.979, -0.155, -2.075, 1.343, -0.549, , , , , , , 98.882, 7.487, 11.058, 0.000, 0.000, 0.000, 26.1, 0.65317, 0.74872, 0.11017, 0.02332, 410, 100,
 11:50:16.548,d2:03:b8:43:8d:44, 2015-01-01 00:05:11.000, -0.134, 0.976, -0.162, -3.174, 1.526, -1.404, , , , , , , 98.855, 7.493, 11.069, 0.000, 0.000, 0.000, 26.1, 0.65317, 0.74872, 0.11017, 0.02332, 410, 100,
 11:50:16.548,d2:03:b8:43:8d:44, 2015-01-01 00:05:11.000, -0.137, 0.979, -0.158, -4.578, 2.441, -0.793, , , , , , , 98.817, 7.504, 11.091, 0.000, 0.000, 0.000, 26.1, 0.65317, 0.74872, 0.11017, 0.02332, 410, 100,
 11:50:16.549,d2:03:b8:43:8d:44, 2015-01-01 00:05:11.000, -0.141, 0.977, -0.148, -4.272, 1.892, -0.366, , , , , , , 98.778, 7.504, 11.113, 0.000, 0.000, 0.000, 26.1, 0.65317, 0.74872, 0.11017, 0.02332, 410, 100,
 11:50:16.549,d2:03:b8:43:8d:44, 2015-01-01 00:05:11.000, -0.14, 0.979, -0.145, -3.235, 1.282, 0.122, , , , , , , 98.74, 7.504, 11.129, 0.000, 0.000, 0.000, 26.1, 0.65317, 0.74872, 0.11017, 0.02332, 410, 100,
 11:50:16.549,d2:03:b8:43:8d:44, 2015-01-01 00:05:11.000, -0.137, 0.976, -0.142, -1.648, 0.488, 0.671, , , , , , , 98.712, 7.498, 11.135, 0.000, 0.000, 0.000, 26.1, 0.65317, 0.74872, 0.11017, 0.02332, 410, 100,
 11:50:16.549,d2:03:b8:43:8d:44, 2015-01-01 00:05:11.000, -0.137, 0.977, -0.143, -0.244, -0.061, 0.977, , , , , , , 98.707, 7.493, 11.135, 0.000, 0.000, 0.000, 26.1, 0.65317, 0.74872, 0.11017, 0.02332, 410, 100,
 11:50:16.550,d2:03:b8:43:8d:44, 2015-01-01 00:05:11.000, -0.135, 0.978, -0.15, 0.244, 0.183, 1.343, , , , , , , 98.707, 7.482, 11.129, 0.000, 0.000, 0.000, 26.1, 0.65317, 0.74872, 0.11017, 0.02332, 410, 100,
 11:50:16.550,d2:03:b8:43:8d:44, 2015-01-01 00:05:11.000, -0.128, 0.98, -0.151, 0.244, 0.061, 2.563, , , , , , , 98.707, 7.46, 11.129, 0.000, 0.000, 0.000, 26.1, 0.65317, 0.74872, 0.11017, 0.02332, 410, 100,
 11:50:16.550,d2:03:b8:43:8d:44, 2015-01-01 00:05:11.000, -0.133, 0.976, -0.153, 0, 0.488, 1.953, , , , , , , 98.707, 7.438, 11.124, 0.000, 0.000, 0.000, 26.1, 0.65317, 0.74872, 0.11017, 0.02332, 410, 100,
 11:50:16.550,d2:03:b8:43:8d:44, 2015-01-01 00:05:11.000, -0.133, 0.978, -0.149, 0.061, 0.061, 1.892, , , , , , , 98.707, 7.416, 11.124, 0.000, 0.000, 0.000, 26.1, 0.65317, 0.74872, 0.11017, 0.02332, 410, 100,
 11:50:16.551,d2:03:b8:43:8d:44, 2015-01-01 00:05:11.000, -0.137, 0.977, -0.148, 0.549, 0.183, 1.831, , , , , , , 98.712, 7.399, 11.118, 0.000, 0.000, 0.000, 26.1, 0.65317, 0.74872, 0.11017, 0.02332, 410, 100,
 11:50:16.551,d2:03:b8:43:8d:44, 2015-01-01 00:05:11.000, -0.127, 0.979, -0.148, 1.038, -0.305, 3.113, , , , , , , 98.718, 7.377, 11.113, 0.000, 0.000, 0.000, 26.1, 0.65317, 0.74872, 0.11017, 0.02332, 410, 100,
 11:50:16.551,d2:03:b8:43:8d:44, 2015-01-01 00:05:11.000, -0.126, 0.978, -0.153, 0.793, 0, 3.296, , , , , , , 98.723, 7.344, 11.107, 0.000, 0.000, 0.000, 26.1, 0.65317, 0.74872, 0.11017, 0.02332, 410, 100,
 11:50:16.551,d2:03:b8:43:8d:44, 2015-01-01 00:05:11.000, -0.132, 0.978, -0.152, 0.488, 0.183, 2.319, , , , , , , 98.729, 7.317, 11.102, 0.000, 0.000, 0.000, 26.1, 0.65317, 0.74872, 0.11017, 0.02332, 410, 100,
 11:50:16.551,d2:03:b8:43:8d:44, 2015-01-01 00:05:11.000, -0.135, 0.979, -0.151, 0.61, 0.305, 2.625, , , , , , , 98.734, 7.295, 11.096, 0.000, 0.000, 0.000, 26.1, 0.65317, 0.74872, 0.11017, 0.02332, 410, 100,
 11:50:16.551,d2:03:b8:43:8d:44, 2015-01-01 00:05:11.000, -0.128, 0.979, -0.147, 1.038, 0, 3.784, , , , , , , 98.745, 7.262, 11.096, 0.000, 0.000, 0.000, 26.1, 0.65317, 0.74872, 0.11017, 0.02332, 410, 100,
 11:50:16.552,d2:03:b8:43:8d:44, 2015-01-01 00:05:11.000, -0.124, 0.977, -0.15, 1.465, 0, 3.967, , , , , , , 98.756, 7.218, 11.085, 0.000, 0.000, 0.000, 26.1, 0.65317, 0.74872, 0.11017, 0.02332, 410, 100,
 11:50:16.552,d2:03:b8:43:8d:44, 2015-01-01 00:05:11.000, -0.124, 0.977, -0.151, 1.587, -0.488, 2.869, , , , , , , 98.767, 7.185, 11.08, 0.000, 0.000, 0.000, 26.1, 0.65317, 0.74872, 0.11017, 0.02332, 410, 100,
 11:50:16.552,d2:03:b8:43:8d:44, 2015-01-01 00:05:11.000, -0.128, 0.976, -0.151, 1.831, -0.427, 1.465, , , , , , , 98.784, 7.169, 11.069, 0.000, 0.000, 0.000, 26.1, 0.65317, 0.74872, 0.11017, 0.02332, 410, 100,
 11:50:16.552,d2:03:b8:43:8d:44, 2015-01-01 00:05:11.000, -0.123, 0.979, -0.151, 1.953, -0.793, 1.831, , , , , , , 98.8, 7.152, 11.058, 0.000, 0.000, 0.000, 26.1, 0.65317, 0.74872, 0.11017, 0.02332, 410, 100,
 11:50:16.552,d2:03:b8:43:8d:44, 2015-01-01 00:05:11.000, -0.125, 0.978, -0.155, 1.77, -0.366, 1.465, , , , , , , 98.817, 7.136, 11.047, 0.000, 0.000, 0.000, 26.1, 0.65317, 0.74872, 0.11017, 0.02332, 410, 100,
 11:50:16.595,d2:03:b8:43:8d:44, 2015-01-01 00:05:11.000, -0.124, 0.977, -0.152, 1.953, -0.671, 0.549, , , , , , , 98.833, 7.13, 11.041, 0.000, 0.000, 0.000, 26.1, 0.65317, 0.74872, 0.11017, 0.02332, 410, 100,
 11:50:16.595,d2:03:b8:43:8d:44, 2015-01-01 00:05:11.000, -0.126, 0.978, -0.152, 2.197, -0.549, -0.244, , , , , , , 98.855, 7.13, 11.03, 0.000, 0.000, 0.000, 26.1, 0.65317, 0.74872, 0.11017, 0.02332, 410, 100,
 11:50:16.596,d2:03:b8:43:8d:44, 2015-01-01 00:05:11.000, -0.126, 0.978, -0.154, 2.197, -0.916, -0.61, , , , , , , 98.877, 7.136, 11.025, 0.000, 0.000, 0.000, 26.1, 0.65317, 0.74872, 0.11017, 0.02332, 410, 100,
 11:50:16.596,d2:03:b8:43:8d:44, 2015-01-01 00:05:11.000, -0.126, 0.979, -0.157, 1.831, -0.244, -0.61, , , , , , , 98.893, 7.147, 11.014, 0.000, 0.000, 0.000, 26.1, 0.65317, 0.74872, 0.11017, 0.02332, 410, 100,
 11:50:16.596,d2:03:b8:43:8d:44, 2015-01-01 00:05:11.000, -0.121, 0.978, -0.152, 2.075, -0.488, -0.61, , , , , , , 98.91, 7.152, 11.014, 0.000, 0.000, 0.000, 26.1, 0.65317, 0.74872, 0.11017, 0.02332, 410, 100,
 11:50:16.597,d2:03:b8:43:8d:44, 2015-01-01 00:05:11.000, -0.127, 0.978, -0.154, 2.441, 0.793, -1.221, , , , , , , 98.932, 7.163, 11.014, 0.000, 0.000, 0.000, 26.1, 0.65317, 0.74872, 0.11017, 0.02332, 410, 100,
 11:50:16.597,d2:03:b8:43:8d:44, 2015-01-01 00:05:11.000, -0.133, 0.976, -0.151, 2.991, 0.61, -1.953, , , , , , , 98.965, 7.18, 11.025, 0.000, 0.000, 0.000, 26.1, 0.65317, 0.74872, 0.11017, 0.02332, 410, 100,
 11:50:16.597,d2:03:b8:43:8d:44, 2015-01-01 00:05:11.000, -0.132, 0.979, -0.154, 3.418, 0.427, -1.404, , , , , , , 98.998, 7.196, 11.03, 0.000, 0.000, 0.000, 26.1, 0.65317, 0.74872, 0.11017, 0.02332, 410, 100,
 11:50:16.757,d2:03:b8:43:8d:44, 2015-01-01 00:05:11.000, -0.124, 0.979, -0.155, 3.357, 0.549, 0, , , , , , , 99.031, 7.202, 11.036, 0.000, 0.000, 0.000, 26.1, 0.65317, 0.74872, 0.11017, 0.02332, 410, 100,
 11:50:16.985,d2:03:b8:43:8d:44, 2015-01-01 00:05:11.000, -0.129, 0.976, -0.156, 3.54, 1.099, -0.549, , , , , , , 99.064, 7.202, 11.041, 0.000, 0.000, 0.000, 26.1, 0.64575, 0.75488, 0.11307, 0.01614, 410, 100,
 11:50:17.154,d2:03:b8:43:8d:44, 2015-01-01 00:05:11.445, -0.132, 0.976, -0.155, 4.028, 0.671, -0.854, , , , , , , 99.102, 7.207, 11.052, 0.000, 0.000, 0.000, 26.1, 0.64575, 0.75488, 0.11307, 0.01614, 410, 100,
 11:50:17.155,d2:03:b8:43:8d:44, 2015-01-01 00:05:11.445, -0.134, 0.976, -0.153, 4.639, 0.671, -0.61, , , , , , , 99.146, 7.213, 11.058, 0.000, 0.000, 0.000, 26.1, 0.66684, 0.73639, 0.11362, 0.00482, 410, 100,
 11:50:17.155,d2:03:b8:43:8d:44, 2015-01-01 00:05:11.445, -0.13, 0.976, -0.153, 5.737, -0.183, -0.122, , , , , , , 99.201, 7.218, 11.058, 0.000, 0.000, 0.000, 26.1, 0.66684, 0.73639, 0.11362, 0.00482, 410, 100,
 11:50:17.156,d2:03:b8:43:8d:44, 2015-01-01 00:05:11.445, -0.129, 0.979, -0.16, 6.104, 0.793, 1.099, , , , , , , 99.261, 7.213, 11.058, 0.000, 0.000, 0.000, 26.1, 0.66684, 0.73639, 0.11362, 0.00482, 410, 100,
 11:50:17.199,d2:03:b8:43:8d:44, 2015-01-01 00:05:11.445, -0.134, 0.977, -0.158, 6.592, 1.038, 1.587, , , , , , , 99.322, 7.196, 11.063, 0.000, 0.000, 0.000, 26.1, 0.66684, 0.73639, 0.11362, 0.00482, 410, 100,
 11:50:17.435,d2:03:b8:43:8d:44, 2015-01-01 00:05:11.865, -0.127, 0.977, -0.158, 7.568, 0.732, 2.319, , , , , , , 99.393, 7.18, 11.069, 0.000, 0.000, 0.000, 26.1, 0.66684, 0.73639, 0.11362, 0.00482, 410, 100,
 11:50:17.519,d2:03:b8:43:8d:44, 2015-01-01 00:05:11.865, -0.124, 0.978, -0.165, 7.874, 1.16, 3.662, , , , , , , 99.47, 7.147, 11.074, 0.000, 0.000, 0.000, 26.1, 0.66684, 0.73639, 0.11362, 0.00482, 410, 100,
 11:50:17.519,d2:03:b8:43:8d:44, 2015-01-01 00:05:11.865, -0.137, 0.976, -0.169, 7.385, 1.892, 3.296, , , , , , , 99.547, 7.108, 11.085, 0.000, 0.000, 0.000, 26.1, 0.66684, 0.73639, 0.11362, 0.00482, 410, 100,
 11:50:17.519,d2:03:b8:43:8d:44, 2015-01-01 00:05:11.865, -0.125, 0.973, -0.165, 7.141, -0.122, 3.54, , , , , , , 99.624, 7.075, 11.085, 0.000, 0.000, 0.000, 26.1, 0.66684, 0.73639, 0.11362, 0.00482, 410, 100,
 11:50:17.519,d2:03:b8:43:8d:44, 2015-01-01 00:05:11.865, -0.119, 0.977, -0.17, 6.897, -0.488, 4.517, , , , , , , 99.69, 7.037, 11.074, 0.000, 0.000, 0.000, 26.1, 0.66684, 0.73639, 0.11362, 0.00482, 410, 100,
 11:50:17.521,d2:03:b8:43:8d:44, 2015-01-01 00:05:11.865, -0.117, 0.974, -0.17, 6.775, 0, 3.601, , , , , , , 99.756, 6.993, 11.063, 0.000, 0.000, 0.000, 26.1, 0.66684, 0.73639, 0.11362, 0.00482, 410, 100,
 11:50:17.521,d2:03:b8:43:8d:44, 2015-01-01 00:05:11.865, -0.117, 0.975, -0.17, 6.836, 0.427, 1.953, , , , , , , 99.822, 6.971, 11.058, 0.000, 0.000, 0.000, 26.1, 0.66684, 0.73639, 0.11362, 0.00482, 410, 100,
 11:50:17.521,d2:03:b8:43:8d:44, 2015-01-01 00:05:11.865, -0.126, 0.976, -0.175, 6.47, 1.16, 1.404, , , , , , , 99.888, 6.954, 11.058, 0.000, 0.000, 0.000, 26.1, 0.66684, 0.73639, 0.11362, 0.00482, 410, 100,
 11:50:17.522,d2:03:b8:43:8d:44, 2015-01-01 00:05:11.865, -0.118, 0.977, -0.181, 5.249, 1.221, 2.014, , , , , , , 99.948, 6.932, 11.069, 0.000, 0.000, 0.000, 26.1, 0.66684, 0.73639, 0.11362, 0.00482, 410, 100,
 11:50:17.522,d2:03:b8:43:8d:44, 2015-01-01 00:05:11.865, -0.115, 0.976, -0.191, 2.319, 1.587, 2.93, , , , , , , 99.987, 6.905, 11.08, 0.000, 0.000, 0.000, 26.1, 0.66684, 0.73639, 0.11362, 0.00482, 410, 100,
 11:50:17.522,d2:03:b8:43:8d:44, 2015-01-01 00:05:11.865, -0.111, 0.975, -0.195, -1.404, 2.625, 2.747, , , , , , , 99.992, 6.877, 11.091, 0.000, 0.000, 0.000, 26.1, 0.66684, 0.73639, 0.11362, 0.00482, 410, 100,
 11:50:17.523,d2:03:b8:43:8d:44, 2015-01-01 00:05:11.865, -0.114, 0.975, -0.196, -5.493, 3.845, 3.113, , , , , , , 99.959, 6.839, 11.118, 0.000, 0.000, 0.000, 26.1, 0.66684, 0.73639, 0.11362, 0.00482, 410, 100,
 11:50:17.523,d2:03:b8:43:8d:44, 2015-01-01 00:05:11.865, -0.125, 0.976, -0.189, -8.728, 5.371, 2.075, , , , , , , 99.888, 6.806, 11.162, 0.000, 0.000, 0.000, 26.1, 0.66684, 0.73639, 0.11362, 0.00482, 410, 100,
 11:50:17.524,d2:03:b8:43:8d:44, 2015-01-01 00:05:11.865, -0.125, 0.977, -0.177, -10.254, 5.493, 3.052, , , , , , , 99.794, 6.773, 11.212, 0.000, 0.000, 0.000, 26.1, 0.66684, 0.73639, 0.11362, 0.00482, 410, 100,
 11:50:17.525,d2:03:b8:43:8d:44, 2015-01-01 00:05:11.865, -0.125, 0.977, -0.167, -10.498, 5.066, 4.089, , , , , , , 99.695, 6.729, 11.255, 0.000, 0.000, 0.000, 26.1, 0.66684, 0.73639, 0.11362, 0.00482, 410, 100,
 11:50:17.525,d2:03:b8:43:8d:44, 2015-01-01 00:05:11.865, -0.134, 0.976, -0.165, -10.193, 4.761, 4.639, , , , , , , 99.597, 6.68, 11.294, 0.000, 0.000, 0.000, 26.1, 0.66684, 0.73639, 0.11362, 0.00482, 410, 100,
 11:50:17.525,d2:03:b8:43:8d:44, 2015-01-01 00:05:11.865, -0.133, 0.978, -0.161, -9.888, 2.808, 6.042, , , , , , , 99.498, 6.619, 11.321, 0.000, 0.000, 0.000, 26.1, 0.66684, 0.73639, 0.11362, 0.00482, 410, 100,
 11:50:17.525,d2:03:b8:43:8d:44, 2015-01-01 00:05:11.865, -0.094, 0.977, -0.164, -10.254, 1.343, 7.751, , , , , , , 99.393, 6.548, 11.332, 0.000, 0.000, 0.000, 26.1, 0.66684, 0.73639, 0.11362, 0.00482, 410, 100,
 11:50:17.526,d2:03:b8:43:8d:44, 2015-01-01 00:05:11.865, -0.099, 0.981, -0.168, -11.047, 3.967, 8.057, , , , , , , 99.289, 6.46, 11.338, 0.000, 0.000, 0.000, 26.1, 0.66684, 0.73639, 0.11362, 0.00482, 410, 100,
 11:50:17.544,d2:03:b8:43:8d:44, 2015-01-01 00:05:11.865, -0.107, 0.971, -0.153, -10.193, 4.089, 3.174, , , , , , , 99.185, 6.4, 11.371, 0.000, 0.000, 0.000, 26.1, 0.66684, 0.73639, 0.11362, 0.00482, 410, 100,
 11:50:17.544,d2:03:b8:43:8d:44, 2015-01-01 00:05:11.865, -0.111, 0.979, -0.157, -9.766, 3.784, 1.77, , , , , , , 99.091, 6.378, 11.404, 0.000, 0.000, 0.000, 26.1, 0.66684, 0.73639, 0.11362, 0.00482, 410, 100,
 11:50:17.546,d2:03:b8:43:8d:44, 2015-01-01 00:05:11.865, -0.168, 0.978, -0.162, -10.681, 3.235, 1.282, , , , , , , 98.992, 6.35, 11.437, 0.000, 0.000, 0.000, 26.1, 0.66684, 0.73639, 0.11362, 0.00482, 410, 100,
 11:50:17.546,d2:03:b8:43:8d:44, 2015-01-01 00:05:11.865, -0.078, 0.969, -0.138, -9.827, -7.812, 1.282, , , , , , , 98.882, 6.35, 11.42, 0.000, 0.000, 0.000, 26.1, 0.66684, 0.73639, 0.11362, 0.00482, 410, 100,
 11:50:17.546,d2:03:b8:43:8d:44, 2015-01-01 00:05:11.865, -0.108, 0.99, -0.168, -11.902, 1.099, 4.7, , , , , , , 98.767, 6.312, 11.376, 0.000, 0.000, 0.000, 26.1, 0.66684, 0.73639, 0.11362, 0.00482, 410, 100,
 11:50:17.546,d2:03:b8:43:8d:44, 2015-01-01 00:05:11.865, -0.129, 0.972, -0.137, -9.46, -0.671, -1.404, , , , , , , 98.657, 6.301, 11.376, 0.000, 0.000, 0.000, 26.1, 0.66684, 0.73639, 0.11362, 0.00482, 410, 100,
 11:50:17.547,d2:03:b8:43:8d:44, 2015-01-01 00:05:11.865, -0.109, 0.984, -0.142, -7.751, -2.075, 1.099, , , , , , , 98.569, 6.312, 11.36, 0.000, 0.000, 0.000, 26.1, 0.66684, 0.73639, 0.11362, 0.00482, 410, 100,
 11:50:17.547,d2:03:b8:43:8d:44, 2015-01-01 00:05:11.865, -0.104, 0.986, -0.15, -7.629, -0.183, 3.845, , , , , , , 98.492, 6.284, 11.343, 0.000, 0.000, 0.000, 26.1, 0.66684, 0.73639, 0.11362, 0.00482, 410, 100,
 11:50:17.548,d2:03:b8:43:8d:44, 2015-01-01 00:05:11.865, -0.105, 0.978, -0.144, -7.141, 0.427, 1.831, , , , , , , 98.416, 6.251, 11.338, 0.000, 0.000, 0.000, 26.1, 0.66684, 0.73639, 0.11362, 0.00482, 410, 100,
 11:50:17.548,d2:03:b8:43:8d:44, 2015-01-01 00:05:11.865, -0.112, 0.98, -0.142, -6.47, 0, -0.061, , , , , , , 98.35, 6.246, 11.338, 0.000, 0.000, 0.000, 26.1, 0.66684, 0.73639, 0.11362, 0.00482, 410, 100,
 11:50:17.548,d2:03:b8:43:8d:44, 2015-01-01 00:05:11.865, -0.102, 0.982, -0.144, -6.165, 0.244, -0.061, , , , , , , 98.284, 6.251, 11.338, 0.000, 0.000, 0.000, 26.1, 0.66684, 0.73639, 0.11362, 0.00482, 410, 100,
 11:50:17.549,d2:03:b8:43:8d:44, 2015-01-01 00:05:11.865, -0.105, 0.981, -0.14, -5.798, 0.122, -0.427, , , , , , , 98.223, 6.251, 11.338, 0.000, 0.000, 0.000, 26.1, 0.66684, 0.73639, 0.11362, 0.00482, 410, 100,
 11:50:17.549,d2:03:b8:43:8d:44, 2015-01-01 00:05:11.865, -0.11, 0.977, -0.138, -5.005, -0.366, -3.662, , , , , , , 98.168, 6.273, 11.343, 0.000, 0.000, 0.000, 26.1, 0.66684, 0.73639, 0.11362, 0.00482, 410, 100,
 11:50:17.549,d2:03:b8:43:8d:44, 2015-01-01 00:05:11.865, -0.116, 0.982, -0.142, -5.005, -0.488, -3.601, , , , , , , 98.119, 6.312, 11.338, 0.000, 0.000, 0.000, 26.1, 0.66623, 0.73691, 0.11398, 0.00507, 410, 100,
 11:50:17.550,d2:03:b8:43:8d:44, 2015-01-01 00:05:11.865, -0.114, 0.982, -0.138, -4.639, 0.244, -2.991, , , , , , , 98.069, 6.345, 11.343, 0.000, 0.000, 0.000, 26.1, 0.66623, 0.73691, 0.11398, 0.00507, 410, 100,
 11:50:17.550,d2:03:b8:43:8d:44, 2015-01-01 00:05:11.865, -0.109, 0.979, -0.127, -3.235, -0.305, -2.502, , , , , , , 98.031, 6.372, 11.349, 0.000, 0.000, 0.000, 26.1, 0.66623, 0.73691, 0.11398, 0.00507, 410, 100,
 11:50:17.551,d2:03:b8:43:8d:44, 2015-01-01 00:05:11.865, -0.124, 0.979, -0.128, -1.099, -0.366, -4.395, , , , , , , 98.009, 6.411, 11.343, 0.000, 0.000, 0.000, 26.1, 0.66623, 0.73691, 0.11398, 0.00507, 410, 100,
 11:50:17.551,d2:03:b8:43:8d:44, 2015-01-01 00:05:11.865, -0.121, 0.982, -0.129, 0.732, -0.854, -3.662, , , , , , , 98.009, 6.449, 11.343, 0.000, 0.000, 0.000, 26.1, 0.66623, 0.73691, 0.11398, 0.00507, 410, 100,
 11:50:17.551,d2:03:b8:43:8d:44, 2015-01-01 00:05:11.865, -0.111, 0.983, -0.136, 1.343, -0.732, -2.014, , , , , , , 98.015, 6.482, 11.338, 0.000, 0.000, 0.000, 26.1, 0.66623, 0.73691, 0.11398, 0.00507, 410, 100,
 11:50:17.552,d2:03:b8:43:8d:44, 2015-01-01 00:05:11.865, -0.112, 0.981, -0.139, 1.404, -0.793, -2.136, , , , , , , 98.031, 6.498, 11.332, 0.000, 0.000, 0.000, 26.1, 0.66623, 0.73691, 0.11398, 0.00507, 410, 100,
 11:50:17.553,d2:03:b8:43:8d:44, 2015-01-01 00:05:11.865, -0.123, 0.979, -0.138, 1.77, -0.61, -4.089, , , , , , , 98.047, 6.531, 11.327, 0.000, 0.000, 0.000, 26.1, 0.66623, 0.73691, 0.11398, 0.00507, 410, 100,
 11:50:17.553,d2:03:b8:43:8d:44, 2015-01-01 00:05:11.865, -0.133, 0.98, -0.132, 2.869, -1.77, -3.662, , , , , , , 98.064, 6.575, 11.321, 0.000, 0.000, 0.000, 26.1, 0.66623, 0.73691, 0.11398, 0.00507, 410, 100,
 11:50:17.553,d2:03:b8:43:8d:44, 2015-01-01 00:05:11.865, -0.136, 0.984, -0.143, 2.808, -3.54, -2.441, , , , , , , 98.097, 6.614, 11.299, 0.000, 0.000, 0.000, 26.1, 0.66623, 0.73691, 0.11398, 0.00507, 410, 100,
 11:50:17.553,d2:03:b8:43:8d:44, 2015-01-01 00:05:11.865, -0.123, 0.989, -0.162, -0.854, -5.615, 2.869, , , , , , , 98.097, 6.619, 11.245, 0.000, 0.000, 0.000, 26.1, 0.66623, 0.73691, 0.11398, 0.00507, 410, 100,
 11:50:17.554,d2:03:b8:43:8d:44, 2015-01-01 00:05:11.865, -0.097, 0.987, -0.157, -3.906, -6.775, 4.883, , , , , , , 98.064, 6.586, 11.173, 0.000, 0.000, 0.000, 26.1, 0.66623, 0.73691, 0.11398, 0.00507, 410, 100,
 11:50:17.554,d2:03:b8:43:8d:44, 2015-01-01 00:05:11.865, -0.108, 0.977, -0.14, -4.7, -6.042, 1.343, , , , , , , 98.009, 6.559, 11.107, 0.000, 0.000, 0.000, 26.1, 0.66623, 0.73691, 0.11398, 0.00507, 410, 100,
 11:50:17.555,d2:03:b8:43:8d:44, 2015-01-01 00:05:11.865, -0.117, 0.985, -0.146, -5.432, -6.592, -1.709, , , , , , , 97.954, 6.581, 11.041, 0.000, 0.000, 0.000, 26.1, 0.66623, 0.73691, 0.11398, 0.00507, 410, 100,
 11:50:17.555,d2:03:b8:43:8d:44, 2015-01-01 00:05:11.865, -0.096, 0.988, -0.147, -7.324, -5.676, 0.061, , , , , , , 97.877, 6.597, 10.975, 0.000, 0.000, 0.000, 26.1, 0.66623, 0.73691, 0.11398, 0.00507, 410, 100,
 11:50:17.555,d2:03:b8:43:8d:44, 2015-01-01 00:05:11.865, -0.098, 0.981, -0.14, -8.179, -4.517, -1.831, , , , , , , 97.795, 6.608, 10.926, 0.000, 0.000, 0.000, 26.1, 0.66623, 0.73691, 0.11398, 0.00507, 410, 100,
 11:50:17.555,d2:03:b8:43:8d:44, 2015-01-01 00:05:11.865, -0.114, 0.979, -0.134, -7.996, -2.625, -6.409, , , , , , , 97.707, 6.658, 10.898, 0.000, 0.000, 0.000, 26.1, 0.66623, 0.73691, 0.11398, 0.00507, 410, 100,
 11:50:17.555,d2:03:b8:43:8d:44, 2015-01-01 00:05:11.865, -0.127, 0.982, -0.128, -7.324, -1.953, -7.507, , , , , , , 97.63, 6.735, 10.882, 0.000, 0.000, 0.000, 26.1, 0.66623, 0.73691, 0.11398, 0.00507, 410, 100,
 11:50:17.556,d2:03:b8:43:8d:44, 2015-01-01 00:05:11.865, -0.111, 0.978, -0.119, -5.859, -1.831, -7.141, , , , , , , 97.559, 6.806, 10.876, 0.000, 0.000, 0.000, 26.1, 0.66623, 0.73691, 0.11398, 0.00507, 410, 100,
 11:50:17.556,d2:03:b8:43:8d:44, 2015-01-01 00:05:11.865, -0.148, 0.979, -0.115, -2.808, 0.732, -7.385, , , , , , , 97.515, 6.883, 10.876, 0.000, 0.000, 0.000, 26.1, 0.66623, 0.73691, 0.11398, 0.00507, 410, 100,
 11:50:17.556,d2:03:b8:43:8d:44, 2015-01-01 00:05:11.865, -0.157, 0.974, -0.104, 1.648, -1.099, -7.507, , , , , , , 97.509, 6.96, 10.882, 0.000, 0.000, 0.000, 26.1, 0.66623, 0.73691, 0.11398, 0.00507, 410, 100,
 11:50:17.557,d2:03:b8:43:8d:44, 2015-01-01 00:05:11.865, -0.154, 0.979, -0.1, 6.287, -2.563, -1.831, , , , , , , 97.553, 7.004, 10.871, 0.000, 0.000, 0.000, 26.1, 0.66623, 0.73691, 0.11398, 0.00507, 410, 100,
 11:50:17.557,d2:03:b8:43:8d:44, 2015-01-01 00:05:11.865, -0.129, 0.974, -0.109, 10.498, -6.714, 0.366, , , , , , , 97.63, 7.02, 10.822, 0.000, 0.000, 0.000, 26.1, 0.66623, 0.73691, 0.11398, 0.00507, 410, 100,
 11:50:17.557,d2:03:b8:43:8d:44, 2015-01-01 00:05:11.865, -0.119, 0.985, -0.125, 12.268, -5.31, 4.15, , , , , , , 97.74, 7.004, 10.75, 0.000, 0.000, 0.000, 26.1, 0.66623, 0.73691, 0.11398, 0.00507, 410, 100,
 11:50:17.558,d2:03:b8:43:8d:44, 2015-01-01 00:05:11.865, -0.124, 0.977, -0.121, 14.648, -3.906, 2.686, , , , , , , 97.866, 6.971, 10.701, 0.000, 0.000, 0.000, 26.1, 0.66623, 0.73691, 0.11398, 0.00507, 410, 100,
 11:50:17.574,d2:03:b8:43:8d:44, 2015-01-01 00:05:11.865, -0.101, 0.983, -0.128, 16.724, -2.93, 2.136, , , , , , , 98.02, 6.954, 10.662, 0.000, 0.000, 0.000, 26.1, 0.66623, 0.73691, 0.11398, 0.00507, 410, 100,
 11:50:17.574,d2:03:b8:43:8d:44, 2015-01-01 00:05:11.865, -0.089, 0.988, -0.161, 15.137, 0.916, 2.625, , , , , , , 98.185, 6.932, 10.646, 0.000, 0.000, 0.000, 26.1, 0.66623, 0.73691, 0.11398, 0.00507, 410, 100,
 11:50:17.733,d2:03:b8:43:8d:44, 2015-01-01 00:05:11.865, -0.116, 0.982, -0.178, 9.583, 2.075, -2.625, , , , , , , 98.306, 6.927, 10.662, 0.000, 0.000, 0.000, 26.1, 0.66623, 0.73691, 0.11398, 0.00507, 410, 100,
 11:50:18.032,d2:03:b8:43:8d:44, 2015-01-01 00:05:12.280, -0.162, 0.978, -0.146, 8.362, 4.7, -7.202, , , , , , , 98.394, 6.982, 10.706, 0.000, 0.000, 0.000, 26.1, 0.66623, 0.73691, 0.11398, 0.00507, 410, 100,
 11:50:18.212,d2:03:b8:43:8d:44, 2015-01-01 00:05:12.280, -0.162, 0.98, -0.125, 10.986, -0.305, -3.235, , , , , , , 98.492, 7.031, 10.734, 0.000, 0.000, 0.000, 26.1, 0.66623, 0.73691, 0.11398, 0.00507, 410, 100,
 11:50:18.212,d2:03:b8:43:8d:44, 2015-01-01 00:05:12.815, -0.092, 0.985, -0.146, 12.268, -2.38, 2.808, , , , , , , 98.613, 7.037, 10.712, 0.000, 0.000, 0.000, 26.1, 0.65671, 0.74399, 0.12296, 0.00012, 410, 100,
 11:50:18.213,d2:03:b8:43:8d:44, 2015-01-01 00:05:12.815, -0.083, 0.987, -0.16, 10.681, 4.089, 5.981, , , , , , , 98.723, 6.976, 10.717, 0.000, 0.000, 0.000, 26.1, 0.65671, 0.74399, 0.12296, 0.00012, 410, 100,
 11:50:18.213,d2:03:b8:43:8d:44, 2015-01-01 00:05:12.815, -0.061, 0.961, -0.143, 13.916, 6.165, -5.249, , , , , , , 98.855, 6.976, 10.761, 0.000, 0.000, 0.000, 26.1, 0.65671, 0.74399, 0.12296, 0.00012, 410, 100,
 11:50:18.214,d2:03:b8:43:8d:44, 2015-01-01 00:05:12.815, -0.1, 0.988, -0.183, 10.864, 19.592, -8.423, , , , , , , 98.998, 7.02, 10.909, 0.000, 0.000, 0.000, 26.1, 0.65671, 0.74399, 0.12296, 0.00012, 410, 100,
 11:50:18.214,d2:03:b8:43:8d:44, 2015-01-01 00:05:12.815, -0.196, 0.961, -0.153, 11.719, 17.822, -20.081, , , , , , , 99.135, 7.141, 11.124, 0.000, 0.000, 0.000, 26.1, 0.65671, 0.74399, 0.12296, 0.00012, 410, 100,
 11:50:18.214,d2:03:b8:43:8d:44, 2015-01-01 00:05:12.815, -0.196, 0.981, -0.155, 10.498, 12.329, -14.832, , , , , , , 99.267, 7.3, 11.316, 0.000, 0.000, 0.000, 26.1, 0.65671, 0.74399, 0.12296, 0.00012, 410, 100,
 11:50:18.215,d2:03:b8:43:8d:44, 2015-01-01 00:05:12.815, -0.163, 0.994, -0.17, 7.751, 1.526, 2.075, , , , , , , 99.366, 7.35, 11.371, 0.000, 0.000, 0.000, 26.1, 0.65671, 0.74399, 0.12296, 0.00012, 410, 100,
 11:50:18.215,d2:03:b8:43:8d:44, 2015-01-01 00:05:12.815, -0.165, 0.975, -0.16, 7.08, -4.883, 5.676, , , , , , , 99.437, 7.306, 11.338, 0.000, 0.000, 0.000, 26.1, 0.65671, 0.74399, 0.12296, 0.00012, 410, 100,
 11:50:18.216,d2:03:b8:43:8d:44, 2015-01-01 00:05:12.815, -0.139, 0.985, -0.166, 6.165, -5.371, 13.184, , , , , , , 99.492, 7.224, 11.272, 0.000, 0.000, 0.000, 26.1, 0.65671, 0.74399, 0.12296, 0.00012, 410, 100,
 11:50:18.216,d2:03:b8:43:8d:44, 2015-01-01 00:05:12.815, -0.11, 0.98, -0.149, 8.301, -6.836, 18.372, , , , , , , 99.553, 7.07, 11.179, 0.000, 0.000, 0.000, 26.1, 0.65671, 0.74399, 0.12296, 0.00012, 410, 100,
 11:50:18.217,d2:03:b8:43:8d:44, 2015-01-01 00:05:12.815, -0.078, 0.974, -0.168, 9.766, -4.272, 16.846, , , , , , , 99.635, 6.905, 11.085, 0.000, 0.000, 0.000, 26.1, 0.65671, 0.74399, 0.12296, 0.00012, 410, 100,
 11:50:18.217,d2:03:b8:43:8d:44, 2015-01-01 00:05:12.815, -0.101, 0.977, -0.193, 6.348, 0.305, 12.939, , , , , , , 99.712, 6.757, 11.047, 0.000, 0.000, 0.000, 26.1, 0.65671, 0.74399, 0.12296, 0.00012, 410, 100,
 11:50:18.218,d2:03:b8:43:8d:44, 2015-01-01 00:05:12.815, -0.137, 0.972, -0.2, 1.038, 0.427, 5.859, , , , , , , 99.745, 6.674, 11.03, 0.000, 0.000, 0.000, 26.1, 0.65671, 0.74399, 0.12296, 0.00012, 410, 100,
 11:50:18.218,d2:03:b8:43:8d:44, 2015-01-01 00:05:12.815, -0.119, 0.974, -0.182, -2.808, -2.136, 8.179, , , , , , , 99.728, 6.614, 11.014, 0.000, 0.000, 0.000, 26.1, 0.65671, 0.74399, 0.12296, 0.00012, 410, 100,
 11:50:18.218,d2:03:b8:43:8d:44, 2015-01-01 00:05:12.815, -0.137, 0.972, -0.143, -1.282, -6.714, 4.578, , , , , , , 99.69, 6.553, 10.959, 0.000, 0.000, 0.000, 26.1, 0.65671, 0.74399, 0.12296, 0.00012, 410, 100,
 11:50:18.219,d2:03:b8:43:8d:44, 2015-01-01 00:05:12.815, -0.139, 0.967, -0.116, 5.981, -15.808, 2.747, , , , , , , 99.706, 6.542, 10.838, 0.000, 0.000, 0.000, 26.1, 0.65671, 0.74399, 0.12296, 0.00012, 410, 100,
 11:50:18.219,d2:03:b8:43:8d:44, 2015-01-01 00:05:12.815, -0.09, 0.964, -0.118, 14.16, -26.428, 4.7, , , , , , , 99.783, 6.548, 10.607, 0.000, 0.000, 0.000, 26.1, 0.65671, 0.74399, 0.12296, 0.00012, 410, 100,
 11:50:18.220,d2:03:b8:43:8d:44, 2015-01-01 00:05:12.815, -0.019, 0.97, -0.179, 14.954, -22.156, 4.028, , , , , , , 99.904, 6.537, 10.355, 0.000, 0.000, 0.000, 26.1, 0.65671, 0.74399, 0.12296, 0.00012, 410, 100,
 11:50:18.220,d2:03:b8:43:8d:44, 2015-01-01 00:05:12.815, -0.059, 0.96, -0.211, 11.475, -11.414, -13.062, , , , , , , 100.02, 6.608, 10.195, 0.000, 0.000, 0.000, 26.1, 0.65671, 0.74399, 0.12296, 0.00012, 410, 100,
 11:50:18.221,d2:03:b8:43:8d:44, 2015-01-01 00:05:12.815, -0.129, 0.968, -0.181, 10.864, -9.155, -27.466, , , , , , , 100.124, 6.85, 10.135, 0.000, 0.000, 0.000, 26.1, 0.65671, 0.74399, 0.12296, 0.00012, 410, 100,
 11:50:18.221,d2:03:b8:43:8d:44, 2015-01-01 00:05:12.815, -0.127, 0.977, -0.194, 7.629, -5.066, -27.893, , , , , , , 100.212, 7.136, 10.118, 0.000, 0.000, 0.000, 26.1, 0.65671, 0.74399, 0.12296, 0.00012, 410, 100,
 11:50:18.221,d2:03:b8:43:8d:44, 2015-01-01 00:05:12.815, -0.141, 0.986, -0.192, 4.395, -5.554, -21.79, , , , , , , 100.267, 7.394, 10.113, 0.000, 0.000, 0.000, 26.1, 0.65671, 0.74399, 0.12296, 0.00012, 410, 100,
 11:50:18.222,d2:03:b8:43:8d:44, 2015-01-01 00:05:12.815, -0.144, 0.973, -0.184, 1.343, -10.437, -20.569, , , , , , , 100.289, 7.608, 10.08, 0.000, 0.000, 0.000, 26.1, 0.65671, 0.74399, 0.12296, 0.00012, 410, 100,
 11:50:18.222,d2:03:b8:43:8d:44, 2015-01-01 00:05:12.815, -0.154, 0.969, -0.215, -3.479, -4.028, -20.325, , , , , , , 100.267, 7.817, 10.031, 0.000, 0.000, 0.000, 26.1, 0.65671, 0.74399, 0.12296, 0.00012, 410, 100,
 11:50:18.223,d2:03:b8:43:8d:44, 2015-01-01 00:05:12.815, -0.15, 0.978, -0.198, -7.141, 4.883, -17.029, , , , , , , 100.217, 8.004, 10.091, 0.000, 0.000, 0.000, 26.1, 0.65671, 0.74399, 0.12296, 0.00012, 410, 100,
 11:50:18.223,d2:03:b8:43:8d:44, 2015-01-01 00:05:12.815, -0.158, 0.973, -0.181, -8.728, 3.296, -13.367, , , , , , , 100.14, 8.135, 10.151, 0.000, 0.000, 0.000, 26.1, 0.65671, 0.74399, 0.12296, 0.00012, 410, 100,
 11:50:18.224,d2:03:b8:43:8d:44, 2015-01-01 00:05:12.815, -0.177, 0.971, -0.178, -9.155, 3.723, -13.184, , , , , , , 100.058, 8.267, 10.212, 0.000, 0.000, 0.000, 26.1, 0.65671, 0.74399, 0.12296, 0.00012, 410, 100,
 11:50:18.224,d2:03:b8:43:8d:44, 2015-01-01 00:05:12.815, -0.138, 0.978, -0.169, -7.935, -3.845, -5.859, , , , , , , 99.976, 8.361, 10.212, 0.000, 0.000, 0.000, 26.1, 0.65671, 0.74399, 0.12296, 0.00012, 410, 100,
 11:50:18.224,d2:03:b8:43:8d:44, 2015-01-01 00:05:12.815, -0.161, 0.969, -0.186, -10.376, 3.479, -7.08, , , , , , , 99.882, 8.41, 10.239, 0.000, 0.000, 0.000, 26.1, 0.65671, 0.74399, 0.12296, 0.00012, 410, 100,
 11:50:18.225,d2:03:b8:43:8d:44, 2015-01-01 00:05:12.815, -0.186, 0.975, -0.18, -11.841, 1.648, -7.324, , , , , , , 99.778, 8.487, 10.272, 0.000, 0.000, 0.000, 26.1, 0.65671, 0.74399, 0.12296, 0.00012, 410, 100,
 11:50:18.225,d2:03:b8:43:8d:44, 2015-01-01 00:05:12.815, -0.161, 0.981, -0.182, -14.526, 0.061, -0.61, , , , , , , 99.646, 8.525, 10.289, 0.000, 0.000, 0.000, 26.1, 0.65671, 0.74399, 0.12296, 0.00012, 410, 100,
 11:50:18.225,d2:03:b8:43:8d:44, 2015-01-01 00:05:12.815, -0.165, 0.976, -0.183, -17.883, 0.122, 4.089, , , , , , , 99.481, 8.503, 10.278, 0.000, 0.000, 0.000, 26.1, 0.65671, 0.74399, 0.12296, 0.00012, 410, 100,
 11:50:18.226,d2:03:b8:43:8d:44, 2015-01-01 00:05:12.815, -0.174, 0.979, -0.18, -21.301, 3.967, 6.714, , , , , , , 99.283, 8.448, 10.294, 0.000, 0.000, 0.000, 26.1, 0.65671, 0.74399, 0.12296, 0.00012, 410, 100,
 11:50:18.226,d2:03:b8:43:8d:44, 2015-01-01 00:05:12.815, -0.144, 0.976, -0.159, -22.522, 0, 11.047, , , , , , , 99.064, 8.355, 10.294, 0.000, 0.000, 0.000, 26.1, 0.65671, 0.74399, 0.12296, 0.00012, 410, 100,
 11:50:18.226,d2:03:b8:43:8d:44, 2015-01-01 00:05:12.815, -0.131, 0.975, -0.155, -23.132, -0.305, 11.414, , , , , , , 98.828, 8.24, 10.272, 0.000, 0.000, 0.000, 26.1, 0.65671, 0.74399, 0.12296, 0.00012, 410, 100,
 11:50:18.227,d2:03:b8:43:8d:44, 2015-01-01 00:05:12.815, -0.136, 0.971, -0.144, -22.461, -1.831, 6.958, , , , , , , 98.597, 8.146, 10.25, 0.000, 0.000, 0.000, 26.1, 0.65671, 0.74399, 0.12296, 0.00012, 410, 100,
 11:50:18.227,d2:03:b8:43:8d:44, 2015-01-01 00:05:12.815, -0.154, 0.98, -0.144, -21.667, -2.686, 3.113, , , , , , , 98.372, 8.108, 10.217, 0.000, 0.000, 0.000, 26.1, 0.65671, 0.74399, 0.12296, 0.00012, 410, 100,
 11:50:18.227,d2:03:b8:43:8d:44, 2015-01-01 00:05:12.815, -0.136, 0.98, -0.134, -20.813, -5.188, 3.235, , , , , , , 98.152, 8.086, 10.168, 0.000, 0.000, 0.000, 26.1, 0.65671, 0.74399, 0.12296, 0.00012, 410, 100,
 11:50:18.228,d2:03:b8:43:8d:44, 2015-01-01 00:05:12.815, -0.121, 0.983, -0.135, -19.836, -4.333, 4.028, , , , , , , 97.938, 8.053, 10.113, 0.000, 0.000, 0.000, 26.1, 0.65671, 0.74399, 0.12296, 0.00012, 410, 100,
 11:50:18.228,d2:03:b8:43:8d:44, 2015-01-01 00:05:12.815, -0.129, 0.976, -0.129, -18.494, -2.625, 1.221, , , , , , , 97.74, 8.031, 10.069, 0.000, 0.000, 0.000, 26.1, 0.65671, 0.74399, 0.12296, 0.00012, 410, 100,
 11:50:18.229,d2:03:b8:43:8d:44, 2015-01-01 00:05:12.815, -0.146, 0.977, -0.129, -17.09, -0.488, -2.502, , , , , , , 97.559, 8.047, 10.058, 0.000, 0.000, 0.000, 26.1, 0.65671, 0.74399, 0.12296, 0.00012, 410, 100,
 11:50:18.229,d2:03:b8:43:8d:44, 2015-01-01 00:05:12.815, -0.131, 0.978, -0.119, -15.869, -1.465, -1.709, , , , , , , 97.394, 8.069, 10.052, 0.000, 0.000, 0.000, 26.1, 0.65671, 0.74399, 0.12296, 0.00012, 410, 100,
 11:50:18.229,d2:03:b8:43:8d:44, 2015-01-01 00:05:12.815, -0.141, 0.974, -0.12, -14.771, -2.502, -5.554, , , , , , , 97.24, 8.108, 10.036, 0.000, 0.000, 0.000, 26.1, 0.65671, 0.74399, 0.12296, 0.00012, 410, 100,
 11:50:18.230,d2:03:b8:43:8d:44, 2015-01-01 00:05:12.815, -0.15, 0.979, -0.125, -14.343, -2.014, -7.629, , , , , , , 97.092, 8.179, 10.014, 0.000, 0.000, 0.000, 26.1, 0.65671, 0.74399, 0.12296, 0.00012, 410, 100,
 11:50:18.230,d2:03:b8:43:8d:44, 2015-01-01 00:05:12.815, -0.151, 0.986, -0.123, -14.16, -1.587, -5.737, , , , , , , 96.943, 8.251, 10.003, 0.000, 0.000, 0.000, 26.1, 0.65671, 0.74399, 0.12296, 0.00012, 410, 100,
 11:50:18.230,d2:03:b8:43:8d:44, 2015-01-01 00:05:12.815, -0.149, 0.985, -0.125, -14.893, 1.648, -3.479, , , , , , , 96.801, 8.295, 10.009, 0.000, 0.000, 0.000, 26.1, 0.65671, 0.74399, 0.12296, 0.00012, 410, 100,
 11:50:18.231,d2:03:b8:43:8d:44, 2015-01-01 00:05:12.815, -0.161, 0.981, -0.111, -14.099, 3.845, -1.099, , , , , , , 96.658, 8.311, 10.042, 0.000, 0.000, 0.000, 26.1, 0.65671, 0.74399, 0.12296, 0.00012, 410, 100,
 11:50:18.232,d2:03:b8:43:8d:44, 2015-01-01 00:05:12.815, -0.147, 0.977, -0.097, -11.353, 3.601, 0.183, , , , , , , 96.537, 8.317, 10.08, 0.000, 0.000, 0.000, 26.1, 0.65671, 0.74399, 0.12296, 0.00012, 410, 100,
 11:50:18.232,d2:03:b8:43:8d:44, 2015-01-01 00:05:12.815, -0.135, 0.976, -0.09, -7.996, 2.38, 0.793, , , , , , , 96.443, 8.3, 10.107, 0.000, 0.000, 0.000, 26.1, 0.65671, 0.74399, 0.12296, 0.00012, 410, 100,
 11:50:18.232,d2:03:b8:43:8d:44, 2015-01-01 00:05:12.815, -0.137, 0.972, -0.095, -4.883, 1.892, -2.808, , , , , , , 96.383, 8.311, 10.129, 0.000, 0.000, 0.000, 26.1, 0.65671, 0.74399, 0.12296, 0.00012, 410, 100,
 11:50:18.233,d2:03:b8:43:8d:44, 2015-01-01 00:05:12.815, -0.144, 0.976, -0.099, -2.991, 1.221, -5.737, , , , , , , 96.345, 8.355, 10.146, 0.000, 0.000, 0.000, 26.1, 0.65671, 0.74399, 0.12296, 0.00012, 410, 100,
 11:50:18.233,d2:03:b8:43:8d:44, 2015-01-01 00:05:12.815, -0.156, 0.976, -0.099, -1.099, 0.793, -7.935, , , , , , , 96.328, 8.427, 10.162, 0.000, 0.000, 0.000, 26.1, 0.65671, 0.74399, 0.12296, 0.00012, 410, 100,
 11:50:18.233,d2:03:b8:43:8d:44, 2015-01-01 00:05:12.815, -0.154, 0.979, -0.102, 0.061, 0, -8.057, , , , , , , 96.328, 8.509, 10.173, 0.000, 0.000, 0.000, 26.1, 0.65671, 0.74399, 0.12296, 0.00012, 410, 100,
 11:50:18.234,d2:03:b8:43:8d:44, 2015-01-01 00:05:12.815, -0.165, 0.981, -0.109, 0.244, 0.549, -7.202, , , , , , , 96.328, 8.58, 10.184, 0.000, 0.000, 0.000, 26.1, 0.65671, 0.74399, 0.12296, 0.00012, 410, 100,
 11:50:18.537,d2:03:b8:43:8d:44, 2015-01-01 00:05:12.815, -0.163, 0.983, -0.108, 0.488, 0.793, -5.249, , , , , , , 96.334, 8.646, 10.195, 0.000, 0.000, 0.000, 26.1, 0.65671, 0.74399, 0.12296, 0.00012, 410, 100,
 11:50:18.771,d2:03:b8:43:8d:44, 2015-01-01 00:05:12.815, -0.152, 0.984, -0.111, 0.549, 0.854, -2.625, , , , , , , 96.339, 8.679, 10.206, 0.000, 0.000, 0.000, 26.1, 0.65671, 0.74399, 0.12296, 0.00012, 410, 100,
 11:50:18.898,d2:03:b8:43:8d:44, 2015-01-01 00:05:13.265, -0.153, 0.979, -0.111, 0.427, 0.732, -3.113, , , , , , , 96.345, 8.707, 10.217, 0.000, 0.000, 0.000, 26.1, 0.66147, 0.7399, 0.12213, -0.00146, 410, 100,
 11:50:18.899,d2:03:b8:43:8d:44, 2015-01-01 00:05:13.265, -0.161, 0.981, -0.111, 0.427, 0.854, -3.906, , , , , , , 96.356, 8.745, 10.228, 0.000, 0.000, 0.000, 26.1, 0.66147, 0.7399, 0.12213, -0.00146, 410, 100,
 11:50:18.899,d2:03:b8:43:8d:44, 2015-01-01 00:05:13.265, -0.168, 0.982, -0.113, 0.244, 0.488, -3.662, , , , , , , 96.356, 8.784, 10.239, 0.000, 0.000, 0.000, 26.1, 0.66147, 0.7399, 0.12213, -0.00146, 410, 100,
 11:50:18.899,d2:03:b8:43:8d:44, 2015-01-01 00:05:13.265, -0.167, 0.985, -0.115, -0.183, 1.038, -1.221, , , , , , , 96.361, 8.806, 10.25, 0.000, 0.000, 0.000, 26.1, 0.66147, 0.7399, 0.12213, -0.00146, 410, 100,
 11:50:18.900,d2:03:b8:43:8d:44, 2015-01-01 00:05:13.265, -0.168, 0.981, -0.109, -0.244, 0.793, 1.282, , , , , , , 96.356, 8.806, 10.256, 0.000, 0.000, 0.000, 26.1, 0.66147, 0.7399, 0.12213, -0.00146, 410, 100,
 11:50:18.900,d2:03:b8:43:8d:44, 2015-01-01 00:05:13.265, -0.169, 0.978, -0.104, 0.671, 0.122, 1.892, , , , , , , 96.356, 8.784, 10.256, 0.000, 0.000, 0.000, 26.1, 0.66147, 0.7399, 0.12213, -0.00146, 410, 100,
 11:50:18.901,d2:03:b8:43:8d:44, 2015-01-01 00:05:13.265, -0.153, 0.98, -0.103, 1.709, -0.916, 4.211, , , , , , , 96.367, 8.756, 10.25, 0.000, 0.000, 0.000, 26.1, 0.66147, 0.7399, 0.12213, -0.00146, 410, 100,
 11:50:18.902,d2:03:b8:43:8d:44, 2015-01-01 00:05:13.265, -0.145, 0.979, -0.104, 2.625, -1.526, 4.028, , , , , , , 96.389, 8.712, 10.228, 0.000, 0.000, 0.000, 26.1, 0.66147, 0.7399, 0.12213, -0.00146, 410, 100,
 11:50:18.902,d2:03:b8:43:8d:44, 2015-01-01 00:05:13.265, -0.145, 0.978, -0.108, 3.296, -1.587, 1.892, , , , , , , 96.416, 8.69, 10.206, 0.000, 0.000, 0.000, 26.1, 0.66147, 0.7399, 0.12213, -0.00146, 410, 100,
 11:50:18.903,d2:03:b8:43:8d:44, 2015-01-01 00:05:13.265, -0.148, 0.982, -0.11, 3.54, 0, 1.465, , , , , , , 96.449, 8.674, 10.201, 0.000, 0.000, 0.000, 26.1, 0.66147, 0.7399, 0.12213, -0.00146, 410, 100,
 11:50:18.903,d2:03:b8:43:8d:44, 2015-01-01 00:05:13.265, -0.151, 0.982, -0.113, 3.601, 0.305, 1.099, , , , , , , 96.482, 8.663, 10.195, 0.000, 0.000, 0.000, 26.1, 0.66147, 0.7399, 0.12213, -0.00146, 410, 100,
 11:50:18.904,d2:03:b8:43:8d:44, 2015-01-01 00:05:13.265, -0.151, 0.982, -0.115, 3.174, 0.916, 0.488, , , , , , , 96.515, 8.652, 10.201, 0.000, 0.000, 0.000, 26.1, 0.66147, 0.7399, 0.12213, -0.00146, 410, 100,
 11:50:18.904,d2:03:b8:43:8d:44, 2015-01-01 00:05:13.265, -0.152, 0.979, -0.112, 2.93, 0.977, 0.305, , , , , , , 96.548, 8.646, 10.212, 0.000, 0.000, 0.000, 26.1, 0.66147, 0.7399, 0.12213, -0.00146, 410, 100,
 11:50:18.904,d2:03:b8:43:8d:44, 2015-01-01 00:05:13.265, -0.156, 0.977, -0.111, 3.296, -0.366, -1.221, , , , , , , 96.581, 8.652, 10.212, 0.000, 0.000, 0.000, 26.1, 0.66147, 0.7399, 0.12213, -0.00146, 410, 100,
 11:50:18.905,d2:03:b8:43:8d:44, 2015-01-01 00:05:13.265, -0.172, 0.982, -0.121, 2.686, -0.854, -2.441, , , , , , , 96.608, 8.674, 10.206, 0.000, 0.000, 0.000, 26.1, 0.66147, 0.7399, 0.12213, -0.00146, 410, 100,
 11:50:18.905,d2:03:b8:43:8d:44, 2015-01-01 00:05:13.265, -0.167, 0.987, -0.123, 1.404, -0.916, 0.671, , , , , , , 96.625, 8.685, 10.195, 0.000, 0.000, 0.000, 26.1, 0.66147, 0.7399, 0.12213, -0.00146, 410, 100,
 11:50:18.906,d2:03:b8:43:8d:44, 2015-01-01 00:05:13.265, -0.143, 0.985, -0.122, 0.305, -0.732, 4.578, , , , , , , 96.63, 8.657, 10.184, 0.000, 0.000, 0.000, 26.1, 0.66147, 0.7399, 0.12213, -0.00146, 410, 100,
 11:50:18.906,d2:03:b8:43:8d:44, 2015-01-01 00:05:13.265, -0.149, 0.983, -0.122, -0.671, 0.61, 4.7, , , , , , , 96.625, 8.608, 10.173, 0.000, 0.000, 0.000, 26.1, 0.66147, 0.7399, 0.12213, -0.00146, 410, 100,
 11:50:18.906,d2:03:b8:43:8d:44, 2015-01-01 00:05:13.265, -0.152, 0.981, -0.12, -1.221, 1.099, 3.235, , , , , , , 96.619, 8.569, 10.179, 0.000, 0.000, 0.000, 26.1, 0.66147, 0.7399, 0.12213, -0.00146, 410, 100,
 11:50:18.907,d2:03:b8:43:8d:44, 2015-01-01 00:05:13.265, -0.149, 0.984, -0.116, -1.648, 1.282, 4.15, , , , , , , 96.603, 8.531, 10.184, 0.000, 0.000, 0.000, 26.1, 0.66147, 0.7399, 0.12213, -0.00146, 410, 100,
 11:50:18.907,d2:03:b8:43:8d:44, 2015-01-01 00:05:13.265, -0.146, 0.979, -0.115, -1.648, 0.854, 3.54, , , , , , , 96.586, 8.492, 10.19, 0.000, 0.000, 0.000, 26.1, 0.66147, 0.7399, 0.12213, -0.00146, 410, 100,
 11:50:18.907,d2:03:b8:43:8d:44, 2015-01-01 00:05:13.265, -0.151, 0.981, -0.116, -2.014, 0.854, 2.258, , , , , , , 96.564, 8.465, 10.195, 0.000, 0.000, 0.000, 26.1, 0.66147, 0.7399, 0.12213, -0.00146, 410, 100,
 11:50:18.907,d2:03:b8:43:8d:44, 2015-01-01 00:05:13.265, -0.156, 0.981, -0.115, -2.441, 0.916, 2.258, , , , , , , 96.542, 8.443, 10.201, 0.000, 0.000, 0.000, 26.1, 0.66147, 0.7399, 0.12213, -0.00146, 410, 100,
 11:50:18.908,d2:03:b8:43:8d:44, 2015-01-01 00:05:13.265, -0.148, 0.982, -0.112, -2.747, 0.488, 3.052, , , , , , , 96.515, 8.416, 10.206, 0.000, 0.000, 0.000, 26.1, 0.66147, 0.7399, 0.12213, -0.00146, 410, 100,
 11:50:18.908,d2:03:b8:43:8d:44, 2015-01-01 00:05:13.265, -0.147, 0.982, -0.114, -2.991, 0.549, 3.54, , , , , , , 96.487, 8.383, 10.201, 0.000, 0.000, 0.000, 26.1, 0.66147, 0.7399, 0.12213, -0.00146, 410, 100,
 11:50:18.908,d2:03:b8:43:8d:44, 2015-01-01 00:05:13.265, -0.152, 0.979, -0.105, -2.075, 1.099, 3.174, , , , , , , 96.46, 8.344, 10.206, 0.000, 0.000, 0.000, 26.1, 0.66147, 0.7399, 0.12213, -0.00146, 410, 100,
 11:50:18.909,d2:03:b8:43:8d:44, 2015-01-01 00:05:13.265, -0.155, 0.981, -0.109, -1.526, 0.549, 3.235, , , , , , , 96.443, 8.311, 10.212, 0.000, 0.000, 0.000, 26.1, 0.66147, 0.7399, 0.12213, -0.00146, 410, 100,
 11:50:18.909,d2:03:b8:43:8d:44, 2015-01-01 00:05:13.265, -0.15, 0.985, -0.114, -1.892, 0.793, 4.639, , , , , , , 96.427, 8.273, 10.212, 0.000, 0.000, 0.000, 26.1, 0.66147, 0.7399, 0.12213, -0.00146, 410, 100,
 11:50:18.909,d2:03:b8:43:8d:44, 2015-01-01 00:05:13.265, -0.138, 0.983, -0.112, -2.136, 0.244, 5.615, , , , , , , 96.405, 8.223, 10.206, 0.000, 0.000, 0.000, 26.1, 0.66147, 0.7399, 0.12213, -0.00146, 410, 100,
 11:50:18.910,d2:03:b8:43:8d:44, 2015-01-01 00:05:13.265, -0.135, 0.98, -0.11, -1.953, -0.061, 4.028, , , , , , , 96.378, 8.174, 10.201, 0.000, 0.000, 0.000, 26.1, 0.66147, 0.7399, 0.12213, -0.00146, 410, 100,
 11:50:18.910,d2:03:b8:43:8d:44, 2015-01-01 00:05:13.265, -0.13, 0.981, -0.109, -1.648, 0.854, 3.174, , , , , , , 96.361, 8.141, 10.201, 0.000, 0.000, 0.000, 26.1, 0.66147, 0.7399, 0.12213, -0.00146, 410, 100,
 11:50:18.910,d2:03:b8:43:8d:44, 2015-01-01 00:05:13.265, -0.139, 0.978, -0.104, -0.61, 0.793, 1.038, , , , , , , 96.35, 8.113, 10.206, 0.000, 0.000, 0.000, 26.1, 0.66147, 0.7399, 0.12213, -0.00146, 410, 100,
 11:50:18.911,d2:03:b8:43:8d:44, 2015-01-01 00:05:13.265, -0.148, 0.977, -0.102, 0.916, 0.305, -2.258, , , , , , , 96.35, 8.124, 10.212, 0.000, 0.000, 0.000, 26.1, 0.66147, 0.7399, 0.12213, -0.00146, 410, 100,
 11:50:18.911,d2:03:b8:43:8d:44, 2015-01-01 00:05:13.265, -0.145, 0.982, -0.103, 2.075, -0.549, -2.136, , , , , , , 96.367, 8.146, 10.212, 0.000, 0.000, 0.000, 26.1, 0.66147, 0.7399, 0.12213, -0.00146, 410, 100,
 11:50:18.911,d2:03:b8:43:8d:44, 2015-01-01 00:05:13.265, -0.143, 0.98, -0.107, 2.686, -0.977, -2.319, , , , , , , 96.389, 8.174, 10.201, 0.000, 0.000, 0.000, 26.1, 0.66147, 0.7399, 0.12213, -0.00146, 410, 100,
 11:50:18.911,d2:03:b8:43:8d:44, 2015-01-01 00:05:13.265, -0.14, 0.98, -0.106, 3.418, -1.465, -3.479, , , , , , , 96.416, 8.201, 10.195, 0.000, 0.000, 0.000, 26.1, 0.66147, 0.7399, 0.12213, -0.00146, 410, 100,
 11:50:18.912,d2:03:b8:43:8d:44, 2015-01-01 00:05:13.265, -0.127, 0.978, -0.104, 4.639, -1.831, -4.456, , , , , , , 96.454, 8.245, 10.179, 0.000, 0.000, 0.000, 26.1, 0.66147, 0.7399, 0.12213, -0.00146, 410, 100,
 11:50:18.912,d2:03:b8:43:8d:44, 2015-01-01 00:05:13.265, -0.145, 0.981, -0.11, 5.127, -0.183, -6.531, , , , , , , 96.504, 8.3, 10.173, 0.000, 0.000, 0.000, 26.1, 0.66147, 0.7399, 0.12213, -0.00146, 410, 100,
 11:50:18.912,d2:03:b8:43:8d:44, 2015-01-01 00:05:13.265, -0.153, 0.979, -0.108, 6.042, 0, -8.423, , , , , , , 96.564, 8.377, 10.179, 0.000, 0.000, 0.000, 26.1, 0.66147, 0.7399, 0.12213, -0.00146, 410, 100,
 11:50:19.050,d2:03:b8:43:8d:44, 2015-01-01 00:05:13.265, -0.156, 0.981, -0.109, 7.08, 0, -7.935, , , , , , , 96.63, 8.459, 10.19, 0.000, 0.000, 0.000, 26.1, 0.66147, 0.7399, 0.12213, -0.00146, 410, 100,
 11:50:19.302,d2:03:b8:43:8d:44, 2015-01-01 00:05:13.265, -0.16, 0.98, -0.113, 7.629, 0.183, -7.141, , , , , , , 96.702, 8.536, 10.195, 0.000, 0.000, 0.000, 26.1, 0.6539, 0.74713, 0.11871, 0.00302, 410, 100,
 11:50:19.534,d2:03:b8:43:8d:44, 2015-01-01 00:05:13.710, -0.161, 0.982, -0.116, 7.751, 0.366, -5.676, , , , , , , 96.784, 8.602, 10.206, 0.000, 0.000, 0.000, 26.1, 0.6539, 0.74713, 0.11871, 0.00302, 410, 100,
 11:50:19.577,d2:03:b8:43:8d:44, 2015-01-01 00:05:14.160, -0.155, 0.98, -0.117, 7.874, 0.061, -4.395, , , , , , , 96.861, 8.652, 10.212, 0.000, 0.000, 0.000, 26.1, 0.64856, 0.75186, 0.11813, 0.00146, 410, 100,
 11:50:19.595,d2:03:b8:43:8d:44, 2015-01-01 00:05:14.160, -0.151, 0.98, -0.12, 7.996, -0.061, -4.028, , , , , , , 96.938, 8.69, 10.217, 0.000, 0.000, 0.000, 26.1, 0.64856, 0.75186, 0.11813, 0.00146, 410, 100,
 11:50:19.596,d2:03:b8:43:8d:44, 2015-01-01 00:05:14.160, -0.159, 0.98, -0.124, 7.69, 0.427, -4.761, , , , , , , 97.02, 8.734, 10.223, 0.000, 0.000, 0.000, 26.1, 0.64856, 0.75186, 0.11813, 0.00146, 410, 100,
 11:50:19.596,d2:03:b8:43:8d:44, 2015-01-01 00:05:14.160, -0.154, 0.982, -0.128, 7.019, 0.61, -4.517, , , , , , , 97.092, 8.784, 10.234, 0.000, 0.000, 0.000, 26.1, 0.64856, 0.75186, 0.11813, 0.00146, 410, 100,
 11:50:19.596,d2:03:b8:43:8d:44, 2015-01-01 00:05:14.160, -0.159, 0.981, -0.127, 6.592, 1.465, -3.357, , , , , , , 97.163, 8.822, 10.245, 0.000, 0.000, 0.000, 26.1, 0.64856, 0.75186, 0.11813, 0.00146, 410, 100,
 11:50:19.596,d2:03:b8:43:8d:44, 2015-01-01 00:05:14.160, -0.161, 0.978, -0.125, 6.653, 1.282, -3.662, , , , , , , 97.229, 8.855, 10.261, 0.000, 0.000, 0.000, 26.1, 0.64856, 0.75186, 0.11813, 0.00146, 410, 100,
 11:50:19.596,d2:03:b8:43:8d:44, 2015-01-01 00:05:14.160, -0.153, 0.979, -0.125, 6.714, 2.197, -2.625, , , , , , , 97.3, 8.882, 10.283, 0.000, 0.000, 0.000, 26.1, 0.64856, 0.75186, 0.11813, 0.00146, 410, 100,
 11:50:19.597,d2:03:b8:43:8d:44, 2015-01-01 00:05:14.160, -0.153, 0.978, -0.127, 7.202, 3.357, -2.686, , , , , , , 97.377, 8.91, 10.316, 0.000, 0.000, 0.000, 26.1, 0.64856, 0.75186, 0.11813, 0.00146, 410, 100,
 11:50:19.597,d2:03:b8:43:8d:44, 2015-01-01 00:05:14.160, -0.155, 0.975, -0.124, 7.629, 4.089, -4.456, , , , , , , 97.454, 8.937, 10.36, 0.000, 0.000, 0.000, 26.1, 0.64856, 0.75186, 0.11813, 0.00146, 410, 100,
 11:50:19.597,d2:03:b8:43:8d:44, 2015-01-01 00:05:14.160, -0.157, 0.978, -0.128, 8.057, 2.563, -5.371, , , , , , , 97.542, 8.987, 10.393, 0.000, 0.000, 0.000, 26.1, 0.64856, 0.75186, 0.11813, 0.00146, 410, 100,
 11:50:19.597,d2:03:b8:43:8d:44, 2015-01-01 00:05:14.160, -0.162, 0.978, -0.133, 7.812, 2.563, -6.165, , , , , , , 97.625, 9.042, 10.426, 0.000, 0.000, 0.000, 26.1, 0.64856, 0.75186, 0.11813, 0.00146, 410, 100,
 11:50:19.597,d2:03:b8:43:8d:44, 2015-01-01 00:05:14.160, -0.166, 0.978, -0.134, 7.263, 2.136, -6.165, , , , , , , 97.707, 9.102, 10.459, 0.000, 0.000, 0.000, 26.1, 0.64856, 0.75186, 0.11813, 0.00146, 410, 100,
 11:50:19.598,d2:03:b8:43:8d:44, 2015-01-01 00:05:14.160, -0.169, 0.979, -0.137, 6.531, 1.77, -5.676, , , , , , , 97.778, 9.157, 10.486, 0.000, 0.000, 0.000, 26.1, 0.64856, 0.75186, 0.11813, 0.00146, 410, 100,
 11:50:19.598,d2:03:b8:43:8d:44, 2015-01-01 00:05:14.160, -0.165, 0.979, -0.138, 5.798, 1.038, -4.211, , , , , , , 97.839, 9.207, 10.503, 0.000, 0.000, 0.000, 26.1, 0.64856, 0.75186, 0.11813, 0.00146, 410, 100,
 11:50:19.598,d2:03:b8:43:8d:44, 2015-01-01 00:05:14.160, -0.158, 0.976, -0.135, 5.737, 0.732, -3.906, , , , , , , 97.899, 9.245, 10.519, 0.000, 0.000, 0.000, 26.1, 0.64856, 0.75186, 0.11813, 0.00146, 410, 100,
 11:50:19.598,d2:03:b8:43:8d:44, 2015-01-01 00:05:14.160, -0.165, 0.975, -0.134, 6.104, 0.854, -5.249, , , , , , , 97.96, 9.289, 10.53, 0.000, 0.000, 0.000, 26.1, 0.64856, 0.75186, 0.11813, 0.00146, 410, 100,
 11:50:19.598,d2:03:b8:43:8d:44, 2015-01-01 00:05:14.160, -0.167, 0.974, -0.136, 6.47, 1.099, -6.653, , , , , , , 98.026, 9.349, 10.547, 0.000, 0.000, 0.000, 26.1, 0.64856, 0.75186, 0.11813, 0.00146, 410, 100,
 11:50:19.599,d2:03:b8:43:8d:44, 2015-01-01 00:05:14.160, -0.168, 0.974, -0.141, 6.348, 1.526, -6.958, , , , , , , 98.091, 9.415, 10.569, 0.000, 0.000, 0.000, 26.1, 0.64856, 0.75186, 0.11813, 0.00146, 410, 100,
 11:50:19.599,d2:03:b8:43:8d:44, 2015-01-01 00:05:14.160, -0.175, 0.975, -0.144, 5.676, 2.197, -7.324, , , , , , , 98.157, 9.487, 10.602, 0.000, 0.000, 0.000, 26.1, 0.64856, 0.75186, 0.11813, 0.00146, 410, 100,
 11:50:19.599,d2:03:b8:43:8d:44, 2015-01-01 00:05:14.160, -0.178, 0.977, -0.148, 4.822, 1.221, -5.981, , , , , , , 98.212, 9.547, 10.624, 0.000, 0.000, 0.000, 26.1, 0.64856, 0.75186, 0.11813, 0.00146, 410, 100,
 11:50:19.599,d2:03:b8:43:8d:44, 2015-01-01 00:05:14.160, -0.18, 0.977, -0.15, 3.723, 1.587, -4.028, , , , , , , 98.262, 9.597, 10.646, 0.000, 0.000, 0.000, 26.1, 0.64856, 0.75186, 0.11813, 0.00146, 410, 100,
 11:50:19.599,d2:03:b8:43:8d:44, 2015-01-01 00:05:14.160, -0.176, 0.974, -0.147, 2.869, 0.549, -1.953, , , , , , , 98.295, 9.624, 10.662, 0.000, 0.000, 0.000, 26.1, 0.64856, 0.75186, 0.11813, 0.00146, 410, 100,
 11:50:19.600,d2:03:b8:43:8d:44, 2015-01-01 00:05:14.160, -0.172, 0.974, -0.146, 2.441, 0.183, -0.854, , , , , , , 98.322, 9.635, 10.668, 0.000, 0.000, 0.000, 26.1, 0.64856, 0.75186, 0.11813, 0.00146, 410, 100,
 11:50:19.600,d2:03:b8:43:8d:44, 2015-01-01 00:05:14.160, -0.16, 0.973, -0.145, 2.441, 0.122, 0.122, , , , , , , 98.344, 9.641, 10.662, 0.000, 0.000, 0.000, 26.1, 0.64856, 0.75186, 0.11813, 0.00146, 410, 100,
 11:50:19.600,d2:03:b8:43:8d:44, 2015-01-01 00:05:14.160, -0.165, 0.974, -0.146, 2.319, 0.977, -0.854, , , , , , , 98.372, 9.641, 10.668, 0.000, 0.000, 0.000, 26.1, 0.64856, 0.75186, 0.11813, 0.00146, 410, 100,
 11:50:19.600,d2:03:b8:43:8d:44, 2015-01-01 00:05:14.160, -0.173, 0.971, -0.145, 2.38, 1.038, -2.991, , , , , , , 98.394, 9.662, 10.684, 0.000, 0.000, 0.000, 26.1, 0.64856, 0.75186, 0.11813, 0.00146, 410, 100,
 11:50:19.600,d2:03:b8:43:8d:44, 2015-01-01 00:05:14.160, -0.175, 0.974, -0.149, 1.709, 1.709, -3.052, , , , , , , 98.416, 9.69, 10.701, 0.000, 0.000, 0.000, 26.1, 0.64856, 0.75186, 0.11813, 0.00146, 410, 100,
 11:50:19.601,d2:03:b8:43:8d:44, 2015-01-01 00:05:14.160, -0.177, 0.973, -0.147, 1.221, 1.465, -2.319, , , , , , , 98.432, 9.717, 10.717, 0.000, 0.000, 0.000, 26.1, 0.64856, 0.75186, 0.11813, 0.00146, 410, 100,
 11:50:19.601,d2:03:b8:43:8d:44, 2015-01-01 00:05:14.160, -0.174, 0.975, -0.147, 0.977, 0.916, -1.16, , , , , , , 98.448, 9.734, 10.734, 0.000, 0.000, 0.000, 26.1, 0.64856, 0.75186, 0.11813, 0.00146, 410, 100,
 11:50:19.601,d2:03:b8:43:8d:44, 2015-01-01 00:05:14.160, -0.182, 0.973, -0.148, 0.61, 0.488, -0.183, , , , , , , 98.454, 9.739, 10.739, 0.000, 0.000, 0.000, 26.1, 0.64856, 0.75186, 0.11813, 0.00146, 410, 100,
 11:50:19.601,d2:03:b8:43:8d:44, 2015-01-01 00:05:14.160, -0.176, 0.972, -0.141, 0.977, -0.732, 0.549, , , , , , , 98.465, 9.739, 10.739, 0.000, 0.000, 0.000, 26.1, 0.64856, 0.75186, 0.11813, 0.00146, 410, 100,
 11:50:19.601,d2:03:b8:43:8d:44, 2015-01-01 00:05:14.160, -0.164, 0.974, -0.148, 0.916, -1.282, 2.258, , , , , , , 98.47, 9.723, 10.723, 0.000, 0.000, 0.000, 26.1, 0.64856, 0.75186, 0.11813, 0.00146, 410, 100,
 11:50:19.602,d2:03:b8:43:8d:44, 2015-01-01 00:05:14.160, -0.166, 0.974, -0.152, 0.183, -0.122, 1.648, , , , , , , 98.47, 9.706, 10.712, 0.000, 0.000, 0.000, 26.1, 0.64856, 0.75186, 0.11813, 0.00146, 410, 100,
 11:50:19.602,d2:03:b8:43:8d:44, 2015-01-01 00:05:14.160, -0.17, 0.972, -0.15, -0.305, 0.366, 0.427, , , , , , , 98.47, 9.695, 10.706, 0.000, 0.000, 0.000, 26.1, 0.64856, 0.75186, 0.11813, 0.00146, 410, 100,
 11:50:19.602,d2:03:b8:43:8d:44, 2015-01-01 00:05:14.160, -0.169, 0.975, -0.153, -1.221, 0.732, 0.61, , , , , , , 98.465, 9.69, 10.712, 0.000, 0.000, 0.000, 26.1, 0.64856, 0.75186, 0.11813, 0.00146, 410, 100,
 11:50:19.603,d2:03:b8:43:8d:44, 2015-01-01 00:05:14.160, -0.168, 0.974, -0.153, -2.502, 1.709, 1.404, , , , , , , 98.443, 9.679, 10.723, 0.000, 0.000, 0.000, 26.1, 0.64856, 0.75186, 0.11813, 0.00146, 410, 100,
 11:50:19.603,d2:03:b8:43:8d:44, 2015-01-01 00:05:14.160, -0.174, 0.974, -0.149, -3.235, 1.709, 0.732, , , , , , , 98.416, 9.662, 10.739, 0.000, 0.000, 0.000, 26.1, 0.64856, 0.75186, 0.11813, 0.00146, 410, 100,
 11:50:19.604,d2:03:b8:43:8d:44, 2015-01-01 00:05:14.160, -0.181, 0.974, -0.148, -3.601, 2.258, 1.221, , , , , , , 98.383, 9.651, 10.756, 0.000, 0.000, 0.000, 26.1, 0.64856, 0.75186, 0.11813, 0.00146, 410, 100,
 11:50:19.604,d2:03:b8:43:8d:44, 2015-01-01 00:05:14.160, -0.173, 0.975, -0.143, -3.601, 1.648, 3.052, , , , , , , 98.35, 9.63, 10.772, 0.000, 0.000, 0.000, 26.1, 0.64856, 0.75186, 0.11813, 0.00146, 410, 100,
 11:50:19.605,d2:03:b8:43:8d:44, 2015-01-01 00:05:14.160, -0.18, 0.975, -0.146, -3.784, 1.709, 4.211, , , , , , , 98.311, 9.591, 10.778, 0.000, 0.000, 0.000, 26.1, 0.64856, 0.75186, 0.11813, 0.00146, 410, 100,
 11:50:19.605,d2:03:b8:43:8d:44, 2015-01-01 00:05:14.160, -0.174, 0.973, -0.139, -3.601, 0.061, 4.333, , , , , , , 98.273, 9.547, 10.783, 0.000, 0.000, 0.000, 26.1, 0.64856, 0.75186, 0.11813, 0.00146, 410, 100,
 11:50:19.605,d2:03:b8:43:8d:44, 2015-01-01 00:05:14.160, -0.169, 0.975, -0.144, -3.723, -0.854, 5.615, , , , , , , 98.234, 9.498, 10.767, 0.000, 0.000, 0.000, 26.1, 0.64856, 0.75186, 0.11813, 0.00146, 410, 100,
 11:50:19.606,d2:03:b8:43:8d:44, 2015-01-01 00:05:14.160, -0.162, 0.975, -0.142, -3.967, -0.793, 5.981, , , , , , , 98.196, 9.443, 10.75, 0.000, 0.000, 0.000, 26.1, 0.64856, 0.75186, 0.11813, 0.00146, 410, 100,
 11:50:19.606,d2:03:b8:43:8d:44, 2015-01-01 00:05:14.160, -0.16, 0.974, -0.143, -4.333, -0.427, 5.615, , , , , , , 98.146, 9.382, 10.734, 0.000, 0.000, 0.000, 26.1, 0.64856, 0.75186, 0.11813, 0.00146, 410, 100,
 11:50:19.606,d2:03:b8:43:8d:44, 2015-01-01 00:05:14.160, -0.158, 0.974, -0.14, -4.456, -0.793, 4.395, , , , , , , 98.102, 9.338, 10.717, 0.000, 0.000, 0.000, 26.1, 0.64856, 0.75186, 0.11813, 0.00146, 410, 100,
 11:50:19.607,d2:03:b8:43:8d:44, 2015-01-01 00:05:14.160, -0.161, 0.975, -0.142, -4.761, -0.366, 2.991, , , , , , , 98.053, 9.3, 10.701, 0.000, 0.000, 0.000, 26.1, 0.64856, 0.75186, 0.11813, 0.00146, 410, 100,
 11:50:19.607,d2:03:b8:43:8d:44, 2015-01-01 00:05:14.160, -0.159, 0.974, -0.138, -4.761, -0.854, 1.953, , , , , , , 97.998, 9.278, 10.695, 0.000, 0.000, 0.000, 26.1, 0.64856, 0.75186, 0.11813, 0.00146, 410, 100,
 11:50:19.607,d2:03:b8:43:8d:44, 2015-01-01 00:05:14.160, -0.163, 0.975, -0.138, -4.7, -0.488, 1.038, , , , , , , 97.949, 9.267, 10.684, 0.000, 0.000, 0.000, 26.1, 0.64856, 0.75186, 0.11813, 0.00146, 410, 100,
 11:50:19.608,d2:03:b8:43:8d:44, 2015-01-01 00:05:14.160, -0.167, 0.975, -0.134, -4.517, -0.61, 0.793, , , , , , , 97.899, 9.261, 10.673, 0.000, 0.000, 0.000, 26.1, 0.64856, 0.75186, 0.11813, 0.00146, 410, 100,
 11:50:19.609,d2:03:b8:43:8d:44, 2015-01-01 00:05:14.160, -0.164, 0.975, -0.133, -3.845, -1.16, 0.793, , , , , , , 97.855, 9.256, 10.662, 0.000, 0.000, 0.000, 26.1, 0.64856, 0.75186, 0.11813, 0.00146, 410, 100,
 11:50:19.609,d2:03:b8:43:8d:44, 2015-01-01 00:05:14.160, -0.164, 0.975, -0.133, -3.418, -1.16, 0.854, , , , , , , 97.817, 9.245, 10.646, 0.000, 0.000, 0.000, 26.1, 0.64856, 0.75186, 0.11813, 0.00146, 410, 100,
 11:50:19.609,d2:03:b8:43:8d:44, 2015-01-01 00:05:14.160, -0.165, 0.975, -0.133, -2.869, -1.282, 0.366, , , , , , , 97.784, 9.245, 10.635, 0.000, 0.000, 0.000, 26.1, 0.64856, 0.75186, 0.11813, 0.00146, 410, 100,
 11:50:19.609,d2:03:b8:43:8d:44, 2015-01-01 00:05:14.160, -0.166, 0.976, -0.133, -2.686, -1.587, 0.366, , , , , , , 97.751, 9.24, 10.618, 0.000, 0.000, 0.000, 26.1, 0.64856, 0.75186, 0.11813, 0.00146, 410, 100,
 11:50:19.610,d2:03:b8:43:8d:44, 2015-01-01 00:05:14.160, -0.167, 0.979, -0.137, -2.93, -0.854, 1.221, , , , , , , 97.718, 9.234, 10.602, 0.000, 0.000, 0.000, 26.1, 0.64856, 0.75186, 0.11813, 0.00146, 410, 100,
 11:50:19.610,d2:03:b8:43:8d:44, 2015-01-01 00:05:14.160, -0.15, 0.977, -0.135, -3.174, -0.793, 2.197, , , , , , , 97.685, 9.218, 10.591, 0.000, 0.000, 0.000, 26.1, 0.64856, 0.75186, 0.11813, 0.00146, 410, 100,
 11:50:19.611,d2:03:b8:43:8d:44, 2015-01-01 00:05:14.160, -0.149, 0.977, -0.133, -3.296, 0.671, 1.648, , , , , , , 97.652, 9.201, 10.585, 0.000, 0.000, 0.000, 26.1, 0.64856, 0.75186, 0.11813, 0.00146, 410, 100,
 11:50:19.611,d2:03:b8:43:8d:44, 2015-01-01 00:05:14.160, -0.154, 0.973, -0.127, -2.747, 1.343, -0.916, , , , , , , 97.625, 9.196, 10.596, 0.000, 0.000, 0.000, 26.1, 0.64856, 0.75186, 0.11813, 0.00146, 410, 100,
 11:50:19.611,d2:03:b8:43:8d:44, 2015-01-01 00:05:14.160, -0.161, 0.974, -0.126, -1.953, 1.099, -3.296, , , , , , , 97.603, 9.218, 10.607, 0.000, 0.000, 0.000, 26.1, 0.64856, 0.75186, 0.11813, 0.00146, 410, 100,
 11:50:19.612,d2:03:b8:43:8d:44, 2015-01-01 00:05:14.160, -0.167, 0.974, -0.125, -1.16, 0.366, -4.944, , , , , , , 97.586, 9.256, 10.624, 0.000, 0.000, 0.000, 26.1, 0.64856, 0.75186, 0.11813, 0.00146, 410, 100,
 11:50:19.612,d2:03:b8:43:8d:44, 2015-01-01 00:05:14.160, -0.17, 0.975, -0.126, -0.488, -0.061, -5.188, , , , , , , 97.581, 9.311, 10.629, 0.000, 0.000, 0.000, 26.1, 0.64856, 0.75186, 0.11813, 0.00146, 410, 100,
 11:50:19.612,d2:03:b8:43:8d:44, 2015-01-01 00:05:14.160, -0.173, 0.976, -0.128, -0.061, -0.488, -4.456, , , , , , , 97.575, 9.36, 10.629, 0.000, 0.000, 0.000, 26.1, 0.64856, 0.75186, 0.11813, 0.00146, 410, 100,
 11:50:19.612,d2:03:b8:43:8d:44, 2015-01-01 00:05:14.160, -0.173, 0.977, -0.129, 0.305, -0.305, -3.479, , , , , , , 97.575, 9.399, 10.629, 0.000, 0.000, 0.000, 26.1, 0.64856, 0.75186, 0.11813, 0.00146, 410, 100,
 11:50:19.612,d2:03:b8:43:8d:44, 2015-01-01 00:05:14.160, -0.171, 0.977, -0.129, 0.61, -0.61, -2.258, , , , , , , 97.581, 9.432, 10.624, 0.000, 0.000, 0.000, 26.1, 0.64856, 0.75186, 0.11813, 0.00146, 410, 100,
 11:50:19.613,d2:03:b8:43:8d:44, 2015-01-01 00:05:14.160, -0.17, 0.976, -0.129, 0.916, -0.366, -1.465, , , , , , , 97.586, 9.448, 10.624, 0.000, 0.000, 0.000, 26.1, 0.64856, 0.75186, 0.11813, 0.00146, 410, 100,
 11:50:19.613,d2:03:b8:43:8d:44, 2015-01-01 00:05:14.160, -0.17, 0.975, -0.129, 1.343, -0.671, -0.916, , , , , , , 97.597, 9.459, 10.618, 0.000, 0.000, 0.000, 26.1, 0.64856, 0.75186, 0.11813, 0.00146, 410, 100,
 11:50:19.613,d2:03:b8:43:8d:44, 2015-01-01 00:05:14.160, -0.17, 0.975, -0.128, 1.831, -0.732, -0.549, , , , , , , 97.608, 9.47, 10.607, 0.000, 0.000, 0.000, 26.1, 0.64856, 0.75186, 0.11813, 0.00146, 410, 100,
 11:50:19.613,d2:03:b8:43:8d:44, 2015-01-01 00:05:14.160, -0.167, 0.974, -0.129, 2.563, -1.648, -0.488, , , , , , , 97.63, 9.476, 10.596, 0.000, 0.000, 0.000, 26.1, 0.64856, 0.75186, 0.11813, 0.00146, 410, 100,
 11:50:19.613,d2:03:b8:43:8d:44, 2015-01-01 00:05:14.160, -0.169, 0.975, -0.13, 2.869, -1.709, -0.732, , , , , , , 97.652, 9.487, 10.58, 0.000, 0.000, 0.000, 26.1, 0.64856, 0.75186, 0.11813, 0.00146, 410, 100,
 11:50:19.756,d2:03:b8:43:8d:44, 2015-01-01 00:05:14.160, -0.171, 0.975, -0.133, 2.991, -1.77, -0.916, , , , , , , 97.679, 9.498, 10.558, 0.000, 0.000, 0.000, 26.1, 0.64856, 0.75186, 0.11813, 0.00146, 410, 100,
 11:50:20.040,d2:03:b8:43:8d:44, 2015-01-01 00:05:14.160, -0.174, 0.978, -0.135, 2.869, -1.221, -0.183, , , , , , , 97.707, 9.509, 10.541, 0.000, 0.000, 0.000, 26.1, 0.64856, 0.75186, 0.11813, 0.00146, 410, 100,
 11:50:20.262,d2:03:b8:43:8d:44, 2015-01-01 00:05:14.605, -0.174, 0.977, -0.134, 2.686, -1.038, 0.793, , , , , , , 97.729, 9.503, 10.53, 0.000, 0.000, 0.000, 26.1, 0.65363, 0.74713, 0.12012, 0.00253, 410, 100,
 11:50:20.302,d2:03:b8:43:8d:44, 2015-01-01 00:05:14.605, -0.168, 0.978, -0.134, 2.563, -1.038, 2.014, , , , , , , 97.756, 9.492, 10.519, 0.000, 0.000, 0.000, 26.1, 0.65363, 0.74713, 0.12012, 0.00253, 410, 100,
 11:50:20.302,d2:03:b8:43:8d:44, 2015-01-01 00:05:14.605, -0.163, 0.977, -0.138, 2.014, -0.916, 2.686, , , , , , , 97.778, 9.47, 10.497, 0.000, 0.000, 0.000, 26.1, 0.65363, 0.74713, 0.12012, 0.00253, 410, 100,
 11:50:20.302,d2:03:b8:43:8d:44, 2015-01-01 00:05:14.605, -0.159, 0.977, -0.138, 1.343, -0.488, 2.319, , , , , , , 97.789, 9.443, 10.492, 0.000, 0.000, 0.000, 26.1, 0.65363, 0.74713, 0.12012, 0.00253, 410, 100,
 11:50:20.303,d2:03:b8:43:8d:44, 2015-01-01 00:05:14.605, -0.157, 0.974, -0.138, 0.854, -0.183, 1.16, , , , , , , 97.8, 9.432, 10.481, 0.000, 0.000, 0.000, 26.1, 0.65363, 0.74713, 0.12012, 0.00253, 410, 100,
 11:50:20.303,d2:03:b8:43:8d:44, 2015-01-01 00:05:14.605, -0.162, 0.976, -0.137, 0.366, 0, -0.366, , , , , , , 97.806, 9.426, 10.481, 0.000, 0.000, 0.000, 26.1, 0.65363, 0.74713, 0.12012, 0.00253, 410, 100,
 11:50:20.303,d2:03:b8:43:8d:44, 2015-01-01 00:05:14.605, -0.167, 0.976, -0.14, -0.366, 0.366, -1.404, , , , , , , 97.806, 9.437, 10.481, 0.000, 0.000, 0.000, 26.1, 0.65363, 0.74713, 0.12012, 0.00253, 410, 100,
 11:50:20.304,d2:03:b8:43:8d:44, 2015-01-01 00:05:14.605, -0.167, 0.978, -0.14, -1.221, 0.732, -0.977, , , , , , , 97.795, 9.448, 10.486, 0.000, 0.000, 0.000, 26.1, 0.65363, 0.74713, 0.12012, 0.00253, 410, 100,
 11:50:20.304,d2:03:b8:43:8d:44, 2015-01-01 00:05:14.605, -0.166, 0.978, -0.143, -2.38, 1.343, -0.488, , , , , , , 97.778, 9.454, 10.497, 0.000, 0.000, 0.000, 26.1, 0.65363, 0.74713, 0.12012, 0.00253, 410, 100,
 11:50:20.304,d2:03:b8:43:8d:44, 2015-01-01 00:05:14.605, -0.167, 0.977, -0.136, -2.93, 1.648, -0.61, , , , , , , 97.751, 9.459, 10.514, 0.000, 0.000, 0.000, 26.1, 0.65363, 0.74713, 0.12012, 0.00253, 410, 100,
 11:50:20.304,d2:03:b8:43:8d:44, 2015-01-01 00:05:14.605, -0.167, 0.975, -0.135, -3.113, 1.648, -0.977, , , , , , , 97.723, 9.465, 10.53, 0.000, 0.000, 0.000, 26.1, 0.65363, 0.74713, 0.12012, 0.00253, 410, 100,
 11:50:20.305,d2:03:b8:43:8d:44, 2015-01-01 00:05:14.605, -0.167, 0.976, -0.135, -3.357, 1.282, -1.16, , , , , , , 97.69, 9.476, 10.541, 0.000, 0.000, 0.000, 26.1, 0.65363, 0.74713, 0.12012, 0.00253, 410, 100,
 11:50:20.305,d2:03:b8:43:8d:44, 2015-01-01 00:05:14.605, -0.19, 0.976, -0.136, -3.845, 1.709, -1.282, , , , , , , 97.657, 9.487, 10.558, 0.000, 0.000, 0.000, 26.1, 0.65363, 0.74713, 0.12012, 0.00253, 410, 100,
 11:50:20.306,d2:03:b8:43:8d:44, 2015-01-01 00:05:14.605, -0.174, 0.975, -0.129, -3.845, -1.343, -0.671, , , , , , , 97.619, 9.498, 10.563, 0.000, 0.000, 0.000, 26.1, 0.65363, 0.74713, 0.12012, 0.00253, 410, 100,
 11:50:20.306,d2:03:b8:43:8d:44, 2015-01-01 00:05:14.605, -0.165, 0.979, -0.134, -4.517, -1.16, 2.258, , , , , , , 97.575, 9.492, 10.541, 0.000, 0.000, 0.000, 26.1, 0.65363, 0.74713, 0.12012, 0.00253, 410, 100,
 11:50:20.307,d2:03:b8:43:8d:44, 2015-01-01 00:05:14.605, -0.161, 0.974, -0.127, -4.395, -1.282, 1.892, , , , , , , 97.526, 9.47, 10.53, 0.000, 0.000, 0.000, 26.1, 0.65363, 0.74713, 0.12012, 0.00253, 410, 100,
 11:50:20.307,d2:03:b8:43:8d:44, 2015-01-01 00:05:14.605, -0.167, 0.973, -0.126, -3.906, -1.343, 0.183, , , , , , , 97.476, 9.459, 10.508, 0.000, 0.000, 0.000, 26.1, 0.65363, 0.74713, 0.12012, 0.00253, 410, 100,
 11:50:20.307,d2:03:b8:43:8d:44, 2015-01-01 00:05:14.605, -0.169, 0.977, -0.125, -3.479, -1.099, -0.427, , , , , , , 97.438, 9.465, 10.497, 0.000, 0.000, 0.000, 26.1, 0.65363, 0.74713, 0.12012, 0.00253, 410, 100,
 11:50:20.308,d2:03:b8:43:8d:44, 2015-01-01 00:05:14.605, -0.169, 0.977, -0.126, -3.052, -0.61, 0, , , , , , , 97.405, 9.47, 10.486, 0.000, 0.000, 0.000, 26.1, 0.65363, 0.74713, 0.12012, 0.00253, 410, 100,
 11:50:20.308,d2:03:b8:43:8d:44, 2015-01-01 00:05:14.605, -0.17, 0.976, -0.125, -2.686, -0.916, 0, , , , , , , 97.372, 9.47, 10.481, 0.000, 0.000, 0.000, 26.1, 0.65363, 0.74713, 0.12012, 0.00253, 410, 100,
 11:50:20.308,d2:03:b8:43:8d:44, 2015-01-01 00:05:14.605, -0.172, 0.979, -0.128, -2.686, -0.488, 0.427, , , , , , , 97.344, 9.47, 10.47, 0.000, 0.000, 0.000, 26.1, 0.65363, 0.74713, 0.12012, 0.00253, 410, 100,
 11:50:20.309,d2:03:b8:43:8d:44, 2015-01-01 00:05:14.605, -0.168, 0.977, -0.124, -2.441, -0.793, 1.465, , , , , , , 97.317, 9.459, 10.459, 0.000, 0.000, 0.000, 26.1, 0.65363, 0.74713, 0.12012, 0.00253, 410, 100,
 11:50:20.309,d2:03:b8:43:8d:44, 2015-01-01 00:05:14.605, -0.167, 0.976, -0.124, -2.075, -0.244, 1.587, , , , , , , 97.289, 9.448, 10.448, 0.000, 0.000, 0.000, 26.1, 0.65378, 0.74667, 0.12231, 0.0015, 410, 100,
 11:50:20.310,d2:03:b8:43:8d:44, 2015-01-01 00:05:14.605, -0.166, 0.976, -0.121, -1.282, -0.305, 1.648, , , , , , , 97.273, 9.432, 10.443, 0.000, 0.000, 0.000, 26.1, 0.65378, 0.74667, 0.12231, 0.0015, 410, 100,
 11:50:20.310,d2:03:b8:43:8d:44, 2015-01-01 00:05:14.605, -0.169, 0.975, -0.121, -0.305, -0.427, 1.038, , , , , , , 97.262, 9.415, 10.437, 0.000, 0.000, 0.000, 26.1, 0.65378, 0.74667, 0.12231, 0.0015, 410, 100,
 11:50:20.311,d2:03:b8:43:8d:44, 2015-01-01 00:05:14.605, -0.17, 0.976, -0.121, 0.488, -0.854, 0.793, , , , , , , 97.262, 9.41, 10.426, 0.000, 0.000, 0.000, 26.1, 0.65378, 0.74667, 0.12231, 0.0015, 410, 100,
 11:50:20.311,d2:03:b8:43:8d:44, 2015-01-01 00:05:14.605, -0.169, 0.978, -0.124, 0.977, -0.366, 1.465, , , , , , , 97.267, 9.399, 10.415, 0.000, 0.000, 0.000, 26.1, 0.65378, 0.74667, 0.12231, 0.0015, 410, 100,
 11:50:20.311,d2:03:b8:43:8d:44, 2015-01-01 00:05:14.605, -0.166, 0.977, -0.123, 1.404, -0.488, 2.38, , , , , , , 97.278, 9.382, 10.41, 0.000, 0.000, 0.000, 26.1, 0.65378, 0.74667, 0.12231, 0.0015, 410, 100,
 11:50:20.312,d2:03:b8:43:8d:44, 2015-01-01 00:05:14.605, -0.169, 0.976, -0.124, 1.831, 0, 2.258, , , , , , , 97.289, 9.36, 10.399, 0.000, 0.000, 0.000, 26.1, 0.65378, 0.74667, 0.12231, 0.0015, 410, 100,
 11:50:20.312,d2:03:b8:43:8d:44, 2015-01-01 00:05:14.605, -0.167, 0.976, -0.121, 2.502, -0.671, 2.319, , , , , , , 97.311, 9.338, 10.393, 0.000, 0.000, 0.000, 26.1, 0.65378, 0.74667, 0.12231, 0.0015, 410, 100,
 11:50:20.312,d2:03:b8:43:8d:44, 2015-01-01 00:05:14.605, -0.167, 0.977, -0.123, 3.113, -0.732, 2.625, , , , , , , 97.339, 9.311, 10.382, 0.000, 0.000, 0.000, 26.1, 0.65378, 0.74667, 0.12231, 0.0015, 410, 100,
 11:50:20.313,d2:03:b8:43:8d:44, 2015-01-01 00:05:14.605, -0.162, 0.976, -0.124, 3.723, -1.221, 2.869, , , , , , , 97.372, 9.289, 10.366, 0.000, 0.000, 0.000, 26.1, 0.65378, 0.74667, 0.12231, 0.0015, 410, 100,
 11:50:20.313,d2:03:b8:43:8d:44, 2015-01-01 00:05:14.605, -0.163, 0.977, -0.126, 4.15, -0.366, 2.991, , , , , , , 97.405, 9.261, 10.349, 0.000, 0.000, 0.000, 26.1, 0.65378, 0.74667, 0.12231, 0.0015, 410, 100,
 11:50:20.313,d2:03:b8:43:8d:44, 2015-01-01 00:05:14.605, -0.167, 0.975, -0.125, 4.639, 1.099, 2.808, , , , , , , 97.449, 9.229, 10.349, 0.000, 0.000, 0.000, 26.1, 0.65378, 0.74667, 0.12231, 0.0015, 410, 100,
 11:50:20.313,d2:03:b8:43:8d:44, 2015-01-01 00:05:14.605, -0.168, 0.976, -0.124, 5.493, 0.671, 3.113, , , , , , , 97.504, 9.201, 10.355, 0.000, 0.000, 0.000, 26.1, 0.65378, 0.74667, 0.12231, 0.0015, 410, 100,
 11:50:20.313,d2:03:b8:43:8d:44, 2015-01-01 00:05:14.605, -0.164, 0.977, -0.126, 6.226, 0.61, 3.845, , , , , , , 97.559, 9.163, 10.355, 0.000, 0.000, 0.000, 26.1, 0.65378, 0.74667, 0.12231, 0.0015, 410, 100,
 11:50:20.314,d2:03:b8:43:8d:44, 2015-01-01 00:05:14.605, -0.163, 0.978, -0.129, 6.653, 1.16, 4.517, , , , , , , 97.625, 9.119, 10.355, 0.000, 0.000, 0.000, 26.1, 0.65378, 0.74667, 0.12231, 0.0015, 410, 100,
 11:50:20.314,d2:03:b8:43:8d:44, 2015-01-01 00:05:14.605, -0.154, 0.977, -0.132, 6.897, 0.854, 4.761, , , , , , , 97.69, 9.075, 10.36, 0.000, 0.000, 0.000, 26.1, 0.65378, 0.74667, 0.12231, 0.0015, 410, 100,
 11:50:20.314,d2:03:b8:43:8d:44, 2015-01-01 00:05:14.605, -0.154, 0.978, -0.136, 6.714, 1.465, 4.639, , , , , , , 97.762, 9.025, 10.36, 0.000, 0.000, 0.000, 26.1, 0.65378, 0.74667, 0.12231, 0.0015, 410, 100,
 11:50:20.315,d2:03:b8:43:8d:44, 2015-01-01 00:05:14.605, -0.156, 0.975, -0.135, 6.653, 1.282, 3.296, , , , , , , 97.828, 8.987, 10.371, 0.000, 0.000, 0.000, 26.1, 0.65378, 0.74667, 0.12231, 0.0015, 410, 100,
 11:50:20.315,d2:03:b8:43:8d:44, 2015-01-01 00:05:14.605, -0.155, 0.976, -0.136, 6.775, 1.465, 2.319, , , , , , , 97.899, 8.954, 10.382, 0.000, 0.000, 0.000, 26.1, 0.65378, 0.74667, 0.12231, 0.0015, 410, 100,
 11:50:20.315,d2:03:b8:43:8d:44, 2015-01-01 00:05:14.605, -0.163, 0.977, -0.138, 6.653, 1.831, 2.38, , , , , , , 97.965, 8.932, 10.393, 0.000, 0.000, 0.000, 26.1, 0.65378, 0.74667, 0.12231, 0.0015, 410, 100,
 11:50:20.316,d2:03:b8:43:8d:44, 2015-01-01 00:05:14.605, -0.159, 0.976, -0.138, 6.653, 1.404, 2.136, , , , , , , 98.031, 8.904, 10.404, 0.000, 0.000, 0.000, 26.1, 0.65378, 0.74667, 0.12231, 0.0015, 410, 100,
 11:50:20.316,d2:03:b8:43:8d:44, 2015-01-01 00:05:14.605, -0.157, 0.979, -0.146, 5.981, 1.831, 3.113, , , , , , , 98.097, 8.877, 10.415, 0.000, 0.000, 0.000, 26.1, 0.65378, 0.74667, 0.12231, 0.0015, 410, 100,
 11:50:20.317,d2:03:b8:43:8d:44, 2015-01-01 00:05:14.605, -0.159, 0.978, -0.145, 5.249, 1.831, 3.418, , , , , , , 98.157, 8.844, 10.426, 0.000, 0.000, 0.000, 26.1, 0.65378, 0.74667, 0.12231, 0.0015, 410, 100,
 11:50:20.317,d2:03:b8:43:8d:44, 2015-01-01 00:05:14.605, -0.154, 0.975, -0.144, 4.7, 1.343, 3.418, , , , , , , 98.207, 8.806, 10.437, 0.000, 0.000, 0.000, 26.1, 0.65378, 0.74667, 0.12231, 0.0015, 410, 100,
 11:50:20.318,d2:03:b8:43:8d:44, 2015-01-01 00:05:14.605, -0.153, 0.977, -0.145, 4.15, 0.977, 3.418, , , , , , , 98.251, 8.773, 10.443, 0.000, 0.000, 0.000, 26.1, 0.65378, 0.74667, 0.12231, 0.0015, 410, 100,
 11:50:20.318,d2:03:b8:43:8d:44, 2015-01-01 00:05:14.605, -0.152, 0.975, -0.143, 3.967, 0.061, 2.319, , , , , , , 98.289, 8.745, 10.443, 0.000, 0.000, 0.000, 26.1, 0.65378, 0.74667, 0.12231, 0.0015, 410, 100,
 11:50:20.318,d2:03:b8:43:8d:44, 2015-01-01 00:05:14.605, -0.151, 0.976, -0.145, 3.662, -0.427, 1.465, , , , , , , 98.328, 8.729, 10.437, 0.000, 0.000, 0.000, 26.1, 0.65378, 0.74667, 0.12231, 0.0015, 410, 100,
 11:50:20.318,d2:03:b8:43:8d:44, 2015-01-01 00:05:14.605, -0.146, 0.976, -0.148, 3.113, 0, 1.282, , , , , , , 98.361, 8.712, 10.426, 0.000, 0.000, 0.000, 26.1, 0.65378, 0.74667, 0.12231, 0.0015, 410, 100,
 11:50:20.318,d2:03:b8:43:8d:44, 2015-01-01 00:05:14.605, -0.15, 0.977, -0.147, 2.625, 0.61, 0.427, , , , , , , 98.388, 8.701, 10.432, 0.000, 0.000, 0.000, 26.1, 0.65378, 0.74667, 0.12231, 0.0015, 410, 100,
 11:50:20.319,d2:03:b8:43:8d:44, 2015-01-01 00:05:14.605, -0.157, 0.974, -0.147, 2.441, 0.854, -0.732, , , , , , , 98.416, 8.707, 10.437, 0.000, 0.000, 0.000, 26.1, 0.65378, 0.74667, 0.12231, 0.0015, 410, 100,
 11:50:20.319,d2:03:b8:43:8d:44, 2015-01-01 00:05:14.605, -0.156, 0.977, -0.145, 2.197, 0.977, -0.488, , , , , , , 98.438, 8.712, 10.448, 0.000, 0.000, 0.000, 26.1, 0.65378, 0.74667, 0.12231, 0.0015, 410, 100,
 11:50:20.319,d2:03:b8:43:8d:44, 2015-01-01 00:05:14.605, -0.152, 0.975, -0.145, 2.319, 0.793, -0.305, , , , , , , 98.459, 8.712, 10.453, 0.000, 0.000, 0.000, 26.1, 0.65378, 0.74667, 0.12231, 0.0015, 410, 100,
 11:50:20.319,d2:03:b8:43:8d:44, 2015-01-01 00:05:14.605, -0.156, 0.977, -0.147, 2.38, 0.366, -0.793, , , , , , , 98.487, 8.723, 10.459, 0.000, 0.000, 0.000, 26.1, 0.65378, 0.74667, 0.12231, 0.0015, 410, 100,
 11:50:20.320,d2:03:b8:43:8d:44, 2015-01-01 00:05:14.605, -0.161, 0.975, -0.148, 2.319, 0.671, -0.854, , , , , , , 98.509, 8.729, 10.464, 0.000, 0.000, 0.000, 26.1, 0.65378, 0.74667, 0.12231, 0.0015, 410, 100,
 11:50:20.320,d2:03:b8:43:8d:44, 2015-01-01 00:05:14.605, -0.155, 0.977, -0.149, 2.075, 0.061, 0.122, , , , , , , 98.531, 8.734, 10.464, 0.000, 0.000, 0.000, 26.1, 0.65378, 0.74667, 0.12231, 0.0015, 410, 100,
 11:50:20.321,d2:03:b8:43:8d:44, 2015-01-01 00:05:14.605, -0.153, 0.976, -0.151, 1.526, 0.305, 1.099, , , , , , , 98.547, 8.723, 10.464, 0.000, 0.000, 0.000, 26.1, 0.65378, 0.74667, 0.12231, 0.0015, 410, 100,
 11:50:20.321,d2:03:b8:43:8d:44, 2015-01-01 00:05:14.605, -0.155, 0.976, -0.151, 1.099, 0.427, 0.793, , , , , , , 98.558, 8.718, 10.464, 0.000, 0.000, 0.000, 26.1, 0.65378, 0.74667, 0.12231, 0.0015, 410, 100,
 11:50:20.322,d2:03:b8:43:8d:44, 2015-01-01 00:05:14.605, -0.154, 0.976, -0.153, 0.305, 0.854, 1.16, , , , , , , 98.569, 8.707, 10.47, 0.000, 0.000, 0.000, 26.1, 0.65378, 0.74667, 0.12231, 0.0015, 410, 100,
 11:50:20.322,d2:03:b8:43:8d:44, 2015-01-01 00:05:14.605, -0.15, 0.976, -0.152, -0.671, 0.854, 1.77, , , , , , , 98.564, 8.69, 10.475, 0.000, 0.000, 0.000, 26.1, 0.65378, 0.74667, 0.12231, 0.0015, 410, 100,
 11:50:20.322,d2:03:b8:43:8d:44, 2015-01-01 00:05:14.605, -0.149, 0.975, -0.152, -1.343, 0.916, 1.221, , , , , , , 98.553, 8.674, 10.481, 0.000, 0.000, 0.000, 26.1, 0.65378, 0.74667, 0.12231, 0.0015, 410, 100,
 11:50:20.322,d2:03:b8:43:8d:44, 2015-01-01 00:05:14.605, -0.144, 0.978, -0.156, -2.808, 1.221, 1.038, , , , , , , 98.536, 8.663, 10.486, 0.000, 0.000, 0.000, 26.1, 0.65378, 0.74667, 0.12231, 0.0015, 410, 100,
 11:50:20.525,d2:03:b8:43:8d:44, 2015-01-01 00:05:14.605, -0.145, 0.976, -0.154, -4.211, 2.808, 0.488, , , , , , , 98.498, 8.652, 10.508, 0.000, 0.000, 0.000, 26.1, 0.65378, 0.74667, 0.12231, 0.0015, 410, 100,
 11:50:20.723,d2:03:b8:43:8d:44, 2015-01-01 00:05:15.020, -0.144, 0.975, -0.148, -4.639, 3.052, -1.16, , , , , , , 98.459, 8.652, 10.536, 0.000, 0.000, 0.000, 26.1, 0.65378, 0.74667, 0.12231, 0.0015, 410, 100,
 11:50:20.724,d2:03:b8:43:8d:44, 2015-01-01 00:05:15.020, -0.149, 0.975, -0.145, -4.578, 3.784, -2.808, , , , , , , 98.416, 8.668, 10.574, 0.000, 0.000, 0.000, 26.1, 0.65378, 0.74667, 0.12231, 0.0015, 410, 100,
 11:50:20.724,d2:03:b8:43:8d:44, 2015-01-01 00:05:15.020, -0.156, 0.973, -0.14, -3.906, 2.38, -4.883, , , , , , , 98.377, 8.701, 10.607, 0.000, 0.000, 0.000, 26.1, 0.65378, 0.74667, 0.12231, 0.0015, 410, 100,
 11:50:20.725,d2:03:b8:43:8d:44, 2015-01-01 00:05:15.020, -0.169, 0.974, -0.142, -3.479, 1.831, -5.798, , , , , , , 98.344, 8.756, 10.635, 0.000, 0.000, 0.000, 26.1, 0.65378, 0.74667, 0.12231, 0.0015, 410, 100,
 11:50:20.725,d2:03:b8:43:8d:44, 2015-01-01 00:05:15.020, -0.166, 0.976, -0.14, -2.991, 0.488, -4.211, , , , , , , 98.317, 8.806, 10.651, 0.000, 0.000, 0.000, 26.1, 0.65378, 0.74667, 0.12231, 0.0015, 410, 100,
 11:50:20.726,d2:03:b8:43:8d:44, 2015-01-01 00:05:15.020, -0.148, 0.974, -0.138, -2.197, -0.305, -2.502, , , , , , , 98.289, 8.839, 10.657, 0.000, 0.000, 0.000, 26.1, 0.65378, 0.74667, 0.12231, 0.0015, 410, 100,
 11:50:20.760,d2:03:b8:43:8d:44, 2015-01-01 00:05:15.020, -0.146, 0.973, -0.137, -0.916, -1.221, -3.906, , , , , , , 98.273, 8.871, 10.651, 0.000, 0.000, 0.000, 26.1, 0.65378, 0.74667, 0.12231, 0.0015, 410, 100,
 11:50:20.760,d2:03:b8:43:8d:44, 2015-01-01 00:05:15.020, -0.163, 0.972, -0.14, -0.061, -0.671, -7.202, , , , , , , 98.267, 8.926, 10.651, 0.000, 0.000, 0.000, 26.1, 0.65433, 0.74597, 0.12299, 0.01163, 410, 100,
 11:50:20.926,d2:03:b8:43:8d:44, 2015-01-01 00:05:15.020, -0.167, 0.977, -0.145, -0.244, -0.793, -7.019, , , , , , , 98.267, 9.003, 10.651, 0.000, 0.000, 0.000, 26.1, 0.65433, 0.74597, 0.12299, 0.01163, 410, 100,
 11:50:20.946,d2:03:b8:43:8d:44, 2015-01-01 00:05:15.440, -0.172, 0.979, -0.146, -0.916, -0.183, -4.822, , , , , , , 98.256, 9.064, 10.651, 0.000, 0.000, 0.000, 26.1, 0.65433, 0.74597, 0.12299, 0.01163, 410, 100,
 11:50:20.947,d2:03:b8:43:8d:44, 2015-01-01 00:05:15.440, -0.17, 0.977, -0.144, -1.099, -0.61, -3.235, , , , , , , 98.245, 9.102, 10.651, 0.000, 0.000, 0.000, 26.1, 0.65433, 0.74597, 0.12299, 0.01163, 410, 100,
 11:50:20.947,d2:03:b8:43:8d:44, 2015-01-01 00:05:15.440, -0.168, 0.979, -0.144, -1.404, 0.305, -0.427, , , , , , , 98.234, 9.119, 10.651, 0.000, 0.000, 0.000, 26.1, 0.65433, 0.74597, 0.12299, 0.01163, 410, 100,
 11:50:20.947,d2:03:b8:43:8d:44, 2015-01-01 00:05:15.440, -0.168, 0.976, -0.141, -1.099, 0.366, 0.916, , , , , , , 98.218, 9.113, 10.651, 0.000, 0.000, 0.000, 26.1, 0.65433, 0.74597, 0.12299, 0.01163, 410, 100,
 11:50:20.948,d2:03:b8:43:8d:44, 2015-01-01 00:05:15.440, -0.172, 0.976, -0.138, -0.427, 1.16, 1.953, , , , , , , 98.212, 9.102, 10.662, 0.000, 0.000, 0.000, 26.1, 0.65433, 0.74597, 0.12299, 0.01163, 410, 100,
 11:50:20.948,d2:03:b8:43:8d:44, 2015-01-01 00:05:15.440, -0.166, 0.976, -0.137, 0.366, 0.366, 3.418, , , , , , , 98.212, 9.069, 10.662, 0.000, 0.000, 0.000, 26.1, 0.65433, 0.74597, 0.12299, 0.01163, 410, 100,
 11:50:20.948,d2:03:b8:43:8d:44, 2015-01-01 00:05:15.440, -0.158, 0.976, -0.137, 1.038, 0.366, 4.395, , , , , , , 98.218, 9.031, 10.657, 0.000, 0.000, 0.000, 26.1, 0.65433, 0.74597, 0.12299, 0.01163, 410, 100,
 11:50:20.949,d2:03:b8:43:8d:44, 2015-01-01 00:05:15.440, -0.146, 0.972, -0.136, 2.075, -0.671, 3.662, , , , , , , 98.234, 8.992, 10.651, 0.000, 0.000, 0.000, 26.1, 0.65433, 0.74597, 0.12299, 0.01163, 410, 100,
 11:50:20.949,d2:03:b8:43:8d:44, 2015-01-01 00:05:15.440, -0.146, 0.97, -0.138, 2.93, -1.099, 0.732, , , , , , , 98.256, 8.97, 10.635, 0.000, 0.000, 0.000, 26.1, 0.65433, 0.74597, 0.12299, 0.01163, 410, 100,
 11:50:20.949,d2:03:b8:43:8d:44, 2015-01-01 00:05:15.440, -0.154, 0.972, -0.142, 3.174, -1.709, -2.441, , , , , , , 98.284, 8.981, 10.618, 0.000, 0.000, 0.000, 26.1, 0.65433, 0.74597, 0.12299, 0.01163, 410, 100,
 11:50:20.949,d2:03:b8:43:8d:44, 2015-01-01 00:05:15.440, -0.168, 0.974, -0.142, 3.296, -1.648, -4.211, , , , , , , 98.317, 9.02, 10.607, 0.000, 0.000, 0.000, 26.1, 0.65433, 0.74597, 0.12299, 0.01163, 410, 100,
 11:50:20.950,d2:03:b8:43:8d:44, 2015-01-01 00:05:15.440, -0.174, 0.976, -0.145, 3.357, -2.136, -3.418, , , , , , , 98.344, 9.064, 10.591, 0.000, 0.000, 0.000, 26.1, 0.65433, 0.74597, 0.12299, 0.01163, 410, 100,
 11:50:20.950,d2:03:b8:43:8d:44, 2015-01-01 00:05:15.440, -0.173, 0.979, -0.147, 2.991, -1.526, -0.427, , , , , , , 98.377, 9.086, 10.574, 0.000, 0.000, 0.000, 26.1, 0.65433, 0.74597, 0.12299, 0.01163, 410, 100,
 11:50:20.950,d2:03:b8:43:8d:44, 2015-01-01 00:05:15.440, -0.168, 0.977, -0.147, 2.625, -1.343, 2.563, , , , , , , 98.399, 9.08, 10.558, 0.000, 0.000, 0.000, 26.1, 0.65433, 0.74597, 0.12299, 0.01163, 410, 100,
 11:50:20.951,d2:03:b8:43:8d:44, 2015-01-01 00:05:15.440, -0.153, 0.976, -0.146, 2.441, -0.427, 4.456, , , , , , , 98.421, 9.042, 10.541, 0.000, 0.000, 0.000, 26.1, 0.65433, 0.74597, 0.12299, 0.01163, 410, 100,
 11:50:20.951,d2:03:b8:43:8d:44, 2015-01-01 00:05:15.440, -0.151, 0.975, -0.147, 2.441, 0.244, 4.944, , , , , , , 98.443, 8.992, 10.53, 0.000, 0.000, 0.000, 26.1, 0.65433, 0.74597, 0.12299, 0.01163, 410, 100,
 11:50:20.951,d2:03:b8:43:8d:44, 2015-01-01 00:05:15.440, -0.156, 0.971, -0.144, 2.747, -0.366, 2.319, , , , , , , 98.47, 8.959, 10.525, 0.000, 0.000, 0.000, 26.1, 0.65433, 0.74597, 0.12299, 0.01163, 410, 100,
 11:50:20.951,d2:03:b8:43:8d:44, 2015-01-01 00:05:15.440, -0.165, 0.972, -0.147, 2.808, -1.526, 0.427, , , , , , , 98.492, 8.948, 10.508, 0.000, 0.000, 0.000, 26.1, 0.65433, 0.74597, 0.12299, 0.01163, 410, 100,
 11:50:20.952,d2:03:b8:43:8d:44, 2015-01-01 00:05:15.440, -0.162, 0.977, -0.151, 2.197, -1.892, 1.709, , , , , , , 98.514, 8.943, 10.492, 0.000, 0.000, 0.000, 26.1, 0.65433, 0.74597, 0.12299, 0.01163, 410, 100,
 11:50:20.952,d2:03:b8:43:8d:44, 2015-01-01 00:05:15.440, -0.159, 0.978, -0.154, 1.221, -0.854, 3.723, , , , , , , 98.531, 8.915, 10.47, 0.000, 0.000, 0.000, 26.1, 0.65433, 0.74597, 0.12299, 0.01163, 410, 100,
 11:50:20.953,d2:03:b8:43:8d:44, 2015-01-01 00:05:15.440, -0.157, 0.978, -0.15, 0.793, 0.305, 4.944, , , , , , , 98.536, 8.871, 10.459, 0.000, 0.000, 0.000, 26.1, 0.65433, 0.74597, 0.12299, 0.01163, 410, 100,
 11:50:20.953,d2:03:b8:43:8d:44, 2015-01-01 00:05:15.440, -0.147, 0.975, -0.148, 0.732, 0.916, 5.615, , , , , , , 98.542, 8.822, 10.459, 0.000, 0.000, 0.000, 26.1, 0.65433, 0.74597, 0.12299, 0.01163, 410, 100,
 11:50:20.953,d2:03:b8:43:8d:44, 2015-01-01 00:05:15.440, -0.142, 0.976, -0.149, 0.549, 1.892, 5.31, , , , , , , 98.553, 8.762, 10.464, 0.000, 0.000, 0.000, 26.1, 0.65433, 0.74597, 0.12299, 0.01163, 410, 100,
 11:50:20.953,d2:03:b8:43:8d:44, 2015-01-01 00:05:15.440, -0.148, 0.971, -0.146, 0.671, 2.808, 2.808, , , , , , , 98.558, 8.718, 10.481, 0.000, 0.000, 0.000, 26.1, 0.65433, 0.74597, 0.12299, 0.01163, 410, 100,
 11:50:20.954,d2:03:b8:43:8d:44, 2015-01-01 00:05:15.440, -0.159, 0.972, -0.144, 1.099, 1.648, 0, , , , , , , 98.569, 8.701, 10.497, 0.000, 0.000, 0.000, 26.1, 0.65433, 0.74597, 0.12299, 0.01163, 410, 100,
 11:50:20.954,d2:03:b8:43:8d:44, 2015-01-01 00:05:15.440, -0.165, 0.974, -0.146, 1.282, 0.488, -0.61, , , , , , , 98.586, 8.707, 10.508, 0.000, 0.000, 0.000, 26.1, 0.65433, 0.74597, 0.12299, 0.01163, 410, 100,
 11:50:20.954,d2:03:b8:43:8d:44, 2015-01-01 00:05:15.440, -0.156, 0.977, -0.148, 1.221, -0.61, 1.038, , , , , , , 98.597, 8.707, 10.508, 0.000, 0.000, 0.000, 26.1, 0.65433, 0.74597, 0.12299, 0.01163, 410, 100,
 11:50:20.954,d2:03:b8:43:8d:44, 2015-01-01 00:05:15.440, -0.149, 0.976, -0.15, 0.977, -0.427, 2.075, , , , , , , 98.602, 8.69, 10.492, 0.000, 0.000, 0.000, 26.1, 0.65433, 0.74597, 0.12299, 0.01163, 410, 100,
 11:50:20.955,d2:03:b8:43:8d:44, 2015-01-01 00:05:15.440, -0.133, 0.975, -0.146, 1.343, 0.549, 1.953, , , , , , , 98.613, 8.668, 10.492, 0.000, 0.000, 0.000, 26.1, 0.65433, 0.74597, 0.12299, 0.01163, 410, 100,
 11:50:20.955,d2:03:b8:43:8d:44, 2015-01-01 00:05:15.440, -0.14, 0.972, -0.142, 2.625, 2.014, -0.549, , , , , , , 98.635, 8.663, 10.503, 0.000, 0.000, 0.000, 26.1, 0.65433, 0.74597, 0.12299, 0.01163, 410, 100,
 11:50:20.955,d2:03:b8:43:8d:44, 2015-01-01 00:05:15.440, -0.159, 0.97, -0.138, 4.517, 1.953, -5.31, , , , , , , 98.674, 8.69, 10.53, 0.000, 0.000, 0.000, 26.1, 0.65433, 0.74597, 0.12299, 0.01163, 410, 100,
 11:50:20.955,d2:03:b8:43:8d:44, 2015-01-01 00:05:15.440, -0.17, 0.971, -0.138, 6.287, 0.122, -6.897, , , , , , , 98.734, 8.756, 10.547, 0.000, 0.000, 0.000, 26.1, 0.65433, 0.74597, 0.12299, 0.01163, 410, 100,
 11:50:20.956,d2:03:b8:43:8d:44, 2015-01-01 00:05:15.440, -0.161, 0.973, -0.143, 7.446, -2.93, -5.92, , , , , , , 98.8, 8.822, 10.541, 0.000, 0.000, 0.000, 26.1, 0.65433, 0.74597, 0.12299, 0.01163, 410, 100,
 11:50:20.956,d2:03:b8:43:8d:44, 2015-01-01 00:05:15.440, -0.163, 0.975, -0.158, 7.202, -2.747, -4.15, , , , , , , 98.871, 8.877, 10.514, 0.000, 0.000, 0.000, 26.1, 0.65433, 0.74597, 0.12299, 0.01163, 410, 100,
 11:50:20.956,d2:03:b8:43:8d:44, 2015-01-01 00:05:15.440, -0.168, 0.976, -0.158, 6.592, -2.075, -2.93, , , , , , , 98.937, 8.915, 10.492, 0.000, 0.000, 0.000, 26.1, 0.65433, 0.74597, 0.12299, 0.01163, 410, 100,
 11:50:20.957,d2:03:b8:43:8d:44, 2015-01-01 00:05:15.440, -0.169, 0.975, -0.158, 6.348, -1.282, -0.732, , , , , , , 98.998, 8.937, 10.481, 0.000, 0.000, 0.000, 26.1, 0.65433, 0.74597, 0.12299, 0.01163, 410, 100,
 11:50:20.957,d2:03:b8:43:8d:44, 2015-01-01 00:05:15.440, -0.168, 0.978, -0.161, 5.676, -0.61, 2.502, , , , , , , 99.058, 8.926, 10.464, 0.000, 0.000, 0.000, 26.1, 0.65433, 0.74597, 0.12299, 0.01163, 410, 100,
 11:50:20.957,d2:03:b8:43:8d:44, 2015-01-01 00:05:15.440, -0.161, 0.977, -0.164, 4.639, 0.671, 5.432, , , , , , , 99.108, 8.888, 10.459, 0.000, 0.000, 0.000, 26.1, 0.65433, 0.74597, 0.12299, 0.01163, 410, 100,
 11:50:20.957,d2:03:b8:43:8d:44, 2015-01-01 00:05:15.440, -0.151, 0.976, -0.159, 4.15, 1.404, 7.568, , , , , , , 99.146, 8.817, 10.459, 0.000, 0.000, 0.000, 26.1, 0.65433, 0.74597, 0.12299, 0.01163, 410, 100,
 11:50:20.958,d2:03:b8:43:8d:44, 2015-01-01 00:05:15.440, -0.146, 0.972, -0.159, 4.211, 1.465, 6.714, , , , , , , 99.19, 8.745, 10.459, 0.000, 0.000, 0.000, 26.1, 0.65433, 0.74597, 0.12299, 0.01163, 410, 100,
 11:50:20.958,d2:03:b8:43:8d:44, 2015-01-01 00:05:15.440, -0.154, 0.972, -0.16, 4.15, 1.404, 4.883, , , , , , , 99.234, 8.685, 10.464, 0.000, 0.000, 0.000, 26.1, 0.65433, 0.74597, 0.12299, 0.01163, 410, 100,
 11:50:20.958,d2:03:b8:43:8d:44, 2015-01-01 00:05:15.440, -0.157, 0.971, -0.161, 4.028, 0.366, 3.54, , , , , , , 99.272, 8.646, 10.464, 0.000, 0.000, 0.000, 26.1, 0.65433, 0.74597, 0.12299, 0.01163, 410, 100,
 11:50:20.959,d2:03:b8:43:8d:44, 2015-01-01 00:05:15.440, -0.155, 0.976, -0.168, 2.991, 0.061, 4.578, , , , , , , 99.305, 8.608, 10.459, 0.000, 0.000, 0.000, 26.1, 0.65433, 0.74597, 0.12299, 0.01163, 410, 100,
 11:50:20.959,d2:03:b8:43:8d:44, 2015-01-01 00:05:15.440, -0.152, 0.974, -0.169, 1.526, 1.099, 5.737, , , , , , , 99.327, 8.553, 10.453, 0.000, 0.000, 0.000, 26.1, 0.65433, 0.74597, 0.12299, 0.01163, 410, 100,
 11:50:20.959,d2:03:b8:43:8d:44, 2015-01-01 00:05:15.440, -0.145, 0.974, -0.166, 0.488, 1.526, 6.47, , , , , , , 99.338, 8.487, 10.459, 0.000, 0.000, 0.000, 26.1, 0.65433, 0.74597, 0.12299, 0.01163, 410, 100,
 11:50:20.960,d2:03:b8:43:8d:44, 2015-01-01 00:05:15.440, -0.139, 0.973, -0.165, -0.244, 1.77, 6.165, , , , , , , 99.338, 8.421, 10.464, 0.000, 0.000, 0.000, 26.1, 0.65433, 0.74597, 0.12299, 0.01163, 410, 100,
 11:50:20.960,d2:03:b8:43:8d:44, 2015-01-01 00:05:15.440, -0.146, 0.971, -0.166, -0.916, 1.953, 4.272, , , , , , , 99.333, 8.372, 10.47, 0.000, 0.000, 0.000, 26.1, 0.65433, 0.74597, 0.12299, 0.01163, 410, 100,
 11:50:20.961,d2:03:b8:43:8d:44, 2015-01-01 00:05:15.440, -0.148, 0.974, -0.166, -1.953, 2.502, 3.296, , , , , , , 99.316, 8.333, 10.486, 0.000, 0.000, 0.000, 26.1, 0.65433, 0.74597, 0.12299, 0.01163, 410, 100,
 11:50:20.961,d2:03:b8:43:8d:44, 2015-01-01 00:05:15.440, -0.141, 0.976, -0.167, -2.991, 1.892, 4.333, , , , , , , 99.294, 8.289, 10.503, 0.000, 0.000, 0.000, 26.1, 0.65433, 0.74597, 0.12299, 0.01163, 410, 100,
 11:50:20.961,d2:03:b8:43:8d:44, 2015-01-01 00:05:15.440, -0.141, 0.974, -0.167, -4.272, 2.869, 3.967, , , , , , , 99.261, 8.245, 10.514, 0.000, 0.000, 0.000, 26.1, 0.65433, 0.74597, 0.12299, 0.01163, 410, 100,
 11:50:20.962,d2:03:b8:43:8d:44, 2015-01-01 00:05:15.440, -0.14, 0.972, -0.161, -4.639, 2.747, 2.747, , , , , , , 99.218, 8.207, 10.536, 0.000, 0.000, 0.000, 26.1, 0.65433, 0.74597, 0.12299, 0.01163, 410, 100,
 11:50:20.962,d2:03:b8:43:8d:44, 2015-01-01 00:05:15.440, -0.144, 0.973, -0.158, -4.517, 2.808, 1.526, , , , , , , 99.174, 8.179, 10.563, 0.000, 0.000, 0.000, 26.1, 0.65433, 0.74597, 0.12299, 0.01163, 410, 100,
 11:50:20.962,d2:03:b8:43:8d:44, 2015-01-01 00:05:15.440, -0.145, 0.973, -0.156, -4.089, 2.319, 0.488, , , , , , , 99.13, 8.168, 10.585, 0.000, 0.000, 0.000, 26.1, 0.65433, 0.74597, 0.12299, 0.01163, 410, 100,
 11:50:20.962,d2:03:b8:43:8d:44, 2015-01-01 00:05:15.440, -0.142, 0.975, -0.155, -3.845, 2.136, 0.488, , , , , , , 99.091, 8.163, 10.607, 0.000, 0.000, 0.000, 26.1, 0.65433, 0.74597, 0.12299, 0.01163, 410, 100,
 11:50:20.963,d2:03:b8:43:8d:44, 2015-01-01 00:05:15.440, -0.151, 0.971, -0.152, -3.235, 0.427, -0.732, , , , , , , 99.058, 8.157, 10.618, 0.000, 0.000, 0.000, 26.1, 0.65433, 0.74597, 0.12299, 0.01163, 410, 100,
 11:50:20.963,d2:03:b8:43:8d:44, 2015-01-01 00:05:15.440, -0.151, 0.974, -0.152, -2.625, -0.793, -1.587, , , , , , , 99.031, 8.174, 10.613, 0.000, 0.000, 0.000, 26.1, 0.65433, 0.74597, 0.12299, 0.01163, 410, 100,
 11:50:20.963,d2:03:b8:43:8d:44, 2015-01-01 00:05:15.440, -0.149, 0.978, -0.155, -2.319, -0.977, 0.122, , , , , , , 99.003, 8.185, 10.602, 0.000, 0.000, 0.000, 26.1, 0.65433, 0.74597, 0.12299, 0.01163, 410, 100,
 11:50:20.964,d2:03:b8:43:8d:44, 2015-01-01 00:05:15.440, -0.145, 0.977, -0.155, -2.075, -0.244, 1.099, , , , , , , 98.976, 8.179, 10.596, 0.000, 0.000, 0.000, 26.1, 0.65433, 0.74597, 0.12299, 0.01163, 410, 100,
 11:50:20.964,d2:03:b8:43:8d:44, 2015-01-01 00:05:15.440, -0.14, 0.975, -0.153, -1.77, 0, 1.404, , , , , , , 98.959, 8.168, 10.591, 0.000, 0.000, 0.000, 26.1, 0.65433, 0.74597, 0.12299, 0.01163, 410, 100,
 11:50:20.964,d2:03:b8:43:8d:44, 2015-01-01 00:05:15.440, -0.137, 0.975, -0.152, -1.16, 0.427, 0.732, , , , , , , 98.943, 8.157, 10.591, 0.000, 0.000, 0.000, 26.1, 0.65433, 0.74597, 0.12299, 0.01163, 410, 100,
 11:50:20.965,d2:03:b8:43:8d:44, 2015-01-01 00:05:15.440, -0.134, 0.973, -0.151, -0.488, 0, -1.038, , , , , , , 98.932, 8.157, 10.591, 0.000, 0.000, 0.000, 26.1, 0.65433, 0.74597, 0.12299, 0.01163, 410, 100,
 11:50:20.965,d2:03:b8:43:8d:44, 2015-01-01 00:05:15.440, -0.143, 0.972, -0.153, -0.061, -0.305, -3.906, , , , , , , 98.932, 8.185, 10.591, 0.000, 0.000, 0.000, 26.1, 0.65433, 0.74597, 0.12299, 0.01163, 410, 100,
 11:50:20.965,d2:03:b8:43:8d:44, 2015-01-01 00:05:15.440, -0.148, 0.975, -0.158, -0.549, -0.488, -4.761, , , , , , , 98.926, 8.234, 10.591, 0.000, 0.000, 0.000, 26.1, 0.65433, 0.74597, 0.12299, 0.01163, 410, 100,
 11:50:20.965,d2:03:b8:43:8d:44, 2015-01-01 00:05:15.440, -0.152, 0.975, -0.156, -1.16, -1.099, -4.822, , , , , , , 98.915, 8.278, 10.591, 0.000, 0.000, 0.000, 26.1, 0.65433, 0.74597, 0.12299, 0.01163, 410, 100,
 11:50:20.966,d2:03:b8:43:8d:44, 2015-01-01 00:05:15.440, -0.144, 0.974, -0.158, -1.77, -2.075, -4.395, , , , , , , 98.899, 8.333, 10.58, 0.000, 0.000, 0.000, 26.1, 0.65433, 0.74597, 0.12299, 0.01163, 410, 100,
 11:50:20.966,d2:03:b8:43:8d:44, 2015-01-01 00:05:15.440, -0.149, 0.976, -0.16, -2.563, -1.099, -4.089, , , , , , , 98.871, 8.372, 10.569, 0.000, 0.000, 0.000, 26.1, 0.65433, 0.74597, 0.12299, 0.01163, 410, 100,
 11:50:20.966,d2:03:b8:43:8d:44, 2015-01-01 00:05:15.440, -0.147, 0.974, -0.155, -2.991, -0.854, -4.517, , , , , , , 98.844, 8.421, 10.563, 0.000, 0.000, 0.000, 26.1, 0.65433, 0.74597, 0.12299, 0.01163, 410, 100,
 11:50:20.967,d2:03:b8:43:8d:44, 2015-01-01 00:05:15.440, -0.149, 0.977, -0.155, -3.54, -0.305, -4.456, , , , , , , 98.811, 8.465, 10.563, 0.000, 0.000, 0.000, 26.1, 0.65433, 0.74597, 0.12299, 0.01163, 410, 100,
 11:50:20.967,d2:03:b8:43:8d:44, 2015-01-01 00:05:15.440, -0.15, 0.974, -0.154, -3.784, 0.122, -4.822, , , , , , , 98.773, 8.514, 10.569, 0.000, 0.000, 0.000, 26.1, 0.65433, 0.74597, 0.12299, 0.01163, 410, 100,
 11:50:20.967,d2:03:b8:43:8d:44, 2015-01-01 00:05:15.440, -0.15, 0.975, -0.149, -3.601, 0, -5.127, , , , , , , 98.734, 8.564, 10.574, 0.000, 0.000, 0.000, 26.1, 0.65433, 0.74597, 0.12299, 0.01163, 410, 100,
 11:50:20.967,d2:03:b8:43:8d:44, 2015-01-01 00:05:15.440, -0.151, 0.974, -0.149, -3.296, -0.183, -5.798, , , , , , , 98.701, 8.619, 10.58, 0.000, 0.000, 0.000, 26.1, 0.65433, 0.74597, 0.12299, 0.01163, 410, 100,
 11:50:20.968,d2:03:b8:43:8d:44, 2015-01-01 00:05:15.440, -0.158, 0.976, -0.151, -3.235, 0.244, -6.226, , , , , , , 98.668, 8.679, 10.591, 0.000, 0.000, 0.000, 26.1, 0.65433, 0.74597, 0.12299, 0.01163, 410, 100,
 11:50:20.968,d2:03:b8:43:8d:44, 2015-01-01 00:05:15.440, -0.16, 0.975, -0.148, -3.174, 0.244, -5.676, , , , , , , 98.635, 8.74, 10.602, 0.000, 0.000, 0.000, 26.1, 0.65433, 0.74597, 0.12299, 0.01163, 410, 100,
 11:50:20.968,d2:03:b8:43:8d:44, 2015-01-01 00:05:15.440, -0.163, 0.977, -0.147, -3.052, 0.183, -5.066, , , , , , , 98.608, 8.789, 10.607, 0.000, 0.000, 0.000, 26.1, 0.65433, 0.74597, 0.12299, 0.01163, 410, 100,
 11:50:20.969,d2:03:b8:43:8d:44, 2015-01-01 00:05:15.440, -0.16, 0.976, -0.146, -2.686, 0.549, -3.906, , , , , , , 98.58, 8.839, 10.618, 0.000, 0.000, 0.000, 26.1, 0.65433, 0.74597, 0.12299, 0.01163, 410, 100,
 11:50:20.969,d2:03:b8:43:8d:44, 2015-01-01 00:05:15.440, -0.16, 0.976, -0.144, -2.075, 0.183, -3.357, , , , , , , 98.553, 8.871, 10.629, 0.000, 0.000, 0.000, 26.1, 0.65433, 0.74597, 0.12299, 0.01163, 410, 100,
 11:50:20.969,d2:03:b8:43:8d:44, 2015-01-01 00:05:15.440, -0.167, 0.974, -0.146, -1.648, 0.183, -3.601, , , , , , , 98.536, 8.904, 10.629, 0.000, 0.000, 0.000, 26.1, 0.65433, 0.74597, 0.12299, 0.01163, 410, 100,
 11:50:20.969,d2:03:b8:43:8d:44, 2015-01-01 00:05:15.440, -0.166, 0.976, -0.146, -1.404, 0.244, -1.892, , , , , , , 98.52, 8.932, 10.64, 0.000, 0.000, 0.000, 26.1, 0.65433, 0.74597, 0.12299, 0.01163, 410, 100,
 11:50:20.970,d2:03:b8:43:8d:44, 2015-01-01 00:05:15.440, -0.161, 0.976, -0.147, -1.221, 0.61, -0.183, , , , , , , 98.509, 8.943, 10.64, 0.000, 0.000, 0.000, 26.1, 0.65433, 0.74597, 0.12299, 0.01163, 410, 100,
 11:50:20.970,d2:03:b8:43:8d:44, 2015-01-01 00:05:15.440, -0.16, 0.974, -0.145, -0.854, 0.549, 0.549, , , , , , , 98.498, 8.943, 10.646, 0.000, 0.000, 0.000, 26.1, 0.65433, 0.74597, 0.12299, 0.01163, 410, 100,
 11:50:20.970,d2:03:b8:43:8d:44, 2015-01-01 00:05:15.440, -0.162, 0.975, -0.146, -0.549, 1.099, 0.977, , , , , , , 98.492, 8.932, 10.651, 0.000, 0.000, 0.000, 26.1, 0.65433, 0.74597, 0.12299, 0.01163, 410, 100,
 11:50:20.970,d2:03:b8:43:8d:44, 2015-01-01 00:05:15.440, -0.161, 0.976, -0.146, -0.366, 0.549, 1.526, , , , , , , 98.487, 8.915, 10.657, 0.000, 0.000, 0.000, 26.1, 0.65433, 0.74597, 0.12299, 0.01163, 410, 100,
 11:50:20.971,d2:03:b8:43:8d:44, 2015-01-01 00:05:15.440, -0.163, 0.975, -0.148, -0.366, 0.732, 2.075, , , , , , , 98.481, 8.899, 10.657, 0.000, 0.000, 0.000, 26.1, 0.65433, 0.74597, 0.12299, 0.01163, 410, 100,
 11:50:20.971,d2:03:b8:43:8d:44, 2015-01-01 00:05:15.440, -0.165, 0.977, -0.148, -0.732, 0.488, 2.93, , , , , , , 98.476, 8.871, 10.662, 0.000, 0.000, 0.000, 26.1, 0.65433, 0.74597, 0.12299, 0.01163, 410, 100,
 11:50:20.971,d2:03:b8:43:8d:44, 2015-01-01 00:05:15.440, -0.162, 0.976, -0.149, -1.16, 0.916, 4.456, , , , , , , 98.465, 8.833, 10.662, 0.000, 0.000, 0.000, 26.1, 0.65433, 0.74597, 0.12299, 0.01163, 410, 100,
 11:50:20.971,d2:03:b8:43:8d:44, 2015-01-01 00:05:15.440, -0.149, 0.975, -0.145, -1.221, 0, 5.676, , , , , , , 98.454, 8.784, 10.657, 0.000, 0.000, 0.000, 26.1, 0.65433, 0.74597, 0.12299, 0.01163, 410, 100,
 11:50:20.972,d2:03:b8:43:8d:44, 2015-01-01 00:05:15.440, -0.149, 0.974, -0.147, -1.343, 0.793, 4.944, , , , , , , 98.438, 8.729, 10.651, 0.000, 0.000, 0.000, 26.1, 0.65433, 0.74597, 0.12299, 0.01163, 410, 100,
 11:50:20.972,d2:03:b8:43:8d:44, 2015-01-01 00:05:15.440, -0.153, 0.974, -0.144, -1.099, 0.183, 3.357, , , , , , , 98.427, 8.69, 10.651, 0.000, 0.000, 0.000, 26.1, 0.65433, 0.74597, 0.12299, 0.01163, 410, 100,
 11:50:20.972,d2:03:b8:43:8d:44, 2015-01-01 00:05:15.440, -0.155, 0.976, -0.147, -1.282, 0.244, 2.686, , , , , , , 98.41, 8.657, 10.646, 0.000, 0.000, 0.000, 26.1, 0.65433, 0.74597, 0.12299, 0.01163, 410, 100,
 11:50:20.973,d2:03:b8:43:8d:44, 2015-01-01 00:05:15.440, -0.149, 0.977, -0.145, -1.465, -0.244, 3.113, , , , , , , 98.394, 8.63, 10.64, 0.000, 0.000, 0.000, 26.1, 0.65433, 0.74597, 0.12299, 0.01163, 410, 100,
 11:50:20.973,d2:03:b8:43:8d:44, 2015-01-01 00:05:15.440, -0.148, 0.975, -0.145, -1.526, -0.488, 2.38, , , , , , , 98.377, 8.602, 10.629, 0.000, 0.000, 0.000, 26.1, 0.65433, 0.74597, 0.12299, 0.01163, 410, 100,
 11:50:20.974,d2:03:b8:43:8d:44, 2015-01-01 00:05:15.440, -0.149, 0.976, -0.144, -1.404, -0.366, 1.465, , , , , , , 98.361, 8.586, 10.624, 0.000, 0.000, 0.000, 26.1, 0.65433, 0.74597, 0.12299, 0.01163, 410, 100,
 11:50:20.974,d2:03:b8:43:8d:44, 2015-01-01 00:05:15.440, -0.149, 0.976, -0.143, -1.221, 0.183, 1.221, , , , , , , 98.344, 8.575, 10.618, 0.000, 0.000, 0.000, 26.1, 0.65433, 0.74597, 0.12299, 0.01163, 410, 100,
 11:50:20.974,d2:03:b8:43:8d:44, 2015-01-01 00:05:15.440, -0.148, 0.975, -0.142, -0.793, 0.244, 0.671, , , , , , , 98.333, 8.564, 10.618, 0.000, 0.000, 0.000, 26.1, 0.65433, 0.74597, 0.12299, 0.01163, 410, 100,
 11:50:20.974,d2:03:b8:43:8d:44, 2015-01-01 00:05:15.440, -0.153, 0.974, -0.142, -0.366, 0.488, -0.305, , , , , , , 98.328, 8.564, 10.618, 0.000, 0.000, 0.000, 26.1, 0.65433, 0.74597, 0.12299, 0.01163, 410, 100,
 11:50:20.975,d2:03:b8:43:8d:44, 2015-01-01 00:05:15.440, -0.159, 0.975, -0.142, 0, -0.061, -0.977, , , , , , , 98.328, 8.569, 10.624, 0.000, 0.000, 0.000, 26.1, 0.65433, 0.74597, 0.12299, 0.01163, 410, 100,
 11:50:21.205,d2:03:b8:43:8d:44, 2015-01-01 00:05:15.440, -0.161, 0.977, -0.143, 0.305, 0, -0.305, , , , , , , 98.328, 8.58, 10.618, 0.000, 0.000, 0.000, 26.1, 0.65433, 0.74597, 0.12299, 0.01163, 410, 100,
 11:50:21.443,d2:03:b8:43:8d:44, 2015-01-01 00:05:15.825, -0.154, 0.978, -0.143, 0.488, -0.61, 1.526, , , , , , , 98.328, 8.575, 10.613, 0.000, 0.000, 0.000, 26.1, 0.65405, 0.7464, 0.1225, 0.00485, 410, 100,
 11:50:21.638,d2:03:b8:43:8d:44, 2015-01-01 00:05:15.825, -0.153, 0.978, -0.146, 0.427, 0, 2.38, , , , , , , 98.333, 8.553, 10.607, 0.000, 0.000, 0.000, 26.1, 0.65405, 0.7464, 0.1225, 0.00485, 410, 100,
 11:50:21.639,d2:03:b8:43:8d:44, 2015-01-01 00:05:16.245, -0.149, 0.976, -0.144, 0.61, 0, 2.563, , , , , , , 98.339, 8.531, 10.602, 0.000, 0.000, 0.000, 26.1, 0.66006, 0.74185, 0.11774, 0.00476, 410, 100,
 11:50:21.639,d2:03:b8:43:8d:44, 2015-01-01 00:05:16.245, -0.145, 0.977, -0.144, 0.61, 0.244, 2.686, , , , , , , 98.344, 8.503, 10.596, 0.000, 0.000, 0.000, 26.1, 0.66006, 0.74185, 0.11774, 0.00476, 410, 100,
 11:50:21.639,d2:03:b8:43:8d:44, 2015-01-01 00:05:16.245, -0.143, 0.975, -0.142, 0.854, -0.061, 1.404, , , , , , , 98.35, 8.481, 10.596, 0.000, 0.000, 0.000, 26.1, 0.66006, 0.74185, 0.11774, 0.00476, 410, 100,
 11:50:21.639,d2:03:b8:43:8d:44, 2015-01-01 00:05:16.245, -0.149, 0.975, -0.143, 1.099, 0.061, -0.305, , , , , , , 98.361, 8.476, 10.591, 0.000, 0.000, 0.000, 26.1, 0.66006, 0.74185, 0.11774, 0.00476, 410, 100,
 11:50:21.640,d2:03:b8:43:8d:44, 2015-01-01 00:05:16.245, -0.151, 0.974, -0.143, 1.343, -0.427, -1.343, , , , , , , 98.372, 8.487, 10.591, 0.000, 0.000, 0.000, 26.1, 0.66006, 0.74185, 0.11774, 0.00476, 410, 100,
 11:50:21.640,d2:03:b8:43:8d:44, 2015-01-01 00:05:16.245, -0.152, 0.976, -0.145, 1.404, -0.366, -1.648, , , , , , , 98.383, 8.503, 10.585, 0.000, 0.000, 0.000, 26.1, 0.66006, 0.74185, 0.11774, 0.00476, 410, 100,
 11:50:21.640,d2:03:b8:43:8d:44, 2015-01-01 00:05:16.245, -0.15, 0.976, -0.147, 1.221, -0.549, -1.77, , , , , , , 98.394, 8.525, 10.58, 0.000, 0.000, 0.000, 26.1, 0.66006, 0.74185, 0.11774, 0.00476, 410, 100,
 11:50:21.640,d2:03:b8:43:8d:44, 2015-01-01 00:05:16.245, -0.152, 0.978, -0.147, 0.732, -0.183, -1.587, , , , , , , 98.405, 8.542, 10.58, 0.000, 0.000, 0.000, 26.1, 0.66006, 0.74185, 0.11774, 0.00476, 410, 100,
 11:50:21.640,d2:03:b8:43:8d:44, 2015-01-01 00:05:16.245, -0.153, 0.976, -0.147, 0.427, 0, -1.465, , , , , , , 98.41, 8.558, 10.58, 0.000, 0.000, 0.000, 26.1, 0.66006, 0.74185, 0.11774, 0.00476, 410, 100,
 11:50:21.641,d2:03:b8:43:8d:44, 2015-01-01 00:05:16.245, -0.153, 0.977, -0.146, 0.244, 0.244, -1.099, , , , , , , 98.41, 8.569, 10.585, 0.000, 0.000, 0.000, 26.1, 0.66006, 0.74185, 0.11774, 0.00476, 410, 100,
 11:50:21.641,d2:03:b8:43:8d:44, 2015-01-01 00:05:16.245, -0.151, 0.975, -0.145, 0.427, 0.061, -0.977, , , , , , , 98.416, 8.58, 10.585, 0.000, 0.000, 0.000, 26.1, 0.66006, 0.74185, 0.11774, 0.00476, 410, 100,
 11:50:21.641,d2:03:b8:43:8d:44, 2015-01-01 00:05:16.245, -0.148, 0.976, -0.144, 0.61, 0, -1.099, , , , , , , 98.421, 8.591, 10.585, 0.000, 0.000, 0.000, 26.1, 0.66006, 0.74185, 0.11774, 0.00476, 410, 100,
 11:50:21.642,d2:03:b8:43:8d:44, 2015-01-01 00:05:16.245, -0.146, 0.973, -0.143, 1.221, -0.183, -2.319, , , , , , , 98.432, 8.608, 10.585, 0.000, 0.000, 0.000, 26.1, 0.66006, 0.74185, 0.11774, 0.00476, 410, 100,
 11:50:21.642,d2:03:b8:43:8d:44, 2015-01-01 00:05:16.245, -0.149, 0.975, -0.143, 1.709, -0.366, -3.906, , , , , , , 98.443, 8.641, 10.585, 0.000, 0.000, 0.000, 26.1, 0.66006, 0.74185, 0.11774, 0.00476, 410, 100,
 11:50:21.643,d2:03:b8:43:8d:44, 2015-01-01 00:05:16.245, -0.155, 0.975, -0.147, 1.831, -0.366, -5.371, , , , , , , 98.465, 8.69, 10.585, 0.000, 0.000, 0.000, 26.1, 0.66006, 0.74185, 0.11774, 0.00476, 410, 100,
 11:50:21.643,d2:03:b8:43:8d:44, 2015-01-01 00:05:16.245, -0.153, 0.977, -0.147, 1.648, -0.244, -5.493, , , , , , , 98.481, 8.745, 10.591, 0.000, 0.000, 0.000, 26.1, 0.66006, 0.74185, 0.11774, 0.00476, 410, 100,
 11:50:21.643,d2:03:b8:43:8d:44, 2015-01-01 00:05:16.245, -0.159, 0.977, -0.151, 1.16, 0.977, -4.761, , , , , , , 98.498, 8.8, 10.602, 0.000, 0.000, 0.000, 26.1, 0.66006, 0.74185, 0.11774, 0.00476, 410, 100,
 11:50:21.644,d2:03:b8:43:8d:44, 2015-01-01 00:05:16.245, -0.161, 0.976, -0.148, 0.854, 1.709, -4.517, , , , , , , 98.509, 8.844, 10.624, 0.000, 0.000, 0.000, 26.1, 0.66006, 0.74185, 0.11774, 0.00476, 410, 100,
 11:50:21.644,d2:03:b8:43:8d:44, 2015-01-01 00:05:16.245, -0.16, 0.976, -0.149, 0.549, 1.709, -3.479, , , , , , , 98.52, 8.882, 10.64, 0.000, 0.000, 0.000, 26.1, 0.66006, 0.74185, 0.11774, 0.00476, 410, 100,
 11:50:21.671,d2:03:b8:43:8d:44, 2015-01-01 00:05:16.245, -0.163, 0.976, -0.149, 0.183, 1.587, -3.174, , , , , , , 98.525, 8.91, 10.662, 0.000, 0.000, 0.000, 26.1, 0.66006, 0.74185, 0.11774, 0.00476, 410, 100,
 11:50:21.672,d2:03:b8:43:8d:44, 2015-01-01 00:05:16.245, -0.162, 0.974, -0.15, -0.244, 1.221, -2.808, , , , , , , 98.525, 8.937, 10.679, 0.000, 0.000, 0.000, 26.1, 0.66006, 0.74185, 0.11774, 0.00476, 410, 100,
 11:50:21.672,d2:03:b8:43:8d:44, 2015-01-01 00:05:16.245, -0.162, 0.975, -0.148, -0.549, 0.732, -2.686, , , , , , , 98.52, 8.965, 10.695, 0.000, 0.000, 0.000, 26.1, 0.66006, 0.74185, 0.11774, 0.00476, 410, 100,
 11:50:21.672,d2:03:b8:43:8d:44, 2015-01-01 00:05:16.245, -0.159, 0.975, -0.15, -0.793, 0.916, -1.892, , , , , , , 98.514, 8.987, 10.706, 0.000, 0.000, 0.000, 26.1, 0.66006, 0.74185, 0.11774, 0.00476, 410, 100,
 11:50:21.673,d2:03:b8:43:8d:44, 2015-01-01 00:05:16.245, -0.156, 0.976, -0.148, -1.099, 0.732, -1.648, , , , , , , 98.509, 9.003, 10.712, 0.000, 0.000, 0.000, 26.1, 0.66006, 0.74185, 0.11774, 0.00476, 410, 100,
 11:50:21.673,d2:03:b8:43:8d:44, 2015-01-01 00:05:16.245, -0.16, 0.974, -0.15, -1.404, 1.282, -2.136, , , , , , , 98.498, 9.02, 10.723, 0.000, 0.000, 0.000, 26.1, 0.66006, 0.74185, 0.11774, 0.00476, 410, 100,
 11:50:21.673,d2:03:b8:43:8d:44, 2015-01-01 00:05:16.245, -0.16, 0.975, -0.148, -1.648, 1.221, -2.258, , , , , , , 98.481, 9.042, 10.739, 0.000, 0.000, 0.000, 26.1, 0.66006, 0.74185, 0.11774, 0.00476, 410, 100,
 11:50:21.673,d2:03:b8:43:8d:44, 2015-01-01 00:05:16.245, -0.165, 0.975, -0.149, -2.136, 1.953, -1.526, , , , , , , 98.465, 9.058, 10.756, 0.000, 0.000, 0.000, 26.1, 0.66006, 0.74185, 0.11774, 0.00476, 410, 100,
 11:50:21.893,d2:03:b8:43:8d:44, 2015-01-01 00:05:16.245, -0.162, 0.975, -0.144, -2.014, 1.526, -1.282, , , , , , , 98.443, 9.069, 10.778, 0.000, 0.000, 0.000, 26.1, 0.66006, 0.74185, 0.11774, 0.00476, 410, 100,
 11:50:22.162,d2:03:b8:43:8d:44, 2015-01-01 00:05:16.245, -0.166, 0.974, -0.145, -1.709, 1.343, -1.16, , , , , , , 98.427, 9.08, 10.789, 0.000, 0.000, 0.000, 26.1, 0.66006, 0.74185, 0.11774, 0.00476, 410, 100,
 11:50:22.359,d2:03:b8:43:8d:44, 2015-01-01 00:05:16.720, -0.166, 0.975, -0.143, -1.343, 0.61, -1.099, , , , , , , 98.416, 9.091, 10.8, 0.000, 0.000, 0.000, 26.1, 0.65585, 0.74399, 0.12741, -0.00012, 410, 100,
 11:50:22.360,d2:03:b8:43:8d:44, 2015-01-01 00:05:16.720, -0.167, 0.975, -0.146, -1.16, 0.732, -0.183, , , , , , , 98.405, 9.097, 10.805, 0.000, 0.000, 0.000, 26.1, 0.65585, 0.74399, 0.12741, -0.00012, 410, 100,
 11:50:22.360,d2:03:b8:43:8d:44, 2015-01-01 00:05:16.720, -0.16, 0.977, -0.146, -1.282, 0.854, 1.282, , , , , , , 98.388, 9.091, 10.816, 0.000, 0.000, 0.000, 26.1, 0.65585, 0.74399, 0.12741, -0.00012, 410, 100,
 11:50:22.361,d2:03:b8:43:8d:44, 2015-01-01 00:05:16.720, -0.158, 0.976, -0.148, -1.831, 1.892, 1.953, , , , , , , 98.377, 9.075, 10.822, 0.000, 0.000, 0.000, 26.1, 0.65585, 0.74399, 0.12741, -0.00012, 410, 100,
 11:50:22.361,d2:03:b8:43:8d:44, 2015-01-01 00:05:16.720, -0.16, 0.974, -0.143, -1.709, 1.892, 1.526, , , , , , , 98.361, 9.053, 10.838, 0.000, 0.000, 0.000, 26.1, 0.65585, 0.74399, 0.12741, -0.00012, 410, 100,
 11:50:22.361,d2:03:b8:43:8d:44, 2015-01-01 00:05:16.720, -0.166, 0.973, -0.142, -1.221, 1.892, 0.793, , , , , , , 98.344, 9.042, 10.854, 0.000, 0.000, 0.000, 26.1, 0.65585, 0.74399, 0.12741, -0.00012, 410, 100,
 11:50:22.362,d2:03:b8:43:8d:44, 2015-01-01 00:05:16.720, -0.164, 0.976, -0.143, -0.916, 1.282, 1.526, , , , , , , 98.339, 9.025, 10.871, 0.000, 0.000, 0.000, 26.1, 0.65585, 0.74399, 0.12741, -0.00012, 410, 100,
 11:50:22.362,d2:03:b8:43:8d:44, 2015-01-01 00:05:16.720, -0.162, 0.976, -0.145, -1.038, 1.77, 2.625, , , , , , , 98.328, 9.003, 10.882, 0.000, 0.000, 0.000, 26.1, 0.65585, 0.74399, 0.12741, -0.00012, 410, 100,
 11:50:22.380,d2:03:b8:43:8d:44, 2015-01-01 00:05:16.720, -0.156, 0.975, -0.144, -1.16, 1.16, 3.113, , , , , , , 98.317, 8.97, 10.887, 0.000, 0.000, 0.000, 26.1, 0.65585, 0.74399, 0.12741, -0.00012, 410, 100,
 11:50:22.380,d2:03:b8:43:8d:44, 2015-01-01 00:05:16.720, -0.162, 0.975, -0.146, -1.587, 2.197, 3.052, , , , , , , 98.306, 8.937, 10.898, 0.000, 0.000, 0.000, 26.1, 0.65585, 0.74399, 0.12741, -0.00012, 410, 100,
 11:50:22.380,d2:03:b8:43:8d:44, 2015-01-01 00:05:16.720, -0.155, 0.975, -0.146, -1.892, 2.014, 3.418, , , , , , , 98.289, 8.904, 10.915, 0.000, 0.000, 0.000, 26.1, 0.65585, 0.74399, 0.12741, -0.00012, 410, 100,
 11:50:22.381,d2:03:b8:43:8d:44, 2015-01-01 00:05:16.720, -0.154, 0.977, -0.15, -2.747, 3.235, 4.089, , , , , , , 98.267, 8.86, 10.931, 0.000, 0.000, 0.000, 26.1, 0.65585, 0.74399, 0.12741, -0.00012, 410, 100,
 11:50:22.381,d2:03:b8:43:8d:44, 2015-01-01 00:05:16.720, -0.152, 0.975, -0.144, -2.991, 4.272, 3.296, , , , , , , 98.24, 8.822, 10.964, 0.000, 0.000, 0.000, 26.1, 0.65585, 0.74399, 0.12741, -0.00012, 410, 100,
 11:50:22.381,d2:03:b8:43:8d:44, 2015-01-01 00:05:16.720, -0.15, 0.974, -0.138, -2.38, 4.517, 2.563, , , , , , , 98.218, 8.784, 11.008, 0.000, 0.000, 0.000, 26.1, 0.65585, 0.74399, 0.12741, -0.00012, 410, 100,
 11:50:22.382,d2:03:b8:43:8d:44, 2015-01-01 00:05:16.720, -0.161, 0.972, -0.135, -1.343, 3.235, 0.427, , , , , , , 98.207, 8.767, 11.041, 0.000, 0.000, 0.000, 26.1, 0.65585, 0.74399, 0.12741, -0.00012, 410, 100,
 11:50:22.382,d2:03:b8:43:8d:44, 2015-01-01 00:05:16.720, -0.157, 0.975, -0.141, -0.732, 2.686, 0.366, , , , , , , 98.201, 8.762, 11.069, 0.000, 0.000, 0.000, 26.1, 0.65585, 0.74399, 0.12741, -0.00012, 410, 100,
 11:50:22.382,d2:03:b8:43:8d:44, 2015-01-01 00:05:16.720, -0.166, 0.981, -0.15, -2.075, 3.845, 2.258, , , , , , , 98.19, 8.74, 11.096, 0.000, 0.000, 0.000, 26.1, 0.65585, 0.74399, 0.12741, -0.00012, 410, 100,
 11:50:22.383,d2:03:b8:43:8d:44, 2015-01-01 00:05:16.720, -0.167, 0.979, -0.145, -2.563, 5.859, 3.906, , , , , , , 98.174, 8.707, 11.14, 0.000, 0.000, 0.000, 26.1, 0.65585, 0.74399, 0.12741, -0.00012, 410, 100,
 11:50:22.383,d2:03:b8:43:8d:44, 2015-01-01 00:05:16.720, -0.16, 0.98, -0.142, -2.808, 5.737, 7.263, , , , , , , 98.152, 8.641, 11.19, 0.000, 0.000, 0.000, 26.1, 0.65585, 0.74399, 0.12741, -0.00012, 410, 100,
 11:50:22.383,d2:03:b8:43:8d:44, 2015-01-01 00:05:16.720, -0.156, 0.976, -0.139, -2.686, 6.653, 8.118, , , , , , , 98.13, 8.553, 11.245, 0.000, 0.000, 0.000, 26.1, 0.65585, 0.74399, 0.12741, -0.00012, 410, 100,
 11:50:22.384,d2:03:b8:43:8d:44, 2015-01-01 00:05:16.720, -0.143, 0.975, -0.131, -1.709, 5.31, 8.789, , , , , , , 98.113, 8.459, 11.294, 0.000, 0.000, 0.000, 26.1, 0.65585, 0.74399, 0.12741, -0.00012, 410, 100,
 11:50:22.384,d2:03:b8:43:8d:44, 2015-01-01 00:05:16.720, -0.142, 0.972, -0.129, 0.183, 2.319, 6.409, , , , , , , 98.108, 8.377, 11.316, 0.000, 0.000, 0.000, 26.1, 0.65585, 0.74399, 0.12741, -0.00012, 410, 100,
 11:50:22.384,d2:03:b8:43:8d:44, 2015-01-01 00:05:16.720, -0.144, 0.973, -0.133, 1.465, 1.038, 3.418, , , , , , , 98.119, 8.328, 11.321, 0.000, 0.000, 0.000, 26.1, 0.65585, 0.74399, 0.12741, -0.00012, 410, 100,
 11:50:22.385,d2:03:b8:43:8d:44, 2015-01-01 00:05:16.720, -0.12, 0.976, -0.139, 1.831, -0.244, 2.93, , , , , , , 98.135, 8.3, 11.321, 0.000, 0.000, 0.000, 26.1, 0.65585, 0.74399, 0.12741, -0.00012, 410, 100,
 11:50:22.385,d2:03:b8:43:8d:44, 2015-01-01 00:05:16.720, -0.136, 0.976, -0.148, 0.854, 0.671, 0, , , , , , , 98.146, 8.284, 11.316, 0.000, 0.000, 0.000, 26.1, 0.65585, 0.74399, 0.12741, -0.00012, 410, 100,
 11:50:22.386,d2:03:b8:43:8d:44, 2015-01-01 00:05:16.720, -0.154, 0.975, -0.14, 1.16, 1.953, -3.662, , , , , , , 98.157, 8.306, 11.332, 0.000, 0.000, 0.000, 26.1, 0.65585, 0.74399, 0.12741, -0.00012, 410, 100,
 11:50:22.386,d2:03:b8:43:8d:44, 2015-01-01 00:05:16.720, -0.155, 0.981, -0.145, 0.916, 2.686, -1.892, , , , , , , 98.174, 8.333, 11.36, 0.000, 0.000, 0.000, 26.1, 0.65585, 0.74399, 0.12741, -0.00012, 410, 100,
 11:50:22.386,d2:03:b8:43:8d:44, 2015-01-01 00:05:16.720, -0.16, 0.98, -0.145, 0.305, 4.333, 0.244, , , , , , , 98.185, 8.333, 11.398, 0.000, 0.000, 0.000, 26.1, 0.65585, 0.74399, 0.12741, -0.00012, 410, 100,
 11:50:22.387,d2:03:b8:43:8d:44, 2015-01-01 00:05:16.720, -0.15, 0.976, -0.139, 0.61, 2.991, 1.526, , , , , , , 98.196, 8.317, 11.431, 0.000, 0.000, 0.000, 26.1, 0.65585, 0.74399, 0.12741, -0.00012, 410, 100,
 11:50:22.387,d2:03:b8:43:8d:44, 2015-01-01 00:05:16.720, -0.143, 0.977, -0.14, 0.977, 1.953, 1.831, , , , , , , 98.207, 8.295, 11.453, 0.000, 0.000, 0.000, 26.1, 0.65585, 0.74399, 0.12741, -0.00012, 410, 100,
 11:50:22.387,d2:03:b8:43:8d:44, 2015-01-01 00:05:16.720, -0.149, 0.979, -0.144, 0.61, 1.831, 1.587, , , , , , , 98.212, 8.278, 11.464, 0.000, 0.000, 0.000, 26.1, 0.65585, 0.74399, 0.12741, -0.00012, 410, 100,
 11:50:22.388,d2:03:b8:43:8d:44, 2015-01-01 00:05:16.720, -0.146, 0.976, -0.138, 1.099, 0.854, 0.793, , , , , , , 98.223, 8.267, 11.475, 0.000, 0.000, 0.000, 26.1, 0.65585, 0.74399, 0.12741, -0.00012, 410, 100,
 11:50:22.388,d2:03:b8:43:8d:44, 2015-01-01 00:05:16.720, -0.141, 0.977, -0.142, 1.282, 0.488, 1.221, , , , , , , 98.234, 8.256, 11.481, 0.000, 0.000, 0.000, 26.1, 0.65585, 0.74399, 0.12741, -0.00012, 410, 100,
 11:50:22.388,d2:03:b8:43:8d:44, 2015-01-01 00:05:16.720, -0.136, 0.978, -0.145, 1.16, 1.16, 1.282, , , , , , , 98.251, 8.24, 11.486, 0.000, 0.000, 0.000, 26.1, 0.65585, 0.74399, 0.12741, -0.00012, 410, 100,
 11:50:22.389,d2:03:b8:43:8d:44, 2015-01-01 00:05:16.720, -0.141, 0.975, -0.145, 0.854, 1.709, -0.122, , , , , , , 98.262, 8.234, 11.497, 0.000, 0.000, 0.000, 26.1, 0.65585, 0.74399, 0.12741, -0.00012, 410, 100,
 11:50:22.389,d2:03:b8:43:8d:44, 2015-01-01 00:05:16.720, -0.153, 0.979, -0.147, 0.244, 2.319, -1.099, , , , , , , 98.267, 8.24, 11.514, 0.000, 0.000, 0.000, 26.1, 0.65585, 0.74399, 0.12741, -0.00012, 410, 100,
 11:50:22.390,d2:03:b8:43:8d:44, 2015-01-01 00:05:16.720, -0.151, 0.978, -0.142, 0.122, 2.686, -0.061, , , , , , , 98.273, 8.24, 11.541, 0.000, 0.000, 0.000, 26.1, 0.65585, 0.74399, 0.12741, -0.00012, 410, 100,
 11:50:22.390,d2:03:b8:43:8d:44, 2015-01-01 00:05:16.720, -0.145, 0.977, -0.137, 0.916, 1.404, 0.549, , , , , , , 98.278, 8.234, 11.563, 0.000, 0.000, 0.000, 26.1, 0.65585, 0.74399, 0.12741, -0.00012, 410, 100,
 11:50:22.390,d2:03:b8:43:8d:44, 2015-01-01 00:05:16.720, -0.145, 0.976, -0.143, 1.404, 1.099, -0.183, , , , , , , 98.295, 8.234, 11.569, 0.000, 0.000, 0.000, 26.1, 0.65585, 0.74399, 0.12741, -0.00012, 410, 100,
 11:50:22.390,d2:03:b8:43:8d:44, 2015-01-01 00:05:16.720, -0.146, 0.977, -0.142, 1.526, 0.488, -1.16, , , , , , , 98.306, 8.24, 11.58, 0.000, 0.000, 0.000, 26.1, 0.65585, 0.74399, 0.12741, -0.00012, 410, 100,
 11:50:22.391,d2:03:b8:43:8d:44, 2015-01-01 00:05:16.720, -0.145, 0.977, -0.144, 1.77, 0.122, -1.465, , , , , , , 98.328, 8.256, 11.585, 0.000, 0.000, 0.000, 26.1, 0.65585, 0.74399, 0.12741, -0.00012, 410, 100,
 11:50:22.391,d2:03:b8:43:8d:44, 2015-01-01 00:05:16.720, -0.145, 0.979, -0.147, 1.221, 0.122, -0.977, , , , , , , 98.339, 8.267, 11.585, 0.000, 0.000, 0.000, 26.1, 0.65585, 0.74399, 0.12741, -0.00012, 410, 100,
 11:50:22.391,d2:03:b8:43:8d:44, 2015-01-01 00:05:16.720, -0.139, 0.976, -0.143, 1.343, 0, -1.282, , , , , , , 98.355, 8.278, 11.585, 0.000, 0.000, 0.000, 26.1, 0.65585, 0.74399, 0.12741, -0.00012, 410, 100,
 11:50:22.391,d2:03:b8:43:8d:44, 2015-01-01 00:05:16.720, -0.143, 0.977, -0.146, 1.221, -0.427, -2.319, , , , , , , 98.366, 8.295, 11.585, 0.000, 0.000, 0.000, 26.1, 0.65585, 0.74399, 0.12741, -0.00012, 410, 100,
 11:50:22.391,d2:03:b8:43:8d:44, 2015-01-01 00:05:16.720, -0.145, 0.975, -0.148, 0.732, -0.061, -3.235, , , , , , , 98.372, 8.328, 11.585, 0.000, 0.000, 0.000, 26.1, 0.65585, 0.74399, 0.12741, -0.00012, 410, 100,
 11:50:22.392,d2:03:b8:43:8d:44, 2015-01-01 00:05:16.720, -0.15, 0.98, -0.153, -0.366, 0.549, -2.563, , , , , , , 98.377, 8.355, 11.585, 0.000, 0.000, 0.000, 26.1, 0.65585, 0.74399, 0.12741, -0.00012, 410, 100,
 11:50:22.392,d2:03:b8:43:8d:44, 2015-01-01 00:05:16.720, -0.151, 0.978, -0.147, -0.916, 1.221, -1.77, , , , , , , 98.372, 8.377, 11.602, 0.000, 0.000, 0.000, 26.1, 0.65585, 0.74399, 0.12741, -0.00012, 410, 100,
 11:50:22.392,d2:03:b8:43:8d:44, 2015-01-01 00:05:16.720, -0.152, 0.978, -0.146, -1.099, 1.221, -1.038, , , , , , , 98.361, 8.388, 11.613, 0.000, 0.000, 0.000, 26.1, 0.65585, 0.74399, 0.12741, -0.00012, 410, 100,
 11:50:22.393,d2:03:b8:43:8d:44, 2015-01-01 00:05:16.720, -0.153, 0.977, -0.145, -1.038, 1.343, -0.549, , , , , , , 98.35, 8.394, 11.624, 0.000, 0.000, 0.000, 26.1, 0.65585, 0.74399, 0.12741, -0.00012, 410, 100,
 11:50:22.393,d2:03:b8:43:8d:44, 2015-01-01 00:05:16.720, -0.151, 0.976, -0.139, -0.671, 0.549, -0.427, , , , , , , 98.344, 8.399, 11.635, 0.000, 0.000, 0.000, 26.1, 0.65585, 0.74399, 0.12741, -0.00012, 410, 100,
 11:50:22.393,d2:03:b8:43:8d:44, 2015-01-01 00:05:16.720, -0.153, 0.975, -0.141, 0, -0.366, -1.038, , , , , , , 98.339, 8.41, 11.635, 0.000, 0.000, 0.000, 26.1, 0.65585, 0.74399, 0.12741, -0.00012, 410, 100,
 11:50:22.393,d2:03:b8:43:8d:44, 2015-01-01 00:05:16.720, -0.15, 0.978, -0.146, 0, -0.549, -0.488, , , , , , , 98.339, 8.416, 11.629, 0.000, 0.000, 0.000, 26.1, 0.65585, 0.74399, 0.12741, -0.00012, 410, 100,
 11:50:22.393,d2:03:b8:43:8d:44, 2015-01-01 00:05:16.720, -0.151, 0.977, -0.145, -0.244, -0.488, 0.305, , , , , , , 98.333, 8.416, 11.624, 0.000, 0.000, 0.000, 26.1, 0.65585, 0.74399, 0.12741, -0.00012, 410, 100,
 11:50:22.394,d2:03:b8:43:8d:44, 2015-01-01 00:05:16.720, -0.149, 0.976, -0.144, -0.061, -0.732, 0.061, , , , , , , 98.333, 8.416, 11.613, 0.000, 0.000, 0.000, 26.1, 0.65585, 0.74399, 0.12741, -0.00012, 410, 100,
 11:50:22.394,d2:03:b8:43:8d:44, 2015-01-01 00:05:16.720, -0.149, 0.977, -0.143, 0, -0.549, 0.366, , , , , , , 98.328, 8.416, 11.607, 0.000, 0.000, 0.000, 26.1, 0.65585, 0.74399, 0.12741, -0.00012, 410, 100,
 11:50:22.394,d2:03:b8:43:8d:44, 2015-01-01 00:05:16.720, -0.148, 0.976, -0.142, 0.244, -1.099, 0, , , , , , , 98.328, 8.416, 11.596, 0.000, 0.000, 0.000, 26.1, 0.65585, 0.74399, 0.12741, -0.00012, 410, 100,
 11:50:22.394,d2:03:b8:43:8d:44, 2015-01-01 00:05:16.720, -0.15, 0.976, -0.144, 0.427, -1.16, -0.488, , , , , , , 98.328, 8.421, 11.58, 0.000, 0.000, 0.000, 26.1, 0.65585, 0.74399, 0.12741, -0.00012, 410, 100,
 11:50:22.395,d2:03:b8:43:8d:44, 2015-01-01 00:05:16.720, -0.154, 0.976, -0.142, 0.61, -1.709, -0.977, , , , , , , 98.333, 8.432, 11.563, 0.000, 0.000, 0.000, 26.1, 0.65585, 0.74399, 0.12741, -0.00012, 410, 100,
 11:50:22.570,d2:03:b8:43:8d:44, 2015-01-01 00:05:16.720, -0.153, 0.977, -0.142, 1.099, -2.197, -1.038, , , , , , , 98.339, 8.448, 11.547, 0.000, 0.000, 0.000, 26.1, 0.65585, 0.74399, 0.12741, -0.00012, 410, 100,
 11:50:22.595,d2:03:b8:43:8d:44, 2015-01-01 00:05:17.105, -0.159, 0.977, -0.144, 1.099, -2.563, -0.183, , , , , , , 98.344, 8.454, 11.519, 0.000, 0.000, 0.000, 26.1, 0.42868, 0.89758, 0.09879, -0.0274, 410, 100,
 11:50:22.613,d2:03:b8:43:8d:44, 2015-01-01 00:05:17.105, -0.15, 0.977, -0.145, 1.282, -2.808, 0.732, , , , , , , 98.355, 8.459, 11.492, 0.000, 0.000, 0.000, 26.1, 0.42868, 0.89758, 0.09879, -0.0274, 410, 100,
 11:50:22.613,d2:03:b8:43:8d:44, 2015-01-01 00:05:17.105, -0.14, 0.979, -0.149, 0.366, -2.563, 2.808, , , , , , , 98.355, 8.443, 11.459, 0.000, 0.000, 0.000, 26.1, 0.42868, 0.89758, 0.09879, -0.0274, 410, 100,
 11:50:22.613,d2:03:b8:43:8d:44, 2015-01-01 00:05:17.105, -0.147, 0.975, -0.146, 0.061, -1.709, 1.282, , , , , , , 98.355, 8.427, 11.437, 0.000, 0.000, 0.000, 26.1, 0.42868, 0.89758, 0.09879, -0.0274, 410, 100,
 11:50:22.614,d2:03:b8:43:8d:44, 2015-01-01 00:05:17.105, -0.145, 0.976, -0.145, 0.061, -1.648, 0.61, , , , , , , 98.35, 8.421, 11.415, 0.000, 0.000, 0.000, 26.1, 0.42868, 0.89758, 0.09879, -0.0274, 410, 100,
 11:50:22.614,d2:03:b8:43:8d:44, 2015-01-01 00:05:17.105, -0.152, 0.976, -0.14, 0.549, -1.709, -0.183, , , , , , , 98.35, 8.421, 11.398, 0.000, 0.000, 0.000, 26.1, 0.42868, 0.89758, 0.09879, -0.0274, 410, 100,
 11:50:22.614,d2:03:b8:43:8d:44, 2015-01-01 00:05:17.105, -0.149, 0.974, -0.137, 1.953, -3.845, -1.648, , , , , , , 98.361, 8.438, 11.365, 0.000, 0.000, 0.000, 26.1, 0.42868, 0.89758, 0.09879, -0.0274, 410, 100,
 11:50:22.614,d2:03:b8:43:8d:44, 2015-01-01 00:05:17.105, -0.153, 0.978, -0.146, 1.831, -4.028, -1.465, , , , , , , 98.372, 8.459, 11.327, 0.000, 0.000, 0.000, 26.1, 0.42868, 0.89758, 0.09879, -0.0274, 410, 100,
 11:50:22.614,d2:03:b8:43:8d:44, 2015-01-01 00:05:17.105, -0.157, 0.977, -0.146, 1.709, -3.845, -1.404, , , , , , , 98.383, 8.481, 11.288, 0.000, 0.000, 0.000, 26.1, 0.42868, 0.89758, 0.09879, -0.0274, 410, 100,
 11:50:22.615,d2:03:b8:43:8d:44, 2015-01-01 00:05:17.105, -0.147, 0.979, -0.149, 1.282, -3.54, 0.305, , , , , , , 98.394, 8.492, 11.25, 0.000, 0.000, 0.000, 26.1, 0.42868, 0.89758, 0.09879, -0.0274, 410, 100,
 11:50:22.615,d2:03:b8:43:8d:44, 2015-01-01 00:05:17.105, -0.143, 0.977, -0.149, 0.671, -2.319, 1.16, , , , , , , 98.399, 8.487, 11.217, 0.000, 0.000, 0.000, 26.1, 0.42868, 0.89758, 0.09879, -0.0274, 410, 100,
 11:50:22.615,d2:03:b8:43:8d:44, 2015-01-01 00:05:17.105, -0.147, 0.976, -0.146, 0.488, -1.709, 0.122, , , , , , , 98.399, 8.481, 11.195, 0.000, 0.000, 0.000, 26.1, 0.42868, 0.89758, 0.09879, -0.0274, 410, 100,
 11:50:22.615,d2:03:b8:43:8d:44, 2015-01-01 00:05:17.105, -0.147, 0.974, -0.147, 0.366, -2.258, -1.16, , , , , , , 98.399, 8.492, 11.173, 0.000, 0.000, 0.000, 26.1, 0.42868, 0.89758, 0.09879, -0.0274, 410, 100,
 11:50:22.615,d2:03:b8:43:8d:44, 2015-01-01 00:05:17.105, -0.143, 0.977, -0.15, -0.305, -2.075, -1.343, , , , , , , 98.399, 8.509, 11.157, 0.000, 0.000, 0.000, 26.1, 0.42868, 0.89758, 0.09879, -0.0274, 410, 100,
 11:50:22.616,d2:03:b8:43:8d:44, 2015-01-01 00:05:17.105, -0.145, 0.974, -0.146, -0.366, -1.465, -2.991, , , , , , , 98.388, 8.531, 11.135, 0.000, 0.000, 0.000, 26.1, 0.42868, 0.89758, 0.09879, -0.0274, 410, 100,
 11:50:22.616,d2:03:b8:43:8d:44, 2015-01-01 00:05:17.105, -0.149, 0.974, -0.141, 0.488, -1.77, -5.188, , , , , , , 98.388, 8.58, 11.129, 0.000, 0.000, 0.000, 26.1, 0.42868, 0.89758, 0.09879, -0.0274, 410, 100,
 11:50:22.616,d2:03:b8:43:8d:44, 2015-01-01 00:05:17.105, -0.159, 0.975, -0.144, 0.732, -2.136, -6.226, , , , , , , 98.394, 8.641, 11.113, 0.000, 0.000, 0.000, 26.1, 0.42868, 0.89758, 0.09879, -0.0274, 410, 100,
 11:50:22.617,d2:03:b8:43:8d:44, 2015-01-01 00:05:17.105, -0.164, 0.976, -0.146, 0.793, -2.136, -6.042, , , , , , , 98.399, 8.707, 11.102, 0.000, 0.000, 0.000, 26.1, 0.42868, 0.89758, 0.09879, -0.0274, 410, 100,
 11:50:22.617,d2:03:b8:43:8d:44, 2015-01-01 00:05:17.105, -0.165, 0.979, -0.147, 0.244, -2.258, -3.418, , , , , , , 98.399, 8.756, 11.08, 0.000, 0.000, 0.000, 26.1, 0.42868, 0.89758, 0.09879, -0.0274, 410, 100,
 11:50:22.617,d2:03:b8:43:8d:44, 2015-01-01 00:05:17.105, -0.158, 0.977, -0.145, 0, -2.563, -1.953, , , , , , , 98.399, 8.784, 11.063, 0.000, 0.000, 0.000, 26.1, 0.42868, 0.89758, 0.09879, -0.0274, 410, 100,
 11:50:22.618,d2:03:b8:43:8d:44, 2015-01-01 00:05:17.105, -0.152, 0.976, -0.145, 0.488, -6.653, -0.244, , , , , , , 98.394, 8.806, 11.003, 0.000, 0.000, 0.000, 26.1, 0.42868, 0.89758, 0.09879, -0.0274, 410, 100,
 11:50:22.618,d2:03:b8:43:8d:44, 2015-01-01 00:05:17.105, -0.16, 0.976, -0.156, -0.793, -0.916, -1.648, , , , , , , 98.383, 8.822, 10.975, 0.000, 0.000, 0.000, 26.1, 0.42868, 0.89758, 0.09879, -0.0274, 410, 100,
 11:50:22.619,d2:03:b8:43:8d:44, 2015-01-01 00:05:17.105, -0.15, 0.979, -0.15, -1.892, -0.183, 0.793, , , , , , , 98.366, 8.822, 10.964, 0.000, 0.000, 0.000, 26.1, 0.42868, 0.89758, 0.09879, -0.0274, 410, 100,
 11:50:22.619,d2:03:b8:43:8d:44, 2015-01-01 00:05:17.105, -0.15, 0.974, -0.144, -1.953, -0.366, -0.305, , , , , , , 98.344, 8.822, 10.959, 0.000, 0.000, 0.000, 26.1, 0.42868, 0.89758, 0.09879, -0.0274, 410, 100,
 11:50:22.619,d2:03:b8:43:8d:44, 2015-01-01 00:05:17.105, -0.163, 0.976, -0.147, -2.075, 1.282, -1.465, , , , , , , 98.328, 8.833, 10.964, 0.000, 0.000, 0.000, 26.1, 0.42868, 0.89758, 0.09879, -0.0274, 410, 100,
 11:50:22.620,d2:03:b8:43:8d:44, 2015-01-01 00:05:17.105, -0.163, 0.979, -0.144, -2.319, 1.526, 0, , , , , , , 98.306, 8.839, 10.981, 0.000, 0.000, 0.000, 26.1, 0.42868, 0.89758, 0.09879, -0.0274, 410, 100,
 11:50:22.620,d2:03:b8:43:8d:44, 2015-01-01 00:05:17.105, -0.163, 0.974, -0.141, -2.014, 0.549, 0.183, , , , , , , 98.284, 8.833, 10.992, 0.000, 0.000, 0.000, 26.1, 0.42868, 0.89758, 0.09879, -0.0274, 410, 100,
 11:50:22.621,d2:03:b8:43:8d:44, 2015-01-01 00:05:17.105, -0.16, 0.978, -0.143, -2.197, 0.366, 1.343, , , , , , , 98.262, 8.828, 10.992, 0.000, 0.000, 0.000, 26.1, 0.42868, 0.89758, 0.09879, -0.0274, 410, 100,
 11:50:22.621,d2:03:b8:43:8d:44, 2015-01-01 00:05:17.105, -0.149, 0.974, -0.14, -2.075, -0.183, 2.014, , , , , , , 98.24, 8.806, 10.992, 0.000, 0.000, 0.000, 26.1, 0.42868, 0.89758, 0.09879, -0.0274, 410, 100,
 11:50:22.621,d2:03:b8:43:8d:44, 2015-01-01 00:05:17.105, -0.157, 0.976, -0.142, -1.953, -0.122, 0.854, , , , , , , 98.218, 8.795, 10.981, 0.000, 0.000, 0.000, 26.1, 0.42868, 0.89758, 0.09879, -0.0274, 410, 100,
 11:50:22.621,d2:03:b8:43:8d:44, 2015-01-01 00:05:17.105, -0.157, 0.973, -0.14, -1.831, -1.221, -0.305, , , , , , , 98.196, 8.795, 10.975, 0.000, 0.000, 0.000, 26.1, 0.42868, 0.89758, 0.09879, -0.0274, 410, 100,
 11:50:22.621,d2:03:b8:43:8d:44, 2015-01-01 00:05:17.105, -0.154, 0.977, -0.141, -1.77, -1.404, -0.183, , , , , , , 98.174, 8.8, 10.959, 0.000, 0.000, 0.000, 26.1, 0.42868, 0.89758, 0.09879, -0.0274, 410, 100,
 11:50:22.622,d2:03:b8:43:8d:44, 2015-01-01 00:05:17.105, -0.15, 0.975, -0.142, -1.77, -1.709, -0.061, , , , , , , 98.157, 8.806, 10.942, 0.000, 0.000, 0.000, 26.1, 0.42868, 0.89758, 0.09879, -0.0274, 410, 100,
 11:50:22.622,d2:03:b8:43:8d:44, 2015-01-01 00:05:17.105, -0.162, 0.977, -0.145, -2.136, -0.732, -1.16, , , , , , , 98.13, 8.811, 10.926, 0.000, 0.000, 0.000, 26.1, 0.42868, 0.89758, 0.09879, -0.0274, 410, 100,
 11:50:22.622,d2:03:b8:43:8d:44, 2015-01-01 00:05:17.105, -0.16, 0.976, -0.139, -2.258, -0.854, -0.61, , , , , , , 98.108, 8.822, 10.92, 0.000, 0.000, 0.000, 26.1, 0.42868, 0.89758, 0.09879, -0.0274, 410, 100,
 11:50:22.622,d2:03:b8:43:8d:44, 2015-01-01 00:05:17.105, -0.155, 0.976, -0.135, -1.587, -2.197, -0.244, , , , , , , 98.086, 8.828, 10.904, 0.000, 0.000, 0.000, 26.1, 0.42868, 0.89758, 0.09879, -0.0274, 410, 100,
 11:50:22.623,d2:03:b8:43:8d:44, 2015-01-01 00:05:17.105, -0.164, 0.977, -0.14, -1.404, -1.709, -0.488, , , , , , , 98.069, 8.839, 10.882, 0.000, 0.000, 0.000, 26.1, 0.42868, 0.89758, 0.09879, -0.0274, 410, 100,
 11:50:22.623,d2:03:b8:43:8d:44, 2015-01-01 00:05:17.105, -0.173, 0.978, -0.14, -1.343, -1.526, 0.244, , , , , , , 98.047, 8.844, 10.865, 0.000, 0.000, 0.000, 26.1, 0.42868, 0.89758, 0.09879, -0.0274, 410, 100,
 11:50:22.623,d2:03:b8:43:8d:44, 2015-01-01 00:05:17.105, -0.166, 0.981, -0.141, -1.587, -1.16, 3.052, , , , , , , 98.031, 8.828, 10.849, 0.000, 0.000, 0.000, 26.1, 0.42868, 0.89758, 0.09879, -0.0274, 410, 100,
 11:50:22.624,d2:03:b8:43:8d:44, 2015-01-01 00:05:17.105, -0.15, 0.978, -0.141, -2.136, -0.549, 6.165, , , , , , , 98.009, 8.778, 10.833, 0.000, 0.000, 0.000, 26.1, 0.42868, 0.89758, 0.09879, -0.0274, 410, 100,
 11:50:22.624,d2:03:b8:43:8d:44, 2015-01-01 00:05:17.105, -0.155, 0.978, -0.141, -2.38, -0.366, 5.92, , , , , , , 97.982, 8.718, 10.816, 0.000, 0.000, 0.000, 26.1, 0.42868, 0.89758, 0.09879, -0.0274, 410, 100,
 11:50:22.624,d2:03:b8:43:8d:44, 2015-01-01 00:05:17.105, -0.151, 0.977, -0.141, -2.686, 0.122, 5.432, , , , , , , 97.954, 8.663, 10.805, 0.000, 0.000, 0.000, 26.1, 0.42868, 0.89758, 0.09879, -0.0274, 410, 100,
 11:50:22.624,d2:03:b8:43:8d:44, 2015-01-01 00:05:17.105, -0.151, 0.979, -0.139, -2.991, 0.427, 5.676, , , , , , , 97.927, 8.608, 10.8, 0.000, 0.000, 0.000, 26.1, 0.42868, 0.89758, 0.09879, -0.0274, 410, 100,
 11:50:22.625,d2:03:b8:43:8d:44, 2015-01-01 00:05:17.105, -0.147, 0.977, -0.137, -3.113, 0, 5.432, , , , , , , 97.894, 8.553, 10.794, 0.000, 0.000, 0.000, 26.1, 0.42868, 0.89758, 0.09879, -0.0274, 410, 100,
 11:50:22.625,d2:03:b8:43:8d:44, 2015-01-01 00:05:17.105, -0.147, 0.976, -0.136, -3.052, -0.732, 3.723, , , , , , , 97.861, 8.509, 10.783, 0.000, 0.000, 0.000, 26.1, 0.42868, 0.89758, 0.09879, -0.0274, 410, 100,
 11:50:22.625,d2:03:b8:43:8d:44, 2015-01-01 00:05:17.105, -0.155, 0.978, -0.14, -3.54, -0.122, 3.235, , , , , , , 97.822, 8.476, 10.772, 0.000, 0.000, 0.000, 26.1, 0.42868, 0.89758, 0.09879, -0.0274, 410, 100,
 11:50:22.625,d2:03:b8:43:8d:44, 2015-01-01 00:05:17.105, -0.152, 0.978, -0.138, -3.967, -0.671, 3.601, , , , , , , 97.784, 8.443, 10.761, 0.000, 0.000, 0.000, 26.1, 0.42868, 0.89758, 0.09879, -0.0274, 410, 100,
 11:50:22.625,d2:03:b8:43:8d:44, 2015-01-01 00:05:17.105, -0.157, 0.981, -0.139, -4.883, -0.549, 4.272, , , , , , , 97.734, 8.405, 10.75, 0.000, 0.000, 0.000, 26.1, 0.42868, 0.89758, 0.09879, -0.0274, 410, 100,
 11:50:22.626,d2:03:b8:43:8d:44, 2015-01-01 00:05:17.105, -0.155, 0.981, -0.135, -5.493, -1.709, 5.127, , , , , , , 97.679, 8.361, 10.728, 0.000, 0.000, 0.000, 26.1, 0.42868, 0.89758, 0.09879, -0.0274, 410, 100,
 11:50:22.626,d2:03:b8:43:8d:44, 2015-01-01 00:05:17.105, -0.141, 0.979, -0.132, -5.493, -2.563, 5.859, , , , , , , 97.619, 8.306, 10.695, 0.000, 0.000, 0.000, 26.1, 0.42868, 0.89758, 0.09879, -0.0274, 410, 100,
 11:50:22.626,d2:03:b8:43:8d:44, 2015-01-01 00:05:17.105, -0.138, 0.979, -0.13, -5.493, -1.831, 5.737, , , , , , , 97.559, 8.251, 10.662, 0.000, 0.000, 0.000, 26.1, 0.42868, 0.89758, 0.09879, -0.0274, 410, 100,
 11:50:22.626,d2:03:b8:43:8d:44, 2015-01-01 00:05:17.105, -0.131, 0.977, -0.127, -4.7, -1.709, 3.845, , , , , , , 97.504, 8.207, 10.64, 0.000, 0.000, 0.000, 26.1, 0.42868, 0.89758, 0.09879, -0.0274, 410, 100,
 11:50:22.626,d2:03:b8:43:8d:44, 2015-01-01 00:05:17.105, -0.137, 0.977, -0.125, -3.967, -0.793, 1.709, , , , , , , 97.454, 8.179, 10.624, 0.000, 0.000, 0.000, 26.1, 0.42868, 0.89758, 0.09879, -0.0274, 410, 100,
 11:50:22.627,d2:03:b8:43:8d:44, 2015-01-01 00:05:17.105, -0.138, 0.975, -0.122, -2.869, -1.038, -0.854, , , , , , , 97.421, 8.179, 10.613, 0.000, 0.000, 0.000, 26.1, 0.42868, 0.89758, 0.09879, -0.0274, 410, 100,
 11:50:22.627,d2:03:b8:43:8d:44, 2015-01-01 00:05:17.105, -0.138, 0.976, -0.122, -1.709, -1.282, -2.563, , , , , , , 97.394, 8.201, 10.602, 0.000, 0.000, 0.000, 26.1, 0.42868, 0.89758, 0.09879, -0.0274, 410, 100,
 11:50:22.627,d2:03:b8:43:8d:44, 2015-01-01 00:05:17.105, -0.146, 0.977, -0.123, -0.732, -1.221, -4.272, , , , , , , 97.383, 8.24, 10.591, 0.000, 0.000, 0.000, 26.1, 0.42868, 0.89758, 0.09879, -0.0274, 410, 100,
 11:50:22.627,d2:03:b8:43:8d:44, 2015-01-01 00:05:17.105, -0.147, 0.978, -0.124, 0, -0.977, -4.822, , , , , , , 97.377, 8.289, 10.585, 0.000, 0.000, 0.000, 26.1, 0.42868, 0.89758, 0.09879, -0.0274, 410, 100,
 11:50:22.627,d2:03:b8:43:8d:44, 2015-01-01 00:05:17.105, -0.15, 0.979, -0.124, 0.671, -0.854, -4.761, , , , , , , 97.377, 8.339, 10.58, 0.000, 0.000, 0.000, 26.1, 0.42868, 0.89758, 0.09879, -0.0274, 410, 100,
 11:50:22.627,d2:03:b8:43:8d:44, 2015-01-01 00:05:17.105, -0.154, 0.979, -0.125, 1.343, -0.793, -4.7, , , , , , , 97.388, 8.388, 10.574, 0.000, 0.000, 0.000, 26.1, 0.42868, 0.89758, 0.09879, -0.0274, 410, 100,
 11:50:22.628,d2:03:b8:43:8d:44, 2015-01-01 00:05:17.105, -0.152, 0.979, -0.125, 2.075, -1.221, -4.333, , , , , , , 97.405, 8.432, 10.569, 0.000, 0.000, 0.000, 26.1, 0.42868, 0.89758, 0.09879, -0.0274, 410, 100,
 11:50:22.628,d2:03:b8:43:8d:44, 2015-01-01 00:05:17.105, -0.153, 0.98, -0.126, 2.38, -1.099, -3.418, , , , , , , 97.427, 8.476, 10.558, 0.000, 0.000, 0.000, 26.1, 0.42868, 0.89758, 0.09879, -0.0274, 410, 100,
 11:50:22.628,d2:03:b8:43:8d:44, 2015-01-01 00:05:17.105, -0.151, 0.978, -0.126, 2.869, -1.526, -3.601, , , , , , , 97.449, 8.509, 10.552, 0.000, 0.000, 0.000, 26.1, 0.42868, 0.89758, 0.09879, -0.0274, 410, 100,
 11:50:22.628,d2:03:b8:43:8d:44, 2015-01-01 00:05:17.105, -0.15, 0.979, -0.128, 3.113, -1.282, -3.723, , , , , , , 97.476, 8.547, 10.536, 0.000, 0.000, 0.000, 26.1, 0.42868, 0.89758, 0.09879, -0.0274, 410, 100,
 11:50:22.628,d2:03:b8:43:8d:44, 2015-01-01 00:05:17.105, -0.145, 0.978, -0.127, 3.418, -1.099, -3.723, , , , , , , 97.509, 8.586, 10.53, 0.000, 0.000, 0.000, 26.1, 0.42868, 0.89758, 0.09879, -0.0274, 410, 100,
 11:50:22.629,d2:03:b8:43:8d:44, 2015-01-01 00:05:17.105, -0.148, 0.978, -0.129, 3.906, 0, -4.761, , , , , , , 97.548, 8.63, 10.53, 0.000, 0.000, 0.000, 26.1, 0.42868, 0.89758, 0.09879, -0.0274, 410, 100,
 11:50:22.629,d2:03:b8:43:8d:44, 2015-01-01 00:05:17.105, -0.153, 0.978, -0.128, 4.456, 0.61, -5.31, , , , , , , 97.586, 8.685, 10.536, 0.000, 0.000, 0.000, 26.1, 0.42868, 0.89758, 0.09879, -0.0274, 410, 100,
 11:50:22.629,d2:03:b8:43:8d:44, 2015-01-01 00:05:17.105, -0.152, 0.977, -0.13, 4.761, 1.465, -6.165, , , , , , , 97.635, 8.74, 10.558, 0.000, 0.000, 0.000, 26.1, 0.42868, 0.89758, 0.09879, -0.0274, 410, 100,
 11:50:22.629,d2:03:b8:43:8d:44, 2015-01-01 00:05:17.105, -0.159, 0.979, -0.131, 5.188, 1.648, -6.409, , , , , , , 97.69, 8.8, 10.58, 0.000, 0.000, 0.000, 26.1, 0.42868, 0.89758, 0.09879, -0.0274, 410, 100,
 11:50:22.630,d2:03:b8:43:8d:44, 2015-01-01 00:05:17.105, -0.162, 0.975, -0.131, 5.371, 1.465, -7.019, , , , , , , 97.745, 8.866, 10.602, 0.000, 0.000, 0.000, 26.1, 0.42868, 0.89758, 0.09879, -0.0274, 410, 100,
 11:50:22.630,d2:03:b8:43:8d:44, 2015-01-01 00:05:17.105, -0.164, 0.979, -0.137, 5.127, 1.038, -6.348, , , , , , , 97.8, 8.932, 10.624, 0.000, 0.000, 0.000, 26.1, 0.42868, 0.89758, 0.09879, -0.0274, 410, 100,
 11:50:22.630,d2:03:b8:43:8d:44, 2015-01-01 00:05:17.105, -0.165, 0.978, -0.139, 4.578, 1.587, -5.493, , , , , , , 97.855, 8.987, 10.646, 0.000, 0.000, 0.000, 26.1, 0.42868, 0.89758, 0.09879, -0.0274, 410, 100,
 11:50:22.630,d2:03:b8:43:8d:44, 2015-01-01 00:05:17.105, -0.166, 0.978, -0.138, 4.211, 1.221, -4.517, , , , , , , 97.899, 9.036, 10.662, 0.000, 0.000, 0.000, 26.1, 0.42868, 0.89758, 0.09879, -0.0274, 410, 100,
 11:50:22.630,d2:03:b8:43:8d:44, 2015-01-01 00:05:17.105, -0.164, 0.978, -0.139, 3.967, 1.282, -3.601, , , , , , , 97.943, 9.075, 10.679, 0.000, 0.000, 0.000, 26.1, 0.42868, 0.89758, 0.09879, -0.0274, 410, 100,
 11:50:22.630,d2:03:b8:43:8d:44, 2015-01-01 00:05:17.105, -0.161, 0.978, -0.14, 3.662, 1.709, -2.441, , , , , , , 97.982, 9.102, 10.695, 0.000, 0.000, 0.000, 26.1, 0.42868, 0.89758, 0.09879, -0.0274, 410, 100,
 11:50:22.630,d2:03:b8:43:8d:44, 2015-01-01 00:05:17.105, -0.156, 0.976, -0.139, 3.54, 1.77, -2.38, , , , , , , 98.02, 9.124, 10.717, 0.000, 0.000, 0.000, 26.1, 0.42868, 0.89758, 0.09879, -0.0274, 410, 100,
 11:50:22.803,d2:03:b8:43:8d:44, 2015-01-01 00:05:17.105, -0.161, 0.974, -0.138, 3.54, 2.075, -3.296, , , , , , , 98.058, 9.152, 10.739, 0.000, 0.000, 0.000, 26.1, 0.42868, 0.89758, 0.09879, -0.0274, 410, 100,
 11:50:23.030,d2:03:b8:43:8d:44, 2015-01-01 00:05:17.105, -0.161, 0.973, -0.136, 3.967, 1.282, -4.883, , , , , , , 98.102, 9.19, 10.761, 0.000, 0.000, 0.000, 26.1, 0.42868, 0.89758, 0.09879, -0.0274, 410, 100,
 11:50:23.249,d2:03:b8:43:8d:44, 2015-01-01 00:05:17.525, -0.164, 0.976, -0.14, 4.211, 0.793, -5.371, , , , , , , 98.141, 9.24, 10.778, 0.000, 0.000, 0.000, 26.1, 0.71817, 0.68805, 0.1033, -0.00842, 410, 100,
 11:50:23.352,d2:03:b8:43:8d:44, 2015-01-01 00:05:17.525, -0.167, 0.975, -0.143, 3.967, 0.61, -5.554, , , , , , , 98.185, 9.294, 10.789, 0.000, 0.000, 0.000, 26.1, 0.71817, 0.68805, 0.1033, -0.00842, 410, 100,
 11:50:23.352,d2:03:b8:43:8d:44, 2015-01-01 00:05:17.940, -0.171, 0.975, -0.145, 3.479, 0.61, -5.676, , , , , , , 98.223, 9.349, 10.805, 0.000, 0.000, 0.000, 26.1, 0.69913, 0.70535, 0.11554, -0.01639, 410, 100,
 11:50:23.353,d2:03:b8:43:8d:44, 2015-01-01 00:05:17.940, -0.169, 0.977, -0.146, 2.747, 1.16, -4.517, , , , , , , 98.256, 9.399, 10.816, 0.000, 0.000, 0.000, 26.1, 0.69913, 0.70535, 0.11554, -0.01639, 410, 100,
 11:50:23.353,d2:03:b8:43:8d:44, 2015-01-01 00:05:17.940, -0.168, 0.975, -0.144, 2.441, 1.282, -3.54, , , , , , , 98.284, 9.437, 10.833, 0.000, 0.000, 0.000, 26.1, 0.69913, 0.70535, 0.11554, -0.01639, 410, 100,
 11:50:23.384,d2:03:b8:43:8d:44, 2015-01-01 00:05:17.940, -0.171, 0.972, -0.142, 2.319, 1.038, -4.028, , , , , , , 98.311, 9.476, 10.849, 0.000, 0.000, 0.000, 26.1, 0.69913, 0.70535, 0.11554, -0.01639, 410, 100,
 11:50:23.384,d2:03:b8:43:8d:44, 2015-01-01 00:05:17.940, -0.174, 0.974, -0.145, 2.197, 0.854, -3.845, , , , , , , 98.339, 9.514, 10.865, 0.000, 0.000, 0.000, 26.1, 0.69913, 0.70535, 0.11554, -0.01639, 410, 100,
 11:50:23.385,d2:03:b8:43:8d:44, 2015-01-01 00:05:17.940, -0.173, 0.975, -0.145, 1.77, 0.61, -3.052, , , , , , , 98.355, 9.547, 10.876, 0.000, 0.000, 0.000, 26.1, 0.69913, 0.70535, 0.11554, -0.01639, 410, 100,
 11:50:23.385,d2:03:b8:43:8d:44, 2015-01-01 00:05:17.940, -0.171, 0.975, -0.148, 1.282, 0.305, -2.441, , , , , , , 98.372, 9.575, 10.882, 0.000, 0.000, 0.000, 26.1, 0.69913, 0.70535, 0.11554, -0.01639, 410, 100,
 11:50:23.386,d2:03:b8:43:8d:44, 2015-01-01 00:05:17.940, -0.17, 0.975, -0.148, 0.854, 0.732, -1.465, , , , , , , 98.383, 9.591, 10.893, 0.000, 0.000, 0.000, 26.1, 0.69913, 0.70535, 0.11554, -0.01639, 410, 100,
 11:50:23.386,d2:03:b8:43:8d:44, 2015-01-01 00:05:17.940, -0.167, 0.974, -0.146, 0.549, 1.099, -0.854, , , , , , , 98.394, 9.602, 10.898, 0.000, 0.000, 0.000, 26.1, 0.69913, 0.70535, 0.11554, -0.01639, 410, 100,
 11:50:23.386,d2:03:b8:43:8d:44, 2015-01-01 00:05:17.940, -0.167, 0.973, -0.147, 0.427, 1.587, -0.977, , , , , , , 98.399, 9.613, 10.915, 0.000, 0.000, 0.000, 26.1, 0.69913, 0.70535, 0.11554, -0.01639, 410, 100,
 11:50:23.387,d2:03:b8:43:8d:44, 2015-01-01 00:05:17.940, -0.17, 0.972, -0.145, 0.244, 1.404, -1.831, , , , , , , 98.405, 9.624, 10.931, 0.000, 0.000, 0.000, 26.1, 0.69913, 0.70535, 0.11554, -0.01639, 410, 100,
 11:50:23.387,d2:03:b8:43:8d:44, 2015-01-01 00:05:17.940, -0.175, 0.973, -0.144, 0.183, 1.038, -2.808, , , , , , , 98.41, 9.646, 10.948, 0.000, 0.000, 0.000, 26.1, 0.69913, 0.70535, 0.11554, -0.01639, 410, 100,
 11:50:23.388,d2:03:b8:43:8d:44, 2015-01-01 00:05:17.940, -0.177, 0.974, -0.146, 0.183, 0.427, -2.38, , , , , , , 98.41, 9.673, 10.953, 0.000, 0.000, 0.000, 26.1, 0.69913, 0.70535, 0.11554, -0.01639, 410, 100,
 11:50:23.388,d2:03:b8:43:8d:44, 2015-01-01 00:05:17.940, -0.175, 0.973, -0.146, 0.122, 0.122, -1.587, , , , , , , 98.416, 9.69, 10.959, 0.000, 0.000, 0.000, 26.1, 0.69913, 0.70535, 0.11554, -0.01639, 410, 100,
 11:50:23.389,d2:03:b8:43:8d:44, 2015-01-01 00:05:17.940, -0.172, 0.973, -0.149, -0.244, 0.244, -0.61, , , , , , , 98.416, 9.701, 10.964, 0.000, 0.000, 0.000, 26.1, 0.69913, 0.70535, 0.11554, -0.01639, 410, 100,
 11:50:23.389,d2:03:b8:43:8d:44, 2015-01-01 00:05:17.940, -0.171, 0.975, -0.148, -0.854, 0.793, 0.183, , , , , , , 98.405, 9.706, 10.964, 0.000, 0.000, 0.000, 26.1, 0.69913, 0.70535, 0.11554, -0.01639, 410, 100,
 11:50:23.389,d2:03:b8:43:8d:44, 2015-01-01 00:05:17.940, -0.171, 0.974, -0.147, -1.16, 1.038, 0.488, , , , , , , 98.399, 9.701, 10.975, 0.000, 0.000, 0.000, 26.1, 0.69913, 0.70535, 0.11554, -0.01639, 410, 100,
 11:50:23.389,d2:03:b8:43:8d:44, 2015-01-01 00:05:17.940, -0.171, 0.973, -0.145, -1.343, 1.16, 0.427, , , , , , , 98.383, 9.695, 10.981, 0.000, 0.000, 0.000, 26.1, 0.69913, 0.70535, 0.11554, -0.01639, 410, 100,
 11:50:23.390,d2:03:b8:43:8d:44, 2015-01-01 00:05:17.940, -0.172, 0.973, -0.144, -1.404, 0.977, 0.122, , , , , , , 98.372, 9.69, 10.992, 0.000, 0.000, 0.000, 26.1, 0.69913, 0.70535, 0.11554, -0.01639, 410, 100,
 11:50:23.390,d2:03:b8:43:8d:44, 2015-01-01 00:05:17.940, -0.17, 0.973, -0.144, -1.404, 0.671, 0, , , , , , , 98.355, 9.69, 10.997, 0.000, 0.000, 0.000, 26.1, 0.69913, 0.70535, 0.11554, -0.01639, 410, 100,
 11:50:23.391,d2:03:b8:43:8d:44, 2015-01-01 00:05:17.940, -0.169, 0.973, -0.145, -1.526, 0.854, -0.183, , , , , , , 98.344, 9.69, 11.008, 0.000, 0.000, 0.000, 26.1, 0.69913, 0.70535, 0.11554, -0.01639, 410, 100,
 11:50:23.391,d2:03:b8:43:8d:44, 2015-01-01 00:05:17.940, -0.171, 0.972, -0.144, -1.587, 0.977, -0.671, , , , , , , 98.328, 9.69, 11.014, 0.000, 0.000, 0.000, 26.1, 0.69913, 0.70535, 0.11554, -0.01639, 410, 100,
 11:50:23.392,d2:03:b8:43:8d:44, 2015-01-01 00:05:17.940, -0.174, 0.974, -0.145, -1.709, 1.221, -0.793, , , , , , , 98.311, 9.701, 11.025, 0.000, 0.000, 0.000, 26.1, 0.69913, 0.70535, 0.11554, -0.01639, 410, 100,
 11:50:23.392,d2:03:b8:43:8d:44, 2015-01-01 00:05:17.940, -0.175, 0.974, -0.144, -1.831, 1.099, -0.549, , , , , , , 98.295, 9.706, 11.036, 0.000, 0.000, 0.000, 26.1, 0.69913, 0.70535, 0.11554, -0.01639, 410, 100,
 11:50:23.392,d2:03:b8:43:8d:44, 2015-01-01 00:05:17.940, -0.176, 0.973, -0.144, -2.136, 1.16, 0, , , , , , , 98.278, 9.706, 11.047, 0.000, 0.000, 0.000, 26.1, 0.69913, 0.70535, 0.11554, -0.01639, 410, 100,
 11:50:23.393,d2:03:b8:43:8d:44, 2015-01-01 00:05:17.940, -0.174, 0.975, -0.145, -2.38, 1.16, 0.732, , , , , , , 98.256, 9.701, 11.058, 0.000, 0.000, 0.000, 26.1, 0.69913, 0.70535, 0.11554, -0.01639, 410, 100,
 11:50:23.393,d2:03:b8:43:8d:44, 2015-01-01 00:05:17.940, -0.175, 0.974, -0.145, -2.686, 1.282, 1.526, , , , , , , 98.229, 9.684, 11.069, 0.000, 0.000, 0.000, 26.1, 0.69913, 0.70535, 0.11554, -0.01639, 410, 100,
 11:50:23.393,d2:03:b8:43:8d:44, 2015-01-01 00:05:17.940, -0.173, 0.974, -0.142, -2.502, 1.038, 2.075, , , , , , , 98.207, 9.668, 11.074, 0.000, 0.000, 0.000, 26.1, 0.69913, 0.70535, 0.11554, -0.01639, 410, 100,
 11:50:23.394,d2:03:b8:43:8d:44, 2015-01-01 00:05:17.940, -0.164, 0.972, -0.14, -2.319, 0.305, 2.136, , , , , , , 98.179, 9.646, 11.074, 0.000, 0.000, 0.000, 26.1, 0.69913, 0.70535, 0.11554, -0.01639, 410, 100,
 11:50:23.394,d2:03:b8:43:8d:44, 2015-01-01 00:05:17.940, -0.162, 0.972, -0.139, -2.075, 0.061, 0.854, , , , , , , 98.157, 9.63, 11.074, 0.000, 0.000, 0.000, 26.1, 0.69913, 0.70535, 0.11554, -0.01639, 410, 100,
 11:50:23.394,d2:03:b8:43:8d:44, 2015-01-01 00:05:17.940, -0.169, 0.972, -0.139, -1.648, 0.183, -1.099, , , , , , , 98.135, 9.635, 11.074, 0.000, 0.000, 0.000, 26.1, 0.69913, 0.70535, 0.11554, -0.01639, 410, 100,
 11:50:23.395,d2:03:b8:43:8d:44, 2015-01-01 00:05:17.940, -0.175, 0.974, -0.14, -1.526, 0.183, -1.831, , , , , , , 98.119, 9.651, 11.074, 0.000, 0.000, 0.000, 26.1, 0.69913, 0.70535, 0.11554, -0.01639, 410, 100,
 11:50:23.395,d2:03:b8:43:8d:44, 2015-01-01 00:05:17.940, -0.174, 0.975, -0.141, -1.648, 0.122, -1.038, , , , , , , 98.102, 9.662, 11.08, 0.000, 0.000, 0.000, 26.1, 0.69913, 0.70535, 0.11554, -0.01639, 410, 100,
 11:50:23.395,d2:03:b8:43:8d:44, 2015-01-01 00:05:17.940, -0.176, 0.974, -0.138, -1.587, -0.061, -0.549, , , , , , , 98.086, 9.673, 11.08, 0.000, 0.000, 0.000, 26.1, 0.69913, 0.70535, 0.11554, -0.01639, 410, 100,
 11:50:23.396,d2:03:b8:43:8d:44, 2015-01-01 00:05:17.940, -0.176, 0.974, -0.14, -1.648, -0.061, 0, , , , , , , 98.069, 9.673, 11.08, 0.000, 0.000, 0.000, 26.1, 0.69913, 0.70535, 0.11554, -0.01639, 410, 100,
 11:50:23.396,d2:03:b8:43:8d:44, 2015-01-01 00:05:17.940, -0.172, 0.975, -0.138, -1.587, -0.183, 0.977, , , , , , , 98.053, 9.673, 11.074, 0.000, 0.000, 0.000, 26.1, 0.69913, 0.70535, 0.11554, -0.01639, 410, 100,
 11:50:23.397,d2:03:b8:43:8d:44, 2015-01-01 00:05:17.940, -0.166, 0.973, -0.137, -1.221, -0.244, 1.038, , , , , , , 98.036, 9.662, 11.069, 0.000, 0.000, 0.000, 26.1, 0.69913, 0.70535, 0.11554, -0.01639, 410, 100,
 11:50:23.397,d2:03:b8:43:8d:44, 2015-01-01 00:05:17.940, -0.167, 0.972, -0.135, -0.732, -0.305, 0.183, , , , , , , 98.026, 9.657, 11.063, 0.000, 0.000, 0.000, 26.1, 0.69913, 0.70535, 0.11554, -0.01639, 410, 100,
 11:50:23.479,d2:03:b8:43:8d:44, 2015-01-01 00:05:17.940, -0.173, 0.972, -0.136, -0.305, -0.305, -1.282, , , , , , , 98.02, 9.662, 11.058, 0.000, 0.000, 0.000, 26.1, 0.69913, 0.70535, 0.11554, -0.01639, 410, 100,
 11:50:23.723,d2:03:b8:43:8d:44, 2015-01-01 00:05:17.940, -0.176, 0.975, -0.137, -0.061, -0.244, -1.343, , , , , , , 98.015, 9.679, 11.058, 0.000, 0.000, 0.000, 26.1, 0.69913, 0.70535, 0.11554, -0.01639, 410, 100,
 11:50:23.970,d2:03:b8:43:8d:44, 2015-01-01 00:05:17.940, -0.172, 0.975, -0.139, -0.122, -0.305, -0.61, , , , , , , 98.015, 9.69, 11.052, 0.000, 0.000, 0.000, 26.1, 0.68307, 0.72147, 0.11255, -0.01114, 410, 100,
 11:50:24.068,d2:03:b8:43:8d:44, 2015-01-01 00:05:18.360, -0.169, 0.975, -0.139, -0.305, 0.061, 0.061, , , , , , , 98.009, 9.69, 11.052, 0.000, 0.000, 0.000, 26.1, 0.68307, 0.72147, 0.11255, -0.01114, 410, 100,
 11:50:24.068,d2:03:b8:43:8d:44, 2015-01-01 00:05:18.360, -0.168, 0.974, -0.138, -0.305, 0.244, 0, , , , , , , 98.004, 9.69, 11.052, 0.000, 0.000, 0.000, 26.1, 0.68307, 0.72147, 0.11255, -0.01114, 410, 100,
 11:50:24.069,d2:03:b8:43:8d:44, 2015-01-01 00:05:18.360, -0.175, 0.973, -0.138, -0.427, 0.549, -0.916, , , , , , , 98.004, 9.695, 11.052, 0.000, 0.000, 0.000, 26.1, 0.68307, 0.72147, 0.11255, -0.01114, 410, 100,
 11:50:24.069,d2:03:b8:43:8d:44, 2015-01-01 00:05:18.360, -0.174, 0.974, -0.136, 0, 0.183, -0.854, , , , , , , 97.998, 9.706, 11.058, 0.000, 0.000, 0.000, 26.1, 0.68307, 0.72147, 0.11255, -0.01114, 410, 100,
 11:50:24.070,d2:03:b8:43:8d:44, 2015-01-01 00:05:18.360, -0.176, 0.974, -0.137, 0.305, -0.061, -0.549, , , , , , , 97.998, 9.712, 11.058, 0.000, 0.000, 0.000, 26.1, 0.68307, 0.72147, 0.11255, -0.01114, 410, 100,
 11:50:24.070,d2:03:b8:43:8d:44, 2015-01-01 00:05:18.360, -0.177, 0.974, -0.135, 0.732, -0.122, -0.305, , , , , , , 98.004, 9.717, 11.058, 0.000, 0.000, 0.000, 26.1, 0.68307, 0.72147, 0.11255, -0.01114, 410, 100,
 11:50:24.071,d2:03:b8:43:8d:44, 2015-01-01 00:05:18.360, -0.175, 0.975, -0.134, 1.404, -0.427, 0.305, , , , , , , 98.015, 9.717, 11.052, 0.000, 0.000, 0.000, 26.1, 0.68307, 0.72147, 0.11255, -0.01114, 410, 100,
 11:50:24.071,d2:03:b8:43:8d:44, 2015-01-01 00:05:18.360, -0.174, 0.973, -0.132, 2.502, -0.732, 0.488, , , , , , , 98.031, 9.712, 11.041, 0.000, 0.000, 0.000, 26.1, 0.68307, 0.72147, 0.11255, -0.01114, 410, 100,
 11:50:24.071,d2:03:b8:43:8d:44, 2015-01-01 00:05:18.360, -0.175, 0.972, -0.132, 3.723, -1.16, 0.061, , , , , , , 98.064, 9.712, 11.03, 0.000, 0.000, 0.000, 26.1, 0.68307, 0.72147, 0.11255, -0.01114, 410, 100,
 11:50:24.072,d2:03:b8:43:8d:44, 2015-01-01 00:05:18.360, -0.156, 0.973, -0.132, 4.944, -1.343, -0.061, , , , , , , 98.102, 9.717, 11.019, 0.000, 0.000, 0.000, 26.1, 0.68307, 0.72147, 0.11255, -0.01114, 410, 100,
 11:50:24.072,d2:03:b8:43:8d:44, 2015-01-01 00:05:18.360, -0.179, 0.975, -0.13, 6.775, 1.16, -0.671, , , , , , , 98.163, 9.723, 11.008, 0.000, 0.000, 0.000, 26.1, 0.68307, 0.72147, 0.11255, -0.01114, 410, 100,
 11:50:24.073,d2:03:b8:43:8d:44, 2015-01-01 00:05:18.360, -0.152, 0.965, -0.1, 10.01, 0.916, -5.371, , , , , , , 98.245, 9.745, 11.03, 0.000, 0.000, 0.000, 26.1, 0.68307, 0.72147, 0.11255, -0.01114, 410, 100,
 11:50:24.073,d2:03:b8:43:8d:44, 2015-01-01 00:05:18.360, -0.137, 0.969, -0.103, 14.404, 2.441, -12.268, , , , , , , 98.372, 9.833, 11.058, 0.000, 0.000, 0.000, 26.1, 0.68307, 0.72147, 0.11255, -0.01114, 410, 100,
 11:50:24.073,d2:03:b8:43:8d:44, 2015-01-01 00:05:18.360, -0.106, 0.97, -0.097, 22.034, 5.432, -20.691, , , , , , , 98.569, 9.992, 11.124, 0.000, 0.000, 0.000, 26.1, 0.68307, 0.72147, 0.11255, -0.01114, 410, 100,
 11:50:24.074,d2:03:b8:43:8d:44, 2015-01-01 00:05:18.360, -0.076, 0.983, 0.021, 39.734, 8.301, -38.757, , , , , , , 98.877, 10.261, 11.234, 0.000, 0.000, 0.000, 26.1, 0.68307, 0.72147, 0.11255, -0.01114, 410, 100,
 11:50:24.077,d2:03:b8:43:8d:44, 2015-01-01 00:05:18.360, -0.782, 1.062, 0.816, 120.483, 38.696, -71.106, , , , , , , 99.739, 10.794, 11.53, 0.000, 0.000, 0.000, 26.1, 0.68307, 0.72147, 0.11255, -0.01114, 410, 100,
 11:50:24.078,d2:03:b8:43:8d:44, 2015-01-01 00:05:18.360, -1.269, 1.217, 1.824, 254.333, 36.011, -52.429, , , , , , , 101.761, 11.376, 12.167, 0.000, 0.000, 0.000, 26.1, 0.68307, 0.72147, 0.11255, -0.01114, 410, 100,
 11:50:24.078,d2:03:b8:43:8d:44, 2015-01-01 00:05:18.360, 0.164, 1.348, 1.902, 443.481, -112.732, 129.272, , , , , , , 105.266, 11.102, 11.602, 0.000, 0.000, 0.000, 26.1, 0.68307, 0.72147, 0.11255, -0.01114, 410, 100,
 11:50:24.079,d2:03:b8:43:8d:44, 2015-01-01 00:05:18.360, 0.628, 1.671, 1.494, 534.485, -31.067, 165.527, , , , , , , 110.083, 9.712, 10.157, 0.000, 0.000, 0.000, 26.1, 0.68307, 0.72147, 0.11255, -0.01114, 410, 100,
 11:50:24.079,d2:03:b8:43:8d:44, 2015-01-01 00:05:18.360, -2.156, 2.514, 2.151, 227.844, 166.87, 13.306, , , , , , , 113.934, 8.575, 10.618, 0.000, 0.000, 0.000, 26.1, 0.68307, 0.72147, 0.11255, -0.01114, 410, 100,
 11:50:24.079,d2:03:b8:43:8d:44, 2015-01-01 00:05:18.360, 2.955, 0.443, 2.53, 277.954, -69.031, -36.56, , , , , , , 116.373, 8.668, 11.184, 0.000, 0.000, 0.000, 26.1, 0.68307, 0.72147, 0.11255, -0.01114, 410, 100,
 11:50:24.080,d2:03:b8:43:8d:44, 2015-01-01 00:05:18.360, -0.938, 1.974, -0.947, 293.823, 175.293, -290.466, , , , , , , 119.449, 9.855, 12.244, 0.000, 0.000, 0.000, 26.1, 0.68307, 0.72147, 0.11255, -0.01114, 410, 100,
 11:50:24.080,d2:03:b8:43:8d:44, 2015-01-01 00:05:18.360, -2.879, 1.211, 0.244, 275.146, 248.352, -170.227, , , , , , , 122.904, 10.58, 15.743, 0.000, 0.000, 0.000, 26.1, 0.68307, 0.72147, 0.11255, -0.01114, 410, 100,
 11:50:24.081,d2:03:b8:43:8d:44, 2015-01-01 00:05:18.360, 0.135, 0.768, -0.089, 293.274, -12.512, 82.581, , , , , , , 126.024, 10.497, 16.842, 0.000, 0.000, 0.000, 26.1, 0.68307, 0.72147, 0.11255, -0.01114, 410, 100,
 11:50:24.081,d2:03:b8:43:8d:44, 2015-01-01 00:05:18.360, 1.084, 0.865, -0.943, 258.423, -114.197, 235.535, , , , , , , 128.447, 9.52, 14.996, 0.000, 0.000, 0.000, 26.1, 0.68307, 0.72147, 0.11255, -0.01114, 410, 100,
 11:50:24.081,d2:03:b8:43:8d:44, 2015-01-01 00:05:18.360, -0.974, 0.831, -0.786, 162.781, -41.687, 116.638, , , , , , , 130.254, 8.41, 13.211, 0.000, 0.000, 0.000, 26.1, 0.68307, 0.72147, 0.11255, -0.01114, 410, 100,
 11:50:24.082,d2:03:b8:43:8d:44, 2015-01-01 00:05:18.360, -0.171, 0.417, -1.048, 45.776, -126.526, 104.065, , , , , , , 131.089, 8.388, 12.047, 0.000, 0.000, 0.000, 26.1, 0.68307, 0.72147, 0.11255, -0.01114, 410, 100,
 11:50:24.082,d2:03:b8:43:8d:44, 2015-01-01 00:05:18.360, 0.712, 0.194, -2.148, -101.196, -129.395, 191.284, , , , , , , 130.446, 8.108, 9.866, 0.000, 0.000, 0.000, 26.1, 0.68307, 0.72147, 0.11255, -0.01114, 410, 100,
 11:50:24.082,d2:03:b8:43:8d:44, 2015-01-01 00:05:18.360, -0.159, -0.132, -2.151, -263.489, -10.681, 90.515, , , , , , , 128.304, 7.295, 8.416, 0.000, 0.000, 0.000, 26.1, 0.68307, 0.72147, 0.11255, -0.01114, 410, 100,
 11:50:24.083,d2:03:b8:43:8d:44, 2015-01-01 00:05:18.360, -0.353, -0.188, -2.052, -409.119, -1.831, -29.419, , , , , , , 124.854, 7.18, 8.432, 0.000, 0.000, 0.000, 26.1, 0.68307, 0.72147, 0.11255, -0.01114, 410, 100,
 11:50:24.083,d2:03:b8:43:8d:44, 2015-01-01 00:05:18.360, 0.463, 0.068, -2.433, -560.181, 2.93, 13.794, , , , , , , 119.927, 7.344, 8.383, 0.000, 0.000, 0.000, 26.1, 0.68307, 0.72147, 0.11255, -0.01114, 410, 100,
 11:50:24.084,d2:03:b8:43:8d:44, 2015-01-01 00:05:18.360, 0.144, -0.221, -2.96, -660.156, 77.393, 29.297, , , , , , , 113.818, 6.724, 8.553, 0.000, 0.000, 0.000, 26.1, 0.68307, 0.72147, 0.11255, -0.01114, 410, 100,
 11:50:24.084,d2:03:b8:43:8d:44, 2015-01-01 00:05:18.360, -0.336, 0.332, -2.003, -753.296, -5.493, -151.245, , , , , , , 106.749, 7.35, 9.267, 0.000, 0.000, 0.000, 26.1, 0.68307, 0.72147, 0.11255, -0.01114, 410, 100,
 11:50:24.084,d2:03:b8:43:8d:44, 2015-01-01 00:05:18.360, 0.945, 0.765, -2.297, -834.106, -106.079, -88.196, , , , , , , 98.674, 8.696, 8.981, 0.000, 0.000, 0.000, 26.1, 0.68307, 0.72147, 0.11255, -0.01114, 410, 100,
 11:50:24.085,d2:03:b8:43:8d:44, 2015-01-01 00:05:18.360, -3.812, 4.01, -4.095, -660.4, -192.566, -734.985, , , , , , , 90.753, 12.151, 7.416, 0.000, 0.000, 0.000, 26.1, 0.68307, 0.72147, 0.11255, -0.01114, 410, 100,
 11:50:24.085,d2:03:b8:43:8d:44, 2015-01-01 00:05:18.360, 0.922, 2.356, -2.383, -775.024, -13.916, 497.986, , , , , , , 83.359, 13.134, 7.366, 0.000, 0.000, 0.000, 26.1, 0.68307, 0.72147, 0.11255, -0.01114, 410, 100,
 11:50:24.085,d2:03:b8:43:8d:44, 2015-01-01 00:05:18.360, 0.047, 0.806, 0.742, -672.607, -254.211, 24.658, , , , , , , 76.047, 9.761, 6.086, 0.000, 0.000, 0.000, 26.1, 0.68307, 0.72147, 0.11255, -0.01114, 410, 100,
 11:50:24.086,d2:03:b8:43:8d:44, 2015-01-01 00:05:18.360, -0.523, -0.124, -1.205, -550.171, -222.534, -82.642, , , , , , , 69.543, 10.107, 3.148, 0.000, 0.000, 0.000, 26.1, 0.68307, 0.72147, 0.11255, -0.01114, 410, 100,
 11:50:24.086,d2:03:b8:43:8d:44, 2015-01-01 00:05:18.360, 0.249, -0.947, -1.033, -429.199, -111.938, 166.321, , , , , , , 64.435, 8.767, 2.269, 0.000, 0.000, 0.000, 26.1, 0.68307, 0.72147, 0.11255, -0.01114, 410, 100,
 11:50:24.087,d2:03:b8:43:8d:44, 2015-01-01 00:05:18.360, 1.347, -1.729, -0.514, -189.636, -152.771, 43.701, , , , , , , 61.359, 7.213, 1.494, 0.000, 0.000, 0.000, 26.1, 0.68307, 0.72147, 0.11255, -0.01114, 410, 100,
 11:50:24.087,d2:03:b8:43:8d:44, 2015-01-01 00:05:18.360, 0.969, -0.917, 0.613, 9.949, -98.389, -61.89, , , , , , , 60.601, 6.57, 0.126, 0.000, 0.000, 0.000, 26.1, 0.68307, 0.72147, 0.11255, -0.01114, 410, 100,
 11:50:24.087,d2:03:b8:43:8d:44, 2015-01-01 00:05:18.360, 0.564, 1.152, 3.751, -3.296, 42.48, -43.762, , , , , , , 60.524, 7.883, -0.533, 0.000, 0.000, 0.000, 26.1, 0.68307, 0.72147, 0.11255, -0.01114, 410, 100,
 11:50:24.088,d2:03:b8:43:8d:44, 2015-01-01 00:05:18.360, 0.601, -1.344, 0.563, 150.391, 192.688, 270.447, , , , , , , 61.573, 6.597, 1.423, 0.000, 0.000, 0.000, 26.1, 0.68307, 0.72147, 0.11255, -0.01114, 410, 100,
 11:50:24.088,d2:03:b8:43:8d:44, 2015-01-01 00:05:18.360, -0.126, -1.15, 1.079, 366.272, 187.988, -58.594, , , , , , , 64.523, 6.812, 3.604, 0.000, 0.000, 0.000, 26.1, 0.68307, 0.72147, 0.11255, -0.01114, 410, 100,
 11:50:24.088,d2:03:b8:43:8d:44, 2015-01-01 00:05:18.360, -1.033, 0.036, 1.132, 484.924, 193.42, -90.881, , , , , , , 69.082, 8.487, 5.092, 0.000, 0.000, 0.000, 26.1, 0.68307, 0.72147, 0.11255, -0.01114, 410, 100,
 11:50:24.089,d2:03:b8:43:8d:44, 2015-01-01 00:05:18.360, -0.009, -0.288, 0.163, 620.361, 81.421, 157.898, , , , , , , 74.899, 8.427, 6.224, 0.000, 0.000, 0.000, 26.1, 0.68307, 0.72147, 0.11255, -0.01114, 410, 100,
 11:50:24.089,d2:03:b8:43:8d:44, 2015-01-01 00:05:18.360, -0.836, -0.165, -0.061, 721.252, 171.326, 73.12, , , , , , , 81.865, 7.344, 8.031, 0.000, 0.000, 0.000, 26.1, 0.68307, 0.72147, 0.11255, -0.01114, 410, 100,
 11:50:24.204,d2:03:b8:43:8d:44, 2015-01-01 00:05:18.360, -0.519, 0.889, 0.034, 777.039, 71.96, -99.243, , , , , , , 89.566, 8.152, 9.476, 0.000, 0.000, 0.000, 26.1, 0.68307, 0.72147, 0.11255, -0.01114, 410, 100,
 11:50:24.480,d2:03:b8:43:8d:44, 2015-01-01 00:05:18.805, -2.689, 3.967, -0.045, 640.625, 17.334, -447.998, , , , , , , 97.125, 9.316, 9.827, 0.000, 0.000, 0.000, 26.1, 0.68292, 0.72153, 0.11279, -0.01279, 410, 100,
 11:50:24.712,d2:03:b8:43:8d:44, 2015-01-01 00:05:18.805, 0.309, 2.82, -1.154, 408.936, 103.943, 370.85, , , , , , , 102.299, 9.783, 10.508, 0.000, 0.000, 0.000, 26.1, 0.68292, 0.72153, 0.11279, -0.01279, 410, 100,
 11:50:24.754,d2:03:b8:43:8d:44, 2015-01-01 00:05:19.220, 1.211, 0.346, -0.169, 349.548, 10.01, 251.831, , , , , , , 105.914, 5.878, 10.08, 0.000, 0.000, 0.000, 26.1, 0.68289, 0.72153, 0.11313, -0.01294, 410, 100,
 11:50:24.754,d2:03:b8:43:8d:44, 2015-01-01 00:05:19.220, -0.574, 0.261, -0.206, 278.87, 9.399, -87.158, , , , , , , 109.116, 5.504, 9.838, 0.000, 0.000, 0.000, 26.1, 0.68289, 0.72153, 0.11313, -0.01294, 410, 100,
 11:50:24.755,d2:03:b8:43:8d:44, 2015-01-01 00:05:19.220, -0.597, 0.988, -0.962, 174.194, -19.531, -140.259, , , , , , , 111.379, 6.883, 10.459, 0.000, 0.000, 0.000, 26.1, 0.68289, 0.72153, 0.11313, -0.01294, 410, 100,
 11:50:24.756,d2:03:b8:43:8d:44, 2015-01-01 00:05:19.220, 0.368, 1.053, -1.296, 40.405, -25.391, 69.702, , , , , , , 112.385, 7.147, 10.179, 0.000, 0.000, 0.000, 26.1, 0.68289, 0.72153, 0.11313, -0.01294, 410, 100,
 11:50:24.756,d2:03:b8:43:8d:44, 2015-01-01 00:05:19.220, 0.157, 0.71, -1.052, -99.304, -2.38, -19.226, , , , , , , 111.967, 6.718, 9.899, 0.000, 0.000, 0.000, 26.1, 0.68289, 0.72153, 0.11313, -0.01294, 410, 100,
 11:50:24.756,d2:03:b8:43:8d:44, 2015-01-01 00:05:19.220, -0.397, 0.624, -0.956, -199.341, -46.143, -125.244, , , , , , , 110.407, 7.646, 9.954, 0.000, 0.000, 0.000, 26.1, 0.68289, 0.72153, 0.11313, -0.01294, 410, 100,
 11:50:24.757,d2:03:b8:43:8d:44, 2015-01-01 00:05:19.220, -0.203, 0.862, -1.111, -268.86, -112.793, -52.002, , , , , , , 107.946, 8.871, 9.465, 0.000, 0.000, 0.000, 26.1, 0.68289, 0.72153, 0.11313, -0.01294, 410, 100,
 11:50:24.757,d2:03:b8:43:8d:44, 2015-01-01 00:05:19.220, 0.092, 0.919, -0.882, -351.013, -110.107, 18.372, , , , , , , 104.623, 9.234, 8.388, 0.000, 0.000, 0.000, 26.1, 0.68289, 0.72153, 0.11313, -0.01294, 410, 100,
 11:50:24.757,d2:03:b8:43:8d:44, 2015-01-01 00:05:19.220, -0.571, 0.875, -0.623, -414.001, -76.111, -44.556, , , , , , , 100.596, 9.459, 7.421, 0.000, 0.000, 0.000, 26.1, 0.68289, 0.72153, 0.11313, -0.01294, 410, 100,
 11:50:24.758,d2:03:b8:43:8d:44, 2015-01-01 00:05:19.220, 0.299, 1.552, -0.978, -438.354, 34.912, -259.094, , , , , , , 96.361, 11.503, 7.597, 0.000, 0.000, 0.000, 26.1, 0.68289, 0.72153, 0.11313, -0.01294, 410, 100,
 11:50:24.758,d2:03:b8:43:8d:44, 2015-01-01 00:05:19.220, -1.279, 3.078, 0.898, -405.64, -83.191, -248.657, , , , , , , 92.104, 13.282, 7.657, 0.000, 0.000, 0.000, 26.1, 0.68289, 0.72153, 0.11313, -0.01294, 410, 100,
 11:50:24.759,d2:03:b8:43:8d:44, 2015-01-01 00:05:19.220, -0.563, 1.778, -0.172, -406.372, -14.526, 99.915, , , , , , , 87.94, 14.161, 7.229, 0.000, 0.000, 0.000, 26.1, 0.68289, 0.72153, 0.11313, -0.01294, 410, 100,
 11:50:24.759,d2:03:b8:43:8d:44, 2015-01-01 00:05:19.220, 0.307, -0.217, 0.55, -321.777, -83.679, 156.677, , , , , , , 84.177, 12.36, 6.861, 0.000, 0.000, 0.000, 26.1, 0.68289, 0.72153, 0.11313, -0.01294, 410, 100,
 11:50:24.759,d2:03:b8:43:8d:44, 2015-01-01 00:05:19.220, -0.181, -0.495, 0.606, -203.003, -77.881, -36.865, , , , , , , 81.425, 11.805, 6.081, 0.000, 0.000, 0.000, 26.1, 0.68289, 0.72153, 0.11313, -0.01294, 410, 100,
 11:50:24.760,d2:03:b8:43:8d:44, 2015-01-01 00:05:19.220, -0.292, -0.042, 0.744, -99.67, -75.256, -13.794, , , , , , , 79.816, 12.057, 5.323, 0.000, 0.000, 0.000, 26.1, 0.68289, 0.72153, 0.11313, -0.01294, 410, 100,
 11:50:24.760,d2:03:b8:43:8d:44, 2015-01-01 00:05:19.220, 0.167, 0.239, 0.589, -0.488, -47.058, 22.522, , , , , , , 79.244, 11.937, 4.653, 0.000, 0.000, 0.000, 26.1, 0.68289, 0.72153, 0.11313, -0.01294, 410, 100,
 11:50:24.760,d2:03:b8:43:8d:44, 2015-01-01 00:05:19.220, 0.64, 0.14, 0.68, 88.684, -16.296, 80.2, , , , , , , 79.678, 11.239, 4.417, 0.000, 0.000, 0.000, 26.1, 0.68289, 0.72153, 0.11313, -0.01294, 410, 100,
 11:50:24.761,d2:03:b8:43:8d:44, 2015-01-01 00:05:19.220, 0.076, 0.278, 0.513, 170.349, 61.34, 37.964, , , , , , , 81.079, 10.706, 4.79, 0.000, 0.000, 0.000, 26.1, 0.68289, 0.72153, 0.11313, -0.01294, 410, 100,
 11:50:24.761,d2:03:b8:43:8d:44, 2015-01-01 00:05:19.220, -0.564, 0.484, 0.217, 237.793, 125.671, 41.565, , , , , , , 83.359, 10.651, 5.812, 0.000, 0.000, 0.000, 26.1, 0.68289, 0.72153, 0.11313, -0.01294, 410, 100,
 11:50:24.761,d2:03:b8:43:8d:44, 2015-01-01 00:05:19.220, 0.02, -0.106, 0.035, 317.993, 94.543, 128.723, , , , , , , 86.391, 9.624, 7.185, 0.000, 0.000, 0.000, 26.1, 0.68289, 0.72153, 0.11313, -0.01294, 410, 100,
 11:50:24.781,d2:03:b8:43:8d:44, 2015-01-01 00:05:19.220, 0.836, 0.467, 0.138, 368.286, 51.331, -9.338, , , , , , , 90.011, 9.146, 7.844, 0.000, 0.000, 0.000, 26.1, 0.68289, 0.72153, 0.11313, -0.01294, 410, 100,
 11:50:24.781,d2:03:b8:43:8d:44, 2015-01-01 00:05:19.220, -2.195, 2.642, -0.001, 377.563, 77.698, -190.735, , , , , , , 93.845, 9.613, 8.531, 0.000, 0.000, 0.000, 26.1, 0.68289, 0.72153, 0.11313, -0.01294, 410, 100,
 11:50:24.782,d2:03:b8:43:8d:44, 2015-01-01 00:05:19.220, -0.432, 2.873, -0.645, 277.832, 83.801, 115.051, , , , , , , 97.295, 10.811, 9.459, 0.000, 0.000, 0.000, 26.1, 0.68289, 0.72153, 0.11313, -0.01294, 410, 100,
 11:50:24.782,d2:03:b8:43:8d:44, 2015-01-01 00:05:19.220, 0.674, 1.307, -0.472, 209.229, 55.298, 283.447, , , , , , , 99.679, 8.058, 9.569, 0.000, 0.000, 0.000, 26.1, 0.68289, 0.72153, 0.11313, -0.01294, 410, 100,
 11:50:24.782,d2:03:b8:43:8d:44, 2015-01-01 00:05:19.220, 0.001, 0.561, -0.272, 179.016, 42.175, 34.973, , , , , , , 101.64, 6.652, 9.888, 0.000, 0.000, 0.000, 26.1, 0.68289, 0.72153, 0.11313, -0.01294, 410, 100,
 11:50:24.782,d2:03:b8:43:8d:44, 2015-01-01 00:05:19.220, -0.094, 0.857, -0.512, 117.737, -22.949, 1.465, , , , , , , 103.134, 6.641, 9.937, 0.000, 0.000, 0.000, 26.1, 0.68289, 0.72153, 0.11313, -0.01294, 410, 100,
 11:50:24.782,d2:03:b8:43:8d:44, 2015-01-01 00:05:19.220, -0.021, 1.103, -0.787, 28.137, -33.447, 51.636, , , , , , , 103.815, 6.526, 9.514, 0.000, 0.000, 0.000, 26.1, 0.68289, 0.72153, 0.11313, -0.01294, 410, 100,
 11:50:24.783,d2:03:b8:43:8d:44, 2015-01-01 00:05:19.220, 0.095, 0.868, -0.677, -58.411, -29.846, 20.386, , , , , , , 103.563, 6.152, 9.091, 0.000, 0.000, 0.000, 26.1, 0.68289, 0.72153, 0.11313, -0.01294, 410, 100,
 11:50:24.783,d2:03:b8:43:8d:44, 2015-01-01 00:05:19.220, -0.185, 0.886, -0.75, -135.681, 13.855, -40.039, , , , , , , 102.524, 6.295, 9.042, 0.000, 0.000, 0.000, 26.1, 0.68289, 0.72153, 0.11313, -0.01294, 410, 100,
 11:50:24.783,d2:03:b8:43:8d:44, 2015-01-01 00:05:19.220, 0.014, 0.938, -0.505, -188.965, -3.479, -52.185, , , , , , , 100.876, 6.724, 9.3, 0.000, 0.000, 0.000, 26.1, 0.68289, 0.72153, 0.11313, -0.01294, 410, 100,
 11:50:24.783,d2:03:b8:43:8d:44, 2015-01-01 00:05:19.220, 0.181, 1.131, -0.37, -235.168, -52.673, -44.678, , , , , , , 98.685, 7.213, 9.069, 0.000, 0.000, 0.000, 26.1, 0.68289, 0.72153, 0.11313, -0.01294, 410, 100,
 11:50:24.783,d2:03:b8:43:8d:44, 2015-01-01 00:05:19.220, -0.386, 1.673, -0.321, -265.32, -59.753, -150.879, , , , , , , 96.103, 8.141, 8.454, 0.000, 0.000, 0.000, 26.1, 0.68289, 0.72153, 0.11313, -0.01294, 410, 100,
 11:50:24.784,d2:03:b8:43:8d:44, 2015-01-01 00:05:19.220, -0.727, 1.516, -0.294, -274.292, 21.545, -113.037, , , , , , , 93.389, 9.481, 8.487, 0.000, 0.000, 0.000, 26.1, 0.68289, 0.72153, 0.11313, -0.01294, 410, 100,
 11:50:24.784,d2:03:b8:43:8d:44, 2015-01-01 00:05:19.220, -0.631, 1.665, 0.375, -244.08, -42.419, -74.341, , , , , , , 90.797, 10.717, 8.344, 0.000, 0.000, 0.000, 26.1, 0.68289, 0.72153, 0.11313, -0.01294, 410, 100,
 11:50:24.785,d2:03:b8:43:8d:44, 2015-01-01 00:05:19.220, 0.246, 0.631, 0.191, -202.759, -71.655, 66.284, , , , , , , 88.418, 10.475, 7.773, 0.000, 0.000, 0.000, 26.1, 0.68289, 0.72153, 0.11313, -0.01294, 410, 100,
 11:50:24.785,d2:03:b8:43:8d:44, 2015-01-01 00:05:19.220, 0.583, 0.177, 0.271, -123.596, -90.21, -19.897, , , , , , , 86.682, 10.162, 6.888, 0.000, 0.000, 0.000, 26.1, 0.68289, 0.72153, 0.11313, -0.01294, 410, 100,
 11:50:24.785,d2:03:b8:43:8d:44, 2015-01-01 00:05:19.220, -0.108, 0.378, 0.345, -65.369, -5.92, -53.223, , , , , , , 85.693, 10.624, 6.367, 0.000, 0.000, 0.000, 26.1, 0.68289, 0.72153, 0.11313, -0.01294, 410, 100,
 11:50:24.786,d2:03:b8:43:8d:44, 2015-01-01 00:05:19.220, -0.196, 0.408, 0.456, -5.31, 6.775, -69.58, , , , , , , 85.364, 11.195, 6.389, 0.000, 0.000, 0.000, 26.1, 0.68289, 0.72153, 0.11313, -0.01294, 410, 100,
 11:50:24.786,d2:03:b8:43:8d:44, 2015-01-01 00:05:19.220, -0.276, 0.578, 0.389, 45.837, 29.053, -35.461, , , , , , , 85.627, 11.788, 6.52, 0.000, 0.000, 0.000, 26.1, 0.68289, 0.72153, 0.11313, -0.01294, 410, 100,
 11:50:24.787,d2:03:b8:43:8d:44, 2015-01-01 00:05:19.220, -0.159, 0.482, 0.386, 101.501, 28.259, -4.456, , , , , , , 86.44, 11.926, 6.795, 0.000, 0.000, 0.000, 26.1, 0.68289, 0.72153, 0.11313, -0.01294, 410, 100,
 11:50:24.787,d2:03:b8:43:8d:44, 2015-01-01 00:05:19.220, -0.178, 0.45, 0.183, 159.912, 47.852, 19.165, , , , , , , 87.88, 11.86, 7.218, 0.000, 0.000, 0.000, 26.1, 0.68289, 0.72153, 0.11313, -0.01294, 410, 100,
 11:50:24.788,d2:03:b8:43:8d:44, 2015-01-01 00:05:19.220, -0.244, 0.645, 0.131, 201.599, 50.476, 2.075, , , , , , , 89.83, 11.744, 7.734, 0.000, 0.000, 0.000, 26.1, 0.68289, 0.72153, 0.11313, -0.01294, 410, 100,
 11:50:24.788,d2:03:b8:43:8d:44, 2015-01-01 00:05:19.220, -0.272, 1.384, 0.042, 212.769, 42.664, -38.025, , , , , , , 92.038, 11.97, 8.185, 0.000, 0.000, 0.000, 26.1, 0.68289, 0.72153, 0.11313, -0.01294, 410, 100,
 11:50:24.788,d2:03:b8:43:8d:44, 2015-01-01 00:05:19.220, -0.996, 1.928, -0.357, 187.439, 75.989, -5.737, , , , , , , 94.186, 12.014, 8.833, 0.000, 0.000, 0.000, 26.1, 0.68289, 0.72153, 0.11313, -0.01294, 410, 100,
 11:50:24.789,d2:03:b8:43:8d:44, 2015-01-01 00:05:19.220, -0.089, 1.374, -0.186, 160.828, -11.841, 109.619, , , , , , , 95.966, 11.404, 9.119, 0.000, 0.000, 0.000, 26.1, 0.68289, 0.72153, 0.11313, -0.01294, 410, 100,
 11:50:24.789,d2:03:b8:43:8d:44, 2015-01-01 00:05:19.220, -0.001, 1.058, -0.276, 133.118, -29.846, 112.305, , , , , , , 97.333, 10.228, 8.674, 0.000, 0.000, 0.000, 26.1, 0.68289, 0.72153, 0.11313, -0.01294, 410, 100,
 11:50:24.789,d2:03:b8:43:8d:44, 2015-01-01 00:05:19.220, -0.238, 0.972, -0.426, 93.689, 7.812, 64.636, , , , , , , 98.427, 9.366, 8.487, 0.000, 0.000, 0.000, 26.1, 0.68289, 0.72153, 0.11313, -0.01294, 410, 100,
 11:50:24.790,d2:03:b8:43:8d:44, 2015-01-01 00:05:19.220, -0.023, 0.994, -0.439, 48.279, -5.798, 65.186, , , , , , , 99.124, 8.8, 8.41, 0.000, 0.000, 0.000, 26.1, 0.68289, 0.72153, 0.11313, -0.01294, 410, 100,
 11:50:24.790,d2:03:b8:43:8d:44, 2015-01-01 00:05:19.220, 0.054, 0.969, -0.511, -17.395, 6.348, 68.359, , , , , , , 99.229, 8.086, 8.284, 0.000, 0.000, 0.000, 26.1, 0.68289, 0.72153, 0.11313, -0.01294, 410, 100,
 11:50:24.791,d2:03:b8:43:8d:44, 2015-01-01 00:05:19.220, -0.023, 0.973, -0.508, -74.341, 8.667, 14.221, , , , , , , 98.74, 7.718, 8.278, 0.000, 0.000, 0.000, 26.1, 0.68289, 0.72153, 0.11313, -0.01294, 410, 100,
 11:50:24.791,d2:03:b8:43:8d:44, 2015-01-01 00:05:19.220, -0.107, 1.052, -0.402, -120.544, 28.87, -1.709, , , , , , , 97.756, 7.657, 8.465, 0.000, 0.000, 0.000, 26.1, 0.68289, 0.72153, 0.11313, -0.01294, 410, 100,
 11:50:24.792,d2:03:b8:43:8d:44, 2015-01-01 00:05:19.220, -0.347, 1.201, -0.263, -148.56, 25.513, -17.273, , , , , , , 96.416, 7.652, 8.817, 0.000, 0.000, 0.000, 26.1, 0.68289, 0.72153, 0.11313, -0.01294, 410, 100,
 11:50:24.792,d2:03:b8:43:8d:44, 2015-01-01 00:05:19.220, -0.395, 1.176, -0.245, -151.611, -26.306, -17.029, , , , , , , 94.9, 7.987, 8.707, 0.000, 0.000, 0.000, 26.1, 0.68289, 0.72153, 0.11313, -0.01294, 410, 100,
 11:50:24.792,d2:03:b8:43:8d:44, 2015-01-01 00:05:19.220, 0.059, 1.081, -0.242, -158.264, -2.136, -1.038, , , , , , , 93.318, 8.108, 8.619, 0.000, 0.000, 0.000, 26.1, 0.68289, 0.72153, 0.11313, -0.01294, 410, 100,
 11:50:24.793,d2:03:b8:43:8d:44, 2015-01-01 00:05:19.220, -0.162, 1.248, 0.536, -140.259, -49.438, -68.054, , , , , , , 91.802, 8.394, 8.322, 0.000, 0.000, 0.000, 26.1, 0.68289, 0.72153, 0.11313, -0.01294, 410, 100,
 11:50:24.793,d2:03:b8:43:8d:44, 2015-01-01 00:05:19.220, -0.16, 0.962, 0.028, -112.549, -21.179, 2.319, , , , , , , 90.483, 8.734, 7.943, 0.000, 0.000, 0.000, 26.1, 0.68289, 0.72153, 0.11313, -0.01294, 410, 100,
 11:50:24.793,d2:03:b8:43:8d:44, 2015-01-01 00:05:19.220, 0.286, 0.515, 0.212, -70.19, -15.137, 24.597, , , , , , , 89.555, 8.503, 7.822, 0.000, 0.000, 0.000, 26.1, 0.68289, 0.72153, 0.11313, -0.01294, 410, 100,
 11:50:24.794,d2:03:b8:43:8d:44, 2015-01-01 00:05:19.220, 0.132, 0.458, 0.228, -15.869, -18.127, -41.565, , , , , , , 89.127, 8.575, 7.586, 0.000, 0.000, 0.000, 26.1, 0.68289, 0.72153, 0.11313, -0.01294, 410, 100,
 11:50:24.794,d2:03:b8:43:8d:44, 2015-01-01 00:05:19.220, -0.193, 0.657, 0.196, 17.822, 18.066, -65.063, , , , , , , 89.176, 9.201, 7.646, 0.000, 0.000, 0.000, 26.1, 0.68289, 0.72153, 0.11313, -0.01294, 410, 100,
 11:50:24.794,d2:03:b8:43:8d:44, 2015-01-01 00:05:19.220, -0.319, 0.765, 0.205, 50.964, 16.418, -71.106, , , , , , , 89.561, 9.915, 7.784, 0.000, 0.000, 0.000, 26.1, 0.68289, 0.72153, 0.11313, -0.01294, 410, 100,
 11:50:24.795,d2:03:b8:43:8d:44, 2015-01-01 00:05:19.220, -0.169, 0.738, 0.184, 80.322, 16.968, -29.785, , , , , , , 90.258, 10.36, 7.976, 0.000, 0.000, 0.000, 26.1, 0.68289, 0.72153, 0.11313, -0.01294, 410, 100,
 11:50:24.795,d2:03:b8:43:8d:44, 2015-01-01 00:05:19.220, -0.331, 0.792, 0.143, 110.84, 22.095, -32.715, , , , , , , 91.269, 10.64, 8.19, 0.000, 0.000, 0.000, 26.1, 0.68289, 0.72153, 0.11313, -0.01294, 410, 100,
 11:50:24.795,d2:03:b8:43:8d:44, 2015-01-01 00:05:19.220, -0.051, 1.044, 0.006, 131.653, 11.902, -43.457, , , , , , , 92.565, 11.08, 8.366, 0.000, 0.000, 0.000, 26.1, 0.68289, 0.72153, 0.11313, -0.01294, 410, 100,
 11:50:24.796,d2:03:b8:43:8d:44, 2015-01-01 00:05:19.220, -0.437, 1.375, -0.204, 123.596, 23.926, -25.635, , , , , , , 93.889, 11.277, 8.553, 0.000, 0.000, 0.000, 26.1, 0.68289, 0.72153, 0.11313, -0.01294, 410, 100,
 11:50:24.796,d2:03:b8:43:8d:44, 2015-01-01 00:05:19.220, -0.396, 1.272, -0.253, 94.238, 18.005, -11.353, , , , , , , 95.015, 11.514, 8.839, 0.000, 0.000, 0.000, 26.1, 0.68289, 0.72153, 0.11313, -0.01294, 410, 100,
 11:50:24.796,d2:03:b8:43:8d:44, 2015-01-01 00:05:19.220, -0.17, 1.084, -0.251, 65.796, -5.493, 16.846, , , , , , , 95.806, 11.464, 8.855, 0.000, 0.000, 0.000, 26.1, 0.68289, 0.72153, 0.11313, -0.01294, 410, 100,
 11:50:24.797,d2:03:b8:43:8d:44, 2015-01-01 00:05:19.220, -0.337, 1.009, -0.253, 42.236, -5.249, 17.944, , , , , , , 96.312, 11.277, 8.745, 0.000, 0.000, 0.000, 26.1, 0.68289, 0.72153, 0.11313, -0.01294, 410, 100,
 11:50:24.797,d2:03:b8:43:8d:44, 2015-01-01 00:05:19.220, -0.22, 1.014, -0.26, 18.25, -6.042, 15.442, , , , , , , 96.597, 11.162, 8.696, 0.000, 0.000, 0.000, 26.1, 0.68289, 0.72153, 0.11313, -0.01294, 410, 100,
 11:50:24.797,d2:03:b8:43:8d:44, 2015-01-01 00:05:19.220, -0.035, 1.05, -0.298, -14.771, -11.169, 43.152, , , , , , , 96.575, 10.86, 8.558, 0.000, 0.000, 0.000, 26.1, 0.68289, 0.72153, 0.11313, -0.01294, 410, 100,
 11:50:24.798,d2:03:b8:43:8d:44, 2015-01-01 00:05:19.220, -0.082, 1.032, -0.352, -54.81, -0.183, 16.296, , , , , , , 96.18, 10.563, 8.432, 0.000, 0.000, 0.000, 26.1, 0.68289, 0.72153, 0.11313, -0.01294, 410, 100,
 11:50:24.798,d2:03:b8:43:8d:44, 2015-01-01 00:05:19.220, -0.274, 1.07, -0.253, -83.191, 18.311, 4.578, , , , , , , 95.482, 10.492, 8.542, 0.000, 0.000, 0.000, 26.1, 0.68289, 0.72153, 0.11313, -0.01294, 410, 100,
 11:50:24.798,d2:03:b8:43:8d:44, 2015-01-01 00:05:19.220, -0.437, 1.048, -0.092, -87.708, 6.104, 3.357, , , , , , , 94.625, 10.448, 8.663, 0.000, 0.000, 0.000, 26.1, 0.68289, 0.72153, 0.11313, -0.01294, 410, 100,
 11:50:24.799,d2:03:b8:43:8d:44, 2015-01-01 00:05:19.220, -0.464, 1.101, -0.086, -77.942, -8.667, 12.146, , , , , , , 93.79, 10.459, 8.608, 0.000, 0.000, 0.000, 26.1, 0.68289, 0.72153, 0.11313, -0.01294, 410, 100,
 11:50:24.799,d2:03:b8:43:8d:44, 2015-01-01 00:05:19.220, 0.152, 0.937, -0.02, -68.298, -14.221, 65.002, , , , , , , 93.038, 10.085, 8.465, 0.000, 0.000, 0.000, 26.1, 0.68289, 0.72153, 0.11313, -0.01294, 410, 100,
 11:50:24.799,d2:03:b8:43:8d:44, 2015-01-01 00:05:19.220, 0.044, 0.936, 0.112, -54.81, -17.883, 39.978, , , , , , , 92.395, 9.47, 8.234, 0.000, 0.000, 0.000, 26.1, 0.68289, 0.72153, 0.11313, -0.01294, 410, 100,
 11:50:24.800,d2:03:b8:43:8d:44, 2015-01-01 00:05:19.220, -0.279, 0.878, 0.094, -39.246, -0.305, -0.122, , , , , , , 91.912, 9.327, 8.157, 0.000, 0.000, 0.000, 26.1, 0.68289, 0.72153, 0.11313, -0.01294, 410, 100,
 11:50:24.800,d2:03:b8:43:8d:44, 2015-01-01 00:05:19.220, -0.05, 0.811, 0.121, -14.648, -2.258, 18.677, , , , , , , 91.648, 9.272, 8.146, 0.000, 0.000, 0.000, 26.1, 0.68289, 0.72153, 0.11313, -0.01294, 410, 100,
 11:50:24.800,d2:03:b8:43:8d:44, 2015-01-01 00:05:19.220, -0.026, 0.722, 0.123, 15.503, 4.639, 33.081, , , , , , , 91.664, 8.954, 8.124, 0.000, 0.000, 0.000, 26.1, 0.68289, 0.72153, 0.11313, -0.01294, 410, 100,
 11:50:24.801,d2:03:b8:43:8d:44, 2015-01-01 00:05:19.220, -0.133, 0.762, 0.092, 46.021, 10.437, -5.066, , , , , , , 92.005, 8.817, 8.223, 0.000, 0.000, 0.000, 26.1, 0.68289, 0.72153, 0.11313, -0.01294, 410, 100,
 11:50:24.801,d2:03:b8:43:8d:44, 2015-01-01 00:05:19.220, -0.062, 0.976, -0.024, 57.556, 2.014, -9.827, , , , , , , 92.565, 8.965, 8.256, 0.000, 0.000, 0.000, 26.1, 0.68289, 0.72153, 0.11313, -0.01294, 410, 100,
 11:50:24.802,d2:03:b8:43:8d:44, 2015-01-01 00:05:19.220, -0.119, 1.042, -0.088, 52.612, 12.939, -8.972, , , , , , , 93.126, 9.009, 8.328, 0.000, 0.000, 0.000, 26.1, 0.68289, 0.72153, 0.11313, -0.01294, 410, 100,
 11:50:24.802,d2:03:b8:43:8d:44, 2015-01-01 00:05:19.220, -0.203, 1.025, -0.042, 51.27, 20.203, -14.771, , , , , , , 93.669, 9.146, 8.52, 0.000, 0.000, 0.000, 26.1, 0.68289, 0.72153, 0.11313, -0.01294, 410, 100,
 11:50:24.803,d2:03:b8:43:8d:44, 2015-01-01 00:05:19.220, -0.245, 1.117, -0.089, 45.532, 13.489, -22.034, , , , , , , 94.186, 9.355, 8.701, 0.000, 0.000, 0.000, 26.1, 0.68289, 0.72153, 0.11313, -0.01294, 410, 100,
 11:50:24.803,d2:03:b8:43:8d:44, 2015-01-01 00:05:19.220, -0.195, 1.06, -0.136, 34.546, 5.737, -3.662, , , , , , , 94.603, 9.454, 8.817, 0.000, 0.000, 0.000, 26.1, 0.68289, 0.72153, 0.11313, -0.01294, 410, 100,
 11:50:24.804,d2:03:b8:43:8d:44, 2015-01-01 00:05:19.220, -0.07, 1.018, -0.169, 20.203, -9.399, -7.874, , , , , , , 94.878, 9.509, 8.795, 0.000, 0.000, 0.000, 26.1, 0.68289, 0.72153, 0.11313, -0.01294, 410, 100,
 11:50:24.804,d2:03:b8:43:8d:44, 2015-01-01 00:05:19.220, -0.15, 1.039, -0.252, -3.906, -4.883, -20.325, , , , , , , 94.938, 9.662, 8.696, 0.000, 0.000, 0.000, 26.1, 0.68289, 0.72153, 0.11313, -0.01294, 410, 100,
 11:50:24.804,d2:03:b8:43:8d:44, 2015-01-01 00:05:19.220, -0.258, 1.037, -0.181, -23.987, 3.174, -29.236, , , , , , , 94.779, 9.937, 8.74, 0.000, 0.000, 0.000, 26.1, 0.68289, 0.72153, 0.11313, -0.01294, 410, 100,
 11:50:24.805,d2:03:b8:43:8d:44, 2015-01-01 00:05:19.220, -0.195, 1.02, -0.114, -30.09, -7.629, -23.987, , , , , , , 94.504, 10.206, 8.723, 0.000, 0.000, 0.000, 26.1, 0.68289, 0.72153, 0.11313, -0.01294, 410, 100,
 11:50:24.805,d2:03:b8:43:8d:44, 2015-01-01 00:05:19.220, -0.271, 1.02, -0.089, -33.02, -3.052, -9.46, , , , , , , 94.169, 10.366, 8.679, 0.000, 0.000, 0.000, 26.1, 0.68289, 0.72153, 0.11313, -0.01294, 410, 100,
 11:50:24.805,d2:03:b8:43:8d:44, 2015-01-01 00:05:19.220, -0.184, 0.98, -0.047, -29.663, -10.376, -14.771, , , , , , , 93.845, 10.497, 8.641, 0.000, 0.000, 0.000, 26.1, 0.68289, 0.72153, 0.11313, -0.01294, 410, 100,
 11:50:24.806,d2:03:b8:43:8d:44, 2015-01-01 00:05:19.220, -0.166, 1.013, -0.069, -27.771, -10.437, -5.127, , , , , , , 93.543, 10.618, 8.498, 0.000, 0.000, 0.000, 26.1, 0.68289, 0.72153, 0.11313, -0.01294, 410, 100,
 11:50:24.806,d2:03:b8:43:8d:44, 2015-01-01 00:05:19.220, -0.186, 0.943, -0.01, -23.804, -3.418, -1.709, , , , , , , 93.263, 10.624, 8.459, 0.000, 0.000, 0.000, 26.1, 0.68289, 0.72153, 0.11313, -0.01294, 410, 100,
 11:50:24.806,d2:03:b8:43:8d:44, 2015-01-01 00:05:19.220, -0.21, 0.886, 0.029, -9.705, -1.526, -3.662, , , , , , , 93.098, 10.673, 8.416, 0.000, 0.000, 0.000, 26.1, 0.68289, 0.72153, 0.11313, -0.01294, 410, 100,
 11:50:24.807,d2:03:b8:43:8d:44, 2015-01-01 00:05:19.220, -0.228, 0.889, 0.043, 5.615, 1.404, 6.958, , , , , , , 93.082, 10.651, 8.416, 0.000, 0.000, 0.000, 26.1, 0.68289, 0.72153, 0.11313, -0.01294, 410, 100,
 11:50:24.808,d2:03:b8:43:8d:44, 2015-01-01 00:05:19.220, -0.175, 0.896, 0.03, 19.47, 2.441, 11.597, , , , , , , 93.219, 10.541, 8.448, 0.000, 0.000, 0.000, 26.1, 0.68289, 0.72153, 0.11313, -0.01294, 410, 100,
 11:50:24.808,d2:03:b8:43:8d:44, 2015-01-01 00:05:19.220, -0.109, 0.977, -0.054, 25.085, -6.592, 8.179, , , , , , , 93.45, 10.443, 8.383, 0.000, 0.000, 0.000, 26.1, 0.68289, 0.72153, 0.11313, -0.01294, 410, 100,
 11:50:24.809,d2:03:b8:43:8d:44, 2015-01-01 00:05:19.220, -0.185, 1.041, -0.11, 17.517, 6.165, 10.559, , , , , , , 93.664, 10.349, 8.394, 0.000, 0.000, 0.000, 26.1, 0.68289, 0.72153, 0.11313, -0.01294, 410, 100,
 11:50:24.809,d2:03:b8:43:8d:44, 2015-01-01 00:05:19.220, -0.207, 1.002, -0.08, 14.893, 7.629, 7.69, , , , , , , 93.834, 10.261, 8.454, 0.000, 0.000, 0.000, 26.1, 0.68289, 0.72153, 0.11313, -0.01294, 410, 100,
 11:50:24.809,d2:03:b8:43:8d:44, 2015-01-01 00:05:19.220, -0.223, 1.014, -0.086, 13.123, 5.798, 15.198, , , , , , , 93.988, 10.14, 8.503, 0.000, 0.000, 0.000, 26.1, 0.68289, 0.72153, 0.11313, -0.01294, 410, 100,
 11:50:24.809,d2:03:b8:43:8d:44, 2015-01-01 00:05:19.220, -0.164, 0.994, -0.077, 11.047, 3.113, 19.104, , , , , , , 94.109, 9.959, 8.558, 0.000, 0.000, 0.000, 26.1, 0.68289, 0.72153, 0.11313, -0.01294, 410, 100,
 11:50:24.809,d2:03:b8:43:8d:44, 2015-01-01 00:05:19.220, -0.043, 1.017, -0.126, 4.028, -5.127, 16.907, , , , , , , 94.186, 9.783, 8.509, 0.000, 0.000, 0.000, 26.1, 0.68289, 0.72153, 0.11313, -0.01294, 410, 100,
 11:50:24.811,d2:03:b8:43:8d:44, 2015-01-01 00:05:19.220, -0.123, 1.032, -0.166, -10.559, 3.174, 6.226, , , , , , , 94.142, 9.662, 8.498, 0.000, 0.000, 0.000, 26.1, 0.68289, 0.72153, 0.11313, -0.01294, 410, 100,
 11:50:24.811,d2:03:b8:43:8d:44, 2015-01-01 00:05:19.220, -0.229, 1, -0.097, -16.174, 4.578, -10.681, , , , , , , 94.005, 9.695, 8.547, 0.000, 0.000, 0.000, 26.1, 0.68289, 0.72153, 0.11313, -0.01294, 410, 100,
 11:50:24.811,d2:03:b8:43:8d:44, 2015-01-01 00:05:19.220, -0.258, 0.985, -0.038, -12.451, 3.784, -2.075, , , , , , , 93.867, 9.778, 8.586, 0.000, 0.000, 0.000, 26.1, 0.68289, 0.72153, 0.11313, -0.01294, 410, 100,
 11:50:24.811,d2:03:b8:43:8d:44, 2015-01-01 00:05:19.220, -0.124, 0.939, -0.009, -4.944, -3.662, 9.46, , , , , , , 93.779, 9.728, 8.586, 0.000, 0.000, 0.000, 26.1, 0.68289, 0.72153, 0.11313, -0.01294, 410, 100,
 11:50:24.812,d2:03:b8:43:8d:44, 2015-01-01 00:05:19.220, -0.07, 0.956, -0.052, -0.549, -5.798, 4.211, , , , , , , 93.746, 9.651, 8.52, 0.000, 0.000, 0.000, 26.1, 0.68289, 0.72153, 0.11313, -0.01294, 410, 100,
 11:50:24.812,d2:03:b8:43:8d:44, 2015-01-01 00:05:19.220, -0.138, 0.995, -0.092, -3.174, -1.038, -9.155, , , , , , , 93.724, 9.684, 8.487, 0.000, 0.000, 0.000, 26.1, 0.68289, 0.72153, 0.11313, -0.01294, 410, 100,
 11:50:24.813,d2:03:b8:43:8d:44, 2015-01-01 00:05:19.220, -0.202, 0.987, -0.066, -4.456, 0.977, -15.808, , , , , , , 93.686, 9.822, 8.498, 0.000, 0.000, 0.000, 26.1, 0.68289, 0.72153, 0.11313, -0.01294, 410, 100,
 11:50:24.813,d2:03:b8:43:8d:44, 2015-01-01 00:05:19.220, -0.268, 0.946, -0.017, 1.404, 3.54, -10.071, , , , , , , 93.669, 9.959, 8.525, 0.000, 0.000, 0.000, 26.1, 0.68289, 0.72153, 0.11313, -0.01294, 410, 100,
 11:50:24.813,d2:03:b8:43:8d:44, 2015-01-01 00:05:19.220, -0.169, 0.945, -0.013, 9.827, -2.136, -3.235, , , , , , , 93.735, 10.014, 8.542, 0.000, 0.000, 0.000, 26.1, 0.68289, 0.72153, 0.11313, -0.01294, 410, 100,
 11:50:24.814,d2:03:b8:43:8d:44, 2015-01-01 00:05:19.220, -0.115, 0.996, -0.068, 11.108, -2.808, 4.7, , , , , , , 93.845, 10.003, 8.503, 0.000, 0.000, 0.000, 26.1, 0.68289, 0.72153, 0.11313, -0.01294, 410, 100,
 11:50:24.814,d2:03:b8:43:8d:44, 2015-01-01 00:05:19.220, -0.128, 1.022, -0.124, 3.601, -0.183, -2.93, , , , , , , 93.917, 9.987, 8.492, 0.000, 0.000, 0.000, 26.1, 0.68289, 0.72153, 0.11313, -0.01294, 410, 100,
 11:50:24.814,d2:03:b8:43:8d:44, 2015-01-01 00:05:19.220, -0.228, 1.026, -0.117, -6.653, 3.235, -9.338, , , , , , , 93.9, 10.069, 8.509, 0.000, 0.000, 0.000, 26.1, 0.68289, 0.72153, 0.11313, -0.01294, 410, 100,
 11:50:24.815,d2:03:b8:43:8d:44, 2015-01-01 00:05:19.220, -0.282, 0.97, -0.048, -5.676, 3.54, -7.385, , , , , , , 93.834, 10.157, 8.553, 0.000, 0.000, 0.000, 26.1, 0.68289, 0.72153, 0.11313, -0.01294, 410, 100,
 11:50:24.815,d2:03:b8:43:8d:44, 2015-01-01 00:05:19.220, -0.174, 0.958, -0.021, 1.038, -1.953, 6.775, , , , , , , 93.818, 10.151, 8.558, 0.000, 0.000, 0.000, 26.1, 0.68289, 0.72153, 0.11313, -0.01294, 410, 100,
 11:50:24.815,d2:03:b8:43:8d:44, 2015-01-01 00:05:19.220, -0.107, 0.973, -0.055, 3.784, -2.808, 13.184, , , , , , , 93.84, 10.042, 8.52, 0.000, 0.000, 0.000, 26.1, 0.68289, 0.72153, 0.11313, -0.01294, 410, 100,
 11:50:24.816,d2:03:b8:43:8d:44, 2015-01-01 00:05:19.220, -0.111, 0.995, -0.099, 1.16, -1.404, 2.502, , , , , , , 93.867, 9.959, 8.492, 0.000, 0.000, 0.000, 26.1, 0.68289, 0.72153, 0.11313, -0.01294, 410, 100,
 11:50:24.816,d2:03:b8:43:8d:44, 2015-01-01 00:05:19.220, -0.205, 1.014, -0.11, -5.493, 2.808, -4.822, , , , , , , 93.84, 9.987, 8.498, 0.000, 0.000, 0.000, 26.1, 0.68289, 0.72153, 0.11313, -0.01294, 410, 100,
 11:50:24.817,d2:03:b8:43:8d:44, 2015-01-01 00:05:19.220, -0.245, 0.969, -0.048, -4.7, 3.418, -4.944, , , , , , , 93.785, 10.042, 8.542, 0.000, 0.000, 0.000, 26.1, 0.68289, 0.72153, 0.11313, -0.01294, 410, 100,
 11:50:24.817,d2:03:b8:43:8d:44, 2015-01-01 00:05:19.220, -0.205, 0.948, -0.013, 3.174, -0.366, 5.005, , , , , , , 93.785, 10.042, 8.547, 0.000, 0.000, 0.000, 26.1, 0.68289, 0.72153, 0.11313, -0.01294, 410, 100,
 11:50:24.818,d2:03:b8:43:8d:44, 2015-01-01 00:05:19.220, -0.101, 0.972, -0.051, 7.263, -3.784, 9.094, , , , , , , 93.84, 9.965, 8.514, 0.000, 0.000, 0.000, 26.1, 0.68289, 0.72153, 0.11313, -0.01294, 410, 100,
 11:50:24.818,d2:03:b8:43:8d:44, 2015-01-01 00:05:19.220, -0.104, 1.002, -0.101, 4.028, -0.488, 6.897, , , , , , , 93.895, 9.871, 8.487, 0.000, 0.000, 0.000, 26.1, 0.68289, 0.72153, 0.11313, -0.01294, 410, 100,
 11:50:24.818,d2:03:b8:43:8d:44, 2015-01-01 00:05:19.220, -0.17, 1.012, -0.117, -3.052, 1.343, -7.629, , , , , , , 93.9, 9.882, 8.492, 0.000, 0.000, 0.000, 26.1, 0.68289, 0.72153, 0.11313, -0.01294, 410, 100,
 11:50:24.819,d2:03:b8:43:8d:44, 2015-01-01 00:05:19.220, -0.25, 0.999, -0.079, -6.653, 3.784, -8.057, , , , , , , 93.845, 9.976, 8.525, 0.000, 0.000, 0.000, 26.1, 0.68289, 0.72153, 0.11313, -0.01294, 410, 100,
 11:50:24.819,d2:03:b8:43:8d:44, 2015-01-01 00:05:19.220, -0.223, 0.96, -0.024, -2.197, 0.732, -0.732, , , , , , , 93.801, 10.02, 8.553, 0.000, 0.000, 0.000, 26.1, 0.68289, 0.72153, 0.11313, -0.01294, 410, 100,
 11:50:24.819,d2:03:b8:43:8d:44, 2015-01-01 00:05:19.220, -0.119, 0.957, -0.028, 4.028, -3.296, 7.935, , , , , , , 93.818, 9.97, 8.531, 0.000, 0.000, 0.000, 26.1, 0.68289, 0.72153, 0.11313, -0.01294, 410, 100,
 11:50:24.819,d2:03:b8:43:8d:44, 2015-01-01 00:05:19.220, -0.121, 0.988, -0.078, 3.479, -1.16, 5.31, , , , , , , 93.851, 9.904, 8.498, 0.000, 0.000, 0.000, 26.1, 0.68289, 0.72153, 0.11313, -0.01294, 410, 100,
 11:50:24.820,d2:03:b8:43:8d:44, 2015-01-01 00:05:19.220, -0.163, 1.002, -0.099, -1.099, 0.488, -6.836, , , , , , , 93.862, 9.921, 8.498, 0.000, 0.000, 0.000, 26.1, 0.68289, 0.72153, 0.11313, -0.01294, 410, 100,
 11:50:24.820,d2:03:b8:43:8d:44, 2015-01-01 00:05:19.220, -0.222, 1.003, -0.083, -4.822, 2.258, -6.714, , , , , , , 93.829, 9.998, 8.514, 0.000, 0.000, 0.000, 26.1, 0.68289, 0.72153, 0.11313, -0.01294, 410, 100,
 11:50:24.821,d2:03:b8:43:8d:44, 2015-01-01 00:05:19.220, -0.234, 0.961, -0.036, -1.77, 1.709, -2.991, , , , , , , 93.796, 10.042, 8.542, 0.000, 0.000, 0.000, 26.1, 0.68289, 0.72153, 0.11313, -0.01294, 410, 100,
 11:50:24.821,d2:03:b8:43:8d:44, 2015-01-01 00:05:19.220, -0.146, 0.957, -0.028, 4.883, -2.625, 5.676, , , , , , , 93.818, 10.031, 8.531, 0.000, 0.000, 0.000, 26.1, 0.68289, 0.72153, 0.11313, -0.01294, 410, 100,
 11:50:24.821,d2:03:b8:43:8d:44, 2015-01-01 00:05:19.220, -0.12, 0.99, -0.078, 4.7, -1.221, 7.202, , , , , , , 93.862, 9.959, 8.498, 0.000, 0.000, 0.000, 26.1, 0.68289, 0.72153, 0.11313, -0.01294, 410, 100,
 11:50:24.822,d2:03:b8:43:8d:44, 2015-01-01 00:05:19.220, -0.143, 0.997, -0.099, 1.099, -0.122, -2.38, , , , , , , 93.895, 9.932, 8.492, 0.000, 0.000, 0.000, 26.1, 0.68289, 0.72153, 0.11313, -0.01294, 410, 100,
 11:50:24.822,d2:03:b8:43:8d:44, 2015-01-01 00:05:19.220, -0.201, 1.014, -0.105, -4.639, 2.258, -6.226, , , , , , , 93.873, 9.987, 8.503, 0.000, 0.000, 0.000, 26.1, 0.68289, 0.72153, 0.11313, -0.01294, 410, 100,
 11:50:24.822,d2:03:b8:43:8d:44, 2015-01-01 00:05:19.220, -0.244, 0.979, -0.056, -4.822, 2.93, -3.845, , , , , , , 93.823, 10.031, 8.536, 0.000, 0.000, 0.000, 26.1, 0.68289, 0.72153, 0.11313, -0.01294, 410, 100,
 11:50:25.021,d2:03:b8:43:8d:44, 2015-01-01 00:05:19.220, -0.178, 0.954, -0.023, 1.526, -1.709, 3.906, , , , , , , 93.807, 10.036, 8.536, 0.000, 0.000, 0.000, 26.1, 0.68289, 0.72153, 0.11313, -0.01294, 410, 100,
 11:50:25.252,d2:03:b8:43:8d:44, 2015-01-01 00:05:19.220, -0.118, 0.974, -0.057, 4.7, -2.075, 8.179, , , , , , , 93.845, 9.959, 8.509, 0.000, 0.000, 0.000, 26.1, 0.68271, 0.72165, 0.11322, -0.01309, 410, 100,
 11:50:25.499,d2:03:b8:43:8d:44, 2015-01-01 00:05:19.670, -0.122, 0.994, -0.091, 2.38, -1.099, 2.502, , , , , , , 93.878, 9.91, 8.487, 0.000, 0.000, 0.000, 26.1, 0.68271, 0.72165, 0.11322, -0.01309, 410, 100,
 11:50:25.533,d2:03:b8:43:8d:44, 2015-01-01 00:05:20.085, -0.183, 1.007, -0.102, -2.869, 1.892, -5.981, , , , , , , 93.873, 9.937, 8.492, 0.000, 0.000, 0.000, 26.1, 0.68259, 0.72177, 0.11328, -0.01315, 410, 100,
 11:50:25.533,d2:03:b8:43:8d:44, 2015-01-01 00:05:20.085, -0.241, 0.989, -0.067, -4.639, 2.625, -6.042, , , , , , , 93.834, 10.003, 8.525, 0.000, 0.000, 0.000, 26.1, 0.68259, 0.72177, 0.11328, -0.01315, 410, 100,
 11:50:25.534,d2:03:b8:43:8d:44, 2015-01-01 00:05:20.085, -0.196, 0.961, -0.029, -0.305, -0.183, 0.977, , , , , , , 93.812, 10.031, 8.536, 0.000, 0.000, 0.000, 26.1, 0.68259, 0.72177, 0.11328, -0.01315, 410, 100,
 11:50:25.534,d2:03:b8:43:8d:44, 2015-01-01 00:05:20.085, -0.128, 0.962, -0.04, 5.127, -1.953, 7.568, , , , , , , 93.834, 9.976, 8.52, 0.000, 0.000, 0.000, 26.1, 0.68259, 0.72177, 0.11328, -0.01315, 410, 100,
 11:50:25.535,d2:03:b8:43:8d:44, 2015-01-01 00:05:20.085, -0.115, 0.998, -0.089, 3.052, -1.831, 2.869, , , , , , , 93.878, 9.926, 8.487, 0.000, 0.000, 0.000, 26.1, 0.68259, 0.72177, 0.11328, -0.01315, 410, 100,
 11:50:25.535,d2:03:b8:43:8d:44, 2015-01-01 00:05:20.085, -0.176, 1.004, -0.101, -2.136, 2.258, -5.188, , , , , , , 93.878, 9.937, 8.492, 0.000, 0.000, 0.000, 26.1, 0.68259, 0.72177, 0.11328, -0.01315, 410, 100,
 11:50:25.535,d2:03:b8:43:8d:44, 2015-01-01 00:05:20.085, -0.227, 0.995, -0.077, -4.639, 1.831, -7.751, , , , , , , 93.845, 10.014, 8.52, 0.000, 0.000, 0.000, 26.1, 0.68259, 0.72177, 0.11328, -0.01315, 410, 100,
 11:50:25.552,d2:03:b8:43:8d:44, 2015-01-01 00:05:20.085, -0.221, 0.968, -0.039, -1.831, 1.038, -0.671, , , , , , , 93.812, 10.052, 8.536, 0.000, 0.000, 0.000, 26.1, 0.68259, 0.72177, 0.11328, -0.01315, 410, 100,
 11:50:25.552,d2:03:b8:43:8d:44, 2015-01-01 00:05:20.085, -0.147, 0.955, -0.029, 4.333, -1.953, 7.08, , , , , , , 93.829, 10.02, 8.525, 0.000, 0.000, 0.000, 26.1, 0.68259, 0.72177, 0.11328, -0.01315, 410, 100,
 11:50:25.552,d2:03:b8:43:8d:44, 2015-01-01 00:05:20.085, -0.102, 0.991, -0.083, 4.272, -2.747, 5.188, , , , , , , 93.873, 9.948, 8.492, 0.000, 0.000, 0.000, 26.1, 0.68259, 0.72177, 0.11328, -0.01315, 410, 100,
 11:50:25.553,d2:03:b8:43:8d:44, 2015-01-01 00:05:20.085, -0.167, 1.002, -0.104, -0.549, 2.014, -2.319, , , , , , , 93.889, 9.937, 8.487, 0.000, 0.000, 0.000, 26.1, 0.68259, 0.72177, 0.11328, -0.01315, 410, 100,
 11:50:25.553,d2:03:b8:43:8d:44, 2015-01-01 00:05:20.085, -0.213, 0.997, -0.086, -3.784, 1.709, -7.935, , , , , , , 93.867, 9.998, 8.514, 0.000, 0.000, 0.000, 26.1, 0.68259, 0.72177, 0.11328, -0.01315, 410, 100,
 11:50:25.553,d2:03:b8:43:8d:44, 2015-01-01 00:05:20.085, -0.23, 0.979, -0.053, -2.93, 1.587, -1.709, , , , , , , 93.829, 10.047, 8.531, 0.000, 0.000, 0.000, 26.1, 0.68259, 0.72177, 0.11328, -0.01315, 410, 100,
 11:50:25.553,d2:03:b8:43:8d:44, 2015-01-01 00:05:20.085, -0.163, 0.957, -0.03, 2.441, -1.526, 5.31, , , , , , , 93.829, 10.025, 8.531, 0.000, 0.000, 0.000, 26.1, 0.68259, 0.72177, 0.11328, -0.01315, 410, 100,
 11:50:25.554,d2:03:b8:43:8d:44, 2015-01-01 00:05:20.085, -0.107, 0.981, -0.065, 4.395, -2.441, 6.714, , , , , , , 93.867, 9.959, 8.498, 0.000, 0.000, 0.000, 26.1, 0.68259, 0.72177, 0.11328, -0.01315, 410, 100,
 11:50:25.554,d2:03:b8:43:8d:44, 2015-01-01 00:05:20.085, -0.15, 1.003, -0.1, 0.122, 0.854, -0.366, , , , , , , 93.884, 9.932, 8.487, 0.000, 0.000, 0.000, 26.1, 0.68259, 0.72177, 0.11328, -0.01315, 410, 100,
 11:50:25.554,d2:03:b8:43:8d:44, 2015-01-01 00:05:20.085, -0.205, 0.995, -0.083, -3.235, 2.197, -6.836, , , , , , , 93.873, 9.97, 8.509, 0.000, 0.000, 0.000, 26.1, 0.68259, 0.72177, 0.11328, -0.01315, 410, 100,
 11:50:25.555,d2:03:b8:43:8d:44, 2015-01-01 00:05:20.085, -0.218, 0.983, -0.057, -3.052, 1.038, -3.845, , , , , , , 93.84, 10.031, 8.525, 0.000, 0.000, 0.000, 26.1, 0.68259, 0.72177, 0.11328, -0.01315, 410, 100,
 11:50:25.555,d2:03:b8:43:8d:44, 2015-01-01 00:05:20.085, -0.172, 0.964, -0.036, 1.099, -0.61, 4.639, , , , , , , 93.829, 10.02, 8.525, 0.000, 0.000, 0.000, 26.1, 0.68259, 0.72177, 0.11328, -0.01315, 410, 100,
 11:50:25.555,d2:03:b8:43:8d:44, 2015-01-01 00:05:20.085, -0.125, 0.969, -0.052, 4.333, -2.014, 5.432, , , , , , , 93.856, 9.965, 8.503, 0.000, 0.000, 0.000, 26.1, 0.68259, 0.72177, 0.11328, -0.01315, 410, 100,
 11:50:25.555,d2:03:b8:43:8d:44, 2015-01-01 00:05:20.085, -0.146, 1.003, -0.097, 1.16, -0.122, -0.549, , , , , , , 93.889, 9.943, 8.487, 0.000, 0.000, 0.000, 26.1, 0.68259, 0.72177, 0.11328, -0.01315, 410, 100,
 11:50:25.766,d2:03:b8:43:8d:44, 2015-01-01 00:05:20.085, -0.203, 0.994, -0.085, -2.258, 2.38, -4.883, , , , , , , 93.878, 9.97, 8.503, 0.000, 0.000, 0.000, 26.1, 0.68259, 0.72177, 0.11328, -0.01315, 410, 100,
 11:50:26.014,d2:03:b8:43:8d:44, 2015-01-01 00:05:20.085, -0.203, 0.984, -0.063, -2.258, 0.183, -4.517, , , , , , , 93.856, 10.025, 8.52, 0.000, 0.000, 0.000, 26.1, 0.68259, 0.72177, 0.11328, -0.01315, 410, 100,
 11:50:26.214,d2:03:b8:43:8d:44, 2015-01-01 00:05:20.500, -0.189, 0.977, -0.052, -0.305, 0.61, 3.235, , , , , , , 93.845, 10.031, 8.52, 0.000, 0.000, 0.000, 26.1, 0.68243, 0.72192, 0.11325, -0.01318, 410, 100,
 11:50:26.214,d2:03:b8:43:8d:44, 2015-01-01 00:05:20.500, -0.141, 0.963, -0.046, 3.235, -1.831, 4.089, , , , , , , 93.856, 9.987, 8.509, 0.000, 0.000, 0.000, 26.1, 0.68243, 0.72192, 0.11325, -0.01318, 410, 100,
 11:50:26.215,d2:03:b8:43:8d:44, 2015-01-01 00:05:20.500, -0.139, 0.996, -0.087, 2.075, -0.549, 1.221, , , , , , , 93.889, 9.959, 8.492, 0.000, 0.000, 0.000, 26.1, 0.68243, 0.72192, 0.11325, -0.01318, 410, 100,
 11:50:26.229,d2:03:b8:43:8d:44, 2015-01-01 00:05:20.500, -0.19, 0.995, -0.087, -1.526, 2.014, -2.502, , , , , , , 93.889, 9.97, 8.498, 0.000, 0.000, 0.000, 26.1, 0.68243, 0.72192, 0.11325, -0.01318, 410, 100,
 11:50:26.230,d2:03:b8:43:8d:44, 2015-01-01 00:05:20.500, -0.19, 0.984, -0.068, -1.953, 0.122, -4.456, , , , , , , 93.873, 10.009, 8.514, 0.000, 0.000, 0.000, 26.1, 0.68243, 0.72192, 0.11325, -0.01318, 410, 100,
 11:50:26.230,d2:03:b8:43:8d:44, 2015-01-01 00:05:20.500, -0.197, 0.985, -0.06, -1.465, 0.916, 1.648, , , , , , , 93.851, 10.025, 8.514, 0.000, 0.000, 0.000, 26.1, 0.68243, 0.72192, 0.11325, -0.01318, 410, 100,
 11:50:26.230,d2:03:b8:43:8d:44, 2015-01-01 00:05:20.500, -0.154, 0.962, -0.044, 1.77, -1.16, 3.113, , , , , , , 93.851, 9.992, 8.514, 0.000, 0.000, 0.000, 26.1, 0.68243, 0.72192, 0.11325, -0.01318, 410, 100,
 11:50:26.230,d2:03:b8:43:8d:44, 2015-01-01 00:05:20.500, -0.149, 0.984, -0.069, 2.625, -0.488, 2.38, , , , , , , 93.878, 9.97, 8.498, 0.000, 0.000, 0.000, 26.1, 0.68243, 0.72192, 0.11325, -0.01318, 410, 100,
 11:50:26.231,d2:03:b8:43:8d:44, 2015-01-01 00:05:20.500, -0.17, 0.996, -0.086, -0.183, 0.732, -1.343, , , , , , , 93.889, 9.965, 8.498, 0.000, 0.000, 0.000, 26.1, 0.68243, 0.72192, 0.11325, -0.01318, 410, 100,
 11:50:26.231,d2:03:b8:43:8d:44, 2015-01-01 00:05:20.500, -0.187, 0.988, -0.073, -1.587, 0.549, -3.418, , , , , , , 93.878, 9.987, 8.509, 0.000, 0.000, 0.000, 26.1, 0.68243, 0.72192, 0.11325, -0.01318, 410, 100,
 11:50:26.231,d2:03:b8:43:8d:44, 2015-01-01 00:05:20.500, -0.197, 0.984, -0.062, -1.648, 0.854, -0.793, , , , , , , 93.862, 10.014, 8.514, 0.000, 0.000, 0.000, 26.1, 0.68243, 0.72192, 0.11325, -0.01318, 410, 100,
 11:50:26.231,d2:03:b8:43:8d:44, 2015-01-01 00:05:20.500, -0.167, 0.971, -0.048, 0.671, -0.549, 2.197, , , , , , , 93.856, 10.003, 8.514, 0.000, 0.000, 0.000, 26.1, 0.68243, 0.72192, 0.11325, -0.01318, 410, 100,
 11:50:26.232,d2:03:b8:43:8d:44, 2015-01-01 00:05:20.500, -0.158, 0.976, -0.06, 2.502, -0.549, 2.319, , , , , , , 93.873, 9.976, 8.503, 0.000, 0.000, 0.000, 26.1, 0.68243, 0.72192, 0.11325, -0.01318, 410, 100,
 11:50:26.232,d2:03:b8:43:8d:44, 2015-01-01 00:05:20.500, -0.153, 0.992, -0.081, 1.099, -0.122, -0.244, , , , , , , 93.895, 9.965, 8.498, 0.000, 0.000, 0.000, 26.1, 0.68243, 0.72192, 0.11325, -0.01318, 410, 100,
 11:50:26.232,d2:03:b8:43:8d:44, 2015-01-01 00:05:20.500, -0.184, 0.994, -0.081, -1.404, 0.916, -1.77, , , , , , , 93.889, 9.981, 8.498, 0.000, 0.000, 0.000, 26.1, 0.68243, 0.72192, 0.11325, -0.01318, 410, 100,
 11:50:26.232,d2:03:b8:43:8d:44, 2015-01-01 00:05:20.500, -0.197, 0.982, -0.065, -1.526, 0.732, -2.991, , , , , , , 93.873, 10.009, 8.509, 0.000, 0.000, 0.000, 26.1, 0.68243, 0.72192, 0.11325, -0.01318, 410, 100,
 11:50:26.232,d2:03:b8:43:8d:44, 2015-01-01 00:05:20.500, -0.181, 0.979, -0.057, -0.183, 0, 1.587, , , , , , , 93.867, 10.014, 8.514, 0.000, 0.000, 0.000, 26.1, 0.68243, 0.72192, 0.11325, -0.01318, 410, 100,
 11:50:26.233,d2:03:b8:43:8d:44, 2015-01-01 00:05:20.500, -0.162, 0.971, -0.056, 2.014, -0.732, 2.808, , , , , , , 93.873, 9.987, 8.503, 0.000, 0.000, 0.000, 26.1, 0.68243, 0.72192, 0.11325, -0.01318, 410, 100,
 11:50:26.233,d2:03:b8:43:8d:44, 2015-01-01 00:05:20.500, -0.145, 0.986, -0.074, 2.136, -0.427, 1.343, , , , , , , 93.895, 9.97, 8.498, 0.000, 0.000, 0.000, 26.1, 0.68243, 0.72192, 0.11325, -0.01318, 410, 100,
 11:50:26.233,d2:03:b8:43:8d:44, 2015-01-01 00:05:20.500, -0.172, 0.999, -0.09, -1.16, 0.61, -1.16, , , , , , , 93.9, 9.97, 8.492, 0.000, 0.000, 0.000, 26.1, 0.68243, 0.72192, 0.11325, -0.01318, 410, 100,
 11:50:26.234,d2:03:b8:43:8d:44, 2015-01-01 00:05:20.500, -0.2, 0.983, -0.069, -1.831, 1.221, -3.906, , , , , , , 93.884, 9.998, 8.509, 0.000, 0.000, 0.000, 26.1, 0.68243, 0.72192, 0.11325, -0.01318, 410, 100,
 11:50:26.235,d2:03:b8:43:8d:44, 2015-01-01 00:05:20.500, -0.187, 0.982, -0.058, -0.793, 0.183, 0, , , , , , , 93.873, 10.02, 8.514, 0.000, 0.000, 0.000, 26.1, 0.68243, 0.72192, 0.11325, -0.01318, 410, 100,
 11:50:26.235,d2:03:b8:43:8d:44, 2015-01-01 00:05:20.500, -0.165, 0.972, -0.053, 1.282, -0.488, 3.296, , , , , , , 93.873, 9.998, 8.509, 0.000, 0.000, 0.000, 26.1, 0.68243, 0.72192, 0.11325, -0.01318, 410, 100,
 11:50:26.235,d2:03:b8:43:8d:44, 2015-01-01 00:05:20.500, -0.146, 0.98, -0.066, 2.258, -0.732, 2.014, , , , , , , 93.895, 9.97, 8.498, 0.000, 0.000, 0.000, 26.1, 0.68243, 0.72192, 0.11325, -0.01318, 410, 100,
 11:50:26.236,d2:03:b8:43:8d:44, 2015-01-01 00:05:20.500, -0.163, 0.997, -0.087, -0.488, 0.244, -1.221, , , , , , , 93.9, 9.965, 8.492, 0.000, 0.000, 0.000, 26.1, 0.68243, 0.72192, 0.11325, -0.01318, 410, 100,
 11:50:26.236,d2:03:b8:43:8d:44, 2015-01-01 00:05:20.500, -0.205, 0.986, -0.072, -1.831, 1.587, -3.601, , , , , , , 93.889, 9.992, 8.503, 0.000, 0.000, 0.000, 26.1, 0.68243, 0.72192, 0.11325, -0.01318, 410, 100,
 11:50:26.237,d2:03:b8:43:8d:44, 2015-01-01 00:05:20.500, -0.191, 0.979, -0.053, -0.671, 0.061, -1.343, , , , , , , 93.878, 10.025, 8.514, 0.000, 0.000, 0.000, 26.1, 0.68243, 0.72192, 0.11325, -0.01318, 410, 100,
 11:50:26.237,d2:03:b8:43:8d:44, 2015-01-01 00:05:20.500, -0.164, 0.977, -0.054, 1.038, -0.549, 3.54, , , , , , , 93.878, 10.009, 8.509, 0.000, 0.000, 0.000, 26.1, 0.68243, 0.72192, 0.11325, -0.01318, 410, 100,
 11:50:26.237,d2:03:b8:43:8d:44, 2015-01-01 00:05:20.500, -0.152, 0.98, -0.066, 1.709, -0.549, 2.197, , , , , , , 93.889, 9.976, 8.498, 0.000, 0.000, 0.000, 26.1, 0.68243, 0.72192, 0.11325, -0.01318, 410, 100,
 11:50:26.238,d2:03:b8:43:8d:44, 2015-01-01 00:05:20.500, -0.155, 0.99, -0.079, 0.427, 0.061, -0.732, , , , , , , 93.906, 9.97, 8.492, 0.000, 0.000, 0.000, 26.1, 0.68243, 0.72192, 0.11325, -0.01318, 410, 100,
 11:50:26.238,d2:03:b8:43:8d:44, 2015-01-01 00:05:20.500, -0.199, 0.994, -0.08, -1.831, 1.526, -2.747, , , , , , , 93.895, 9.992, 8.498, 0.000, 0.000, 0.000, 26.1, 0.68243, 0.72192, 0.11325, -0.01318, 410, 100,
 11:50:26.239,d2:03:b8:43:8d:44, 2015-01-01 00:05:20.500, -0.196, 0.975, -0.056, -0.61, 0.427, -2.441, , , , , , , 93.884, 10.02, 8.514, 0.000, 0.000, 0.000, 26.1, 0.68243, 0.72192, 0.11325, -0.01318, 410, 100,
 11:50:26.239,d2:03:b8:43:8d:44, 2015-01-01 00:05:20.500, -0.162, 0.981, -0.06, 0.916, -0.854, 2.808, , , , , , , 93.884, 10.014, 8.509, 0.000, 0.000, 0.000, 26.1, 0.68243, 0.72192, 0.11325, -0.01318, 410, 100,
 11:50:26.239,d2:03:b8:43:8d:44, 2015-01-01 00:05:20.500, -0.159, 0.981, -0.069, 0.977, 0.061, 2.93, , , , , , , 93.895, 9.981, 8.498, 0.000, 0.000, 0.000, 26.1, 0.68243, 0.72192, 0.11325, -0.01318, 410, 100,
 11:50:26.239,d2:03:b8:43:8d:44, 2015-01-01 00:05:20.500, -0.157, 0.982, -0.073, 0.916, -0.244, -0.61, , , , , , , 93.906, 9.976, 8.498, 0.000, 0.000, 0.000, 26.1, 0.68243, 0.72192, 0.11325, -0.01318, 410, 100,
 11:50:26.240,d2:03:b8:43:8d:44, 2015-01-01 00:05:20.500, -0.188, 0.996, -0.084, -1.343, 0.977, -2.014, , , , , , , 93.9, 9.987, 8.498, 0.000, 0.000, 0.000, 26.1, 0.68243, 0.72192, 0.11325, -0.01318, 410, 100,
 11:50:26.240,d2:03:b8:43:8d:44, 2015-01-01 00:05:20.500, -0.197, 0.978, -0.059, -0.854, 0.854, -1.953, , , , , , , 93.889, 10.009, 8.514, 0.000, 0.000, 0.000, 26.1, 0.68243, 0.72192, 0.11325, -0.01318, 410, 100,
 11:50:26.240,d2:03:b8:43:8d:44, 2015-01-01 00:05:20.500, -0.161, 0.981, -0.06, 0.61, -0.977, 1.526, , , , , , , 93.889, 10.014, 8.503, 0.000, 0.000, 0.000, 26.1, 0.68243, 0.72192, 0.11325, -0.01318, 410, 100,
 11:50:26.241,d2:03:b8:43:8d:44, 2015-01-01 00:05:20.500, -0.166, 0.984, -0.068, 0.366, 0.427, 2.747, , , , , , , 93.895, 9.987, 8.503, 0.000, 0.000, 0.000, 26.1, 0.68243, 0.72192, 0.11325, -0.01318, 410, 100,
 11:50:26.241,d2:03:b8:43:8d:44, 2015-01-01 00:05:20.500, -0.163, 0.98, -0.067, 0.732, -0.366, -0.854, , , , , , , 93.9, 9.981, 8.498, 0.000, 0.000, 0.000, 26.1, 0.68243, 0.72192, 0.11325, -0.01318, 410, 100,
 11:50:26.241,d2:03:b8:43:8d:44, 2015-01-01 00:05:20.500, -0.18, 0.991, -0.075, -0.366, 0.732, -1.099, , , , , , , 93.9, 9.992, 8.503, 0.000, 0.000, 0.000, 26.1, 0.68243, 0.72192, 0.11325, -0.01318, 410, 100,
 11:50:26.242,d2:03:b8:43:8d:44, 2015-01-01 00:05:20.500, -0.189, 0.982, -0.063, -0.488, 0.488, -1.16, , , , , , , 93.895, 10.009, 8.509, 0.000, 0.000, 0.000, 26.1, 0.68243, 0.72192, 0.11325, -0.01318, 410, 100,
 11:50:26.242,d2:03:b8:43:8d:44, 2015-01-01 00:05:20.500, -0.168, 0.981, -0.062, 0.305, -0.427, 0.671, , , , , , , 93.895, 10.009, 8.503, 0.000, 0.000, 0.000, 26.1, 0.68243, 0.72192, 0.11325, -0.01318, 410, 100,
 11:50:26.242,d2:03:b8:43:8d:44, 2015-01-01 00:05:20.500, -0.168, 0.984, -0.068, 0.183, 0.305, 1.709, , , , , , , 93.9, 9.992, 8.503, 0.000, 0.000, 0.000, 26.1, 0.68243, 0.72192, 0.11325, -0.01318, 410, 100,
 11:50:26.243,d2:03:b8:43:8d:44, 2015-01-01 00:05:20.500, -0.169, 0.98, -0.066, 0.305, 0, -0.183, , , , , , , 93.9, 9.987, 8.503, 0.000, 0.000, 0.000, 26.1, 0.68243, 0.72192, 0.11325, -0.01318, 410, 100,
 11:50:26.243,d2:03:b8:43:8d:44, 2015-01-01 00:05:20.500, -0.176, 0.983, -0.068, 0.427, 0.366, -0.427, , , , , , , 93.906, 9.992, 8.503, 0.000, 0.000, 0.000, 26.1, 0.68243, 0.72192, 0.11325, -0.01318, 410, 100,
 11:50:26.243,d2:03:b8:43:8d:44, 2015-01-01 00:05:20.500, -0.175, 0.989, -0.073, -0.305, 0, -0.977, , , , , , , 93.906, 9.998, 8.503, 0.000, 0.000, 0.000, 26.1, 0.68243, 0.72192, 0.11325, -0.01318, 410, 100,
 11:50:26.244,d2:03:b8:43:8d:44, 2015-01-01 00:05:20.500, -0.177, 0.982, -0.066, -0.183, 0.244, 0, , , , , , , 93.9, 10.003, 8.503, 0.000, 0.000, 0.000, 26.1, 0.68243, 0.72192, 0.11325, -0.01318, 410, 100,
 11:50:26.244,d2:03:b8:43:8d:44, 2015-01-01 00:05:20.500, -0.169, 0.983, -0.067, 0.061, 0, 0.366, , , , , , , 93.9, 10.003, 8.503, 0.000, 0.000, 0.000, 26.1, 0.68243, 0.72192, 0.11325, -0.01318, 410, 100,
 11:50:26.244,d2:03:b8:43:8d:44, 2015-01-01 00:05:20.500, -0.173, 0.984, -0.068, -0.061, 0.305, 0.977, , , , , , , 93.9, 9.992, 8.503, 0.000, 0.000, 0.000, 26.1, 0.68243, 0.72192, 0.11325, -0.01318, 410, 100,
 11:50:26.245,d2:03:b8:43:8d:44, 2015-01-01 00:05:20.500, -0.17, 0.977, -0.062, 0.854, 0, 0.061, , , , , , , 93.906, 9.992, 8.503, 0.000, 0.000, 0.000, 26.1, 0.68243, 0.72192, 0.11325, -0.01318, 410, 100,
 11:50:26.245,d2:03:b8:43:8d:44, 2015-01-01 00:05:20.500, -0.166, 0.989, -0.075, 0.305, -0.122, -0.366, , , , , , , 93.911, 9.992, 8.498, 0.000, 0.000, 0.000, 26.1, 0.68243, 0.72192, 0.11325, -0.01318, 410, 100,
 11:50:26.245,d2:03:b8:43:8d:44, 2015-01-01 00:05:20.500, -0.187, 0.986, -0.071, -0.732, 0.854, -0.427, , , , , , , 93.906, 9.998, 8.503, 0.000, 0.000, 0.000, 26.1, 0.68243, 0.72192, 0.11325, -0.01318, 410, 100,
 11:50:26.246,d2:03:b8:43:8d:44, 2015-01-01 00:05:20.500, -0.174, 0.981, -0.062, -0.061, -0.122, -0.488, , , , , , , 93.906, 10.003, 8.503, 0.000, 0.000, 0.000, 26.1, 0.68243, 0.72192, 0.11325, -0.01318, 410, 100,
 11:50:26.246,d2:03:b8:43:8d:44, 2015-01-01 00:05:20.500, -0.173, 0.984, -0.066, -0.061, 0.183, 1.465, , , , , , , 93.9, 9.998, 8.503, 0.000, 0.000, 0.000, 26.1, 0.68243, 0.72192, 0.11325, -0.01318, 410, 100,
 11:50:26.248,d2:03:b8:43:8d:44, 2015-01-01 00:05:20.500, -0.165, 0.976, -0.06, 0.916, -0.122, 0.488, , , , , , , 93.906, 9.987, 8.503, 0.000, 0.000, 0.000, 26.1, 0.68243, 0.72192, 0.11325, -0.01318, 410, 100,
 11:50:26.248,d2:03:b8:43:8d:44, 2015-01-01 00:05:20.500, -0.166, 0.987, -0.072, 0.61, 0, -0.305, , , , , , , 93.917, 9.987, 8.498, 0.000, 0.000, 0.000, 26.1, 0.68243, 0.72192, 0.11325, -0.01318, 410, 100,
 11:50:26.448,d2:03:b8:43:8d:44, 2015-01-01 00:05:20.500, -0.184, 0.99, -0.075, -0.854, 0.671, -1.16, , , , , , , 93.911, 9.998, 8.498, 0.000, 0.000, 0.000, 26.1, 0.68243, 0.72192, 0.11325, -0.01318, 410, 100,
 11:50:26.708,d2:03:b8:43:8d:44, 2015-01-01 00:05:20.920, -0.183, 0.98, -0.062, -0.305, 0.366, -0.793, , , , , , , 93.906, 10.009, 8.509, 0.000, 0.000, 0.000, 26.1, 0.68234, 0.72198, 0.11325, -0.01321, 410, 100,
 11:50:26.963,d2:03:b8:43:8d:44, 2015-01-01 00:05:20.920, -0.169, 0.983, -0.064, 0.183, -0.244, 1.16, , , , , , , 93.906, 10.009, 8.503, 0.000, 0.000, 0.000, 26.1, 0.68207, 0.72232, 0.11304, -0.01373, 410, 100,
 11:50:27.021,d2:03:b8:43:8d:44, 2015-01-01 00:05:21.365, -0.163, 0.98, -0.065, 0.61, 0, 1.587, , , , , , , 93.911, 9.992, 8.498, 0.000, 0.000, 0.000, 26.1, 0.68207, 0.72232, 0.11304, -0.01373, 410, 100,
 11:50:27.021,d2:03:b8:43:8d:44, 2015-01-01 00:05:21.365, -0.168, 0.983, -0.069, 0.732, 0, -0.244, , , , , , , 93.917, 9.987, 8.498, 0.000, 0.000, 0.000, 26.1, 0.68207, 0.72232, 0.11304, -0.01373, 410, 100,
 11:50:27.022,d2:03:b8:43:8d:44, 2015-01-01 00:05:21.365, -0.177, 0.991, -0.077, -0.427, 0.244, -1.648, , , , , , , 93.917, 9.998, 8.498, 0.000, 0.000, 0.000, 26.1, 0.68207, 0.72232, 0.11304, -0.01373, 410, 100,
 11:50:27.022,d2:03:b8:43:8d:44, 2015-01-01 00:05:21.365, -0.192, 0.982, -0.064, -0.671, 0.977, -0.244, , , , , , , 93.911, 10.009, 8.503, 0.000, 0.000, 0.000, 26.1, 0.68207, 0.72232, 0.11304, -0.01373, 410, 100,
 11:50:27.022,d2:03:b8:43:8d:44, 2015-01-01 00:05:21.365, -0.167, 0.978, -0.06, 0.549, -0.732, 0.488, , , , , , , 93.911, 10.009, 8.503, 0.000, 0.000, 0.000, 26.1, 0.68207, 0.72232, 0.11304, -0.01373, 410, 100,
 11:50:27.023,d2:03:b8:43:8d:44, 2015-01-01 00:05:21.365, -0.162, 0.986, -0.07, 0.366, 0.061, 2.197, , , , , , , 93.917, 9.992, 8.498, 0.000, 0.000, 0.000, 26.1, 0.68207, 0.72232, 0.11304, -0.01373, 410, 100,
 11:50:27.023,d2:03:b8:43:8d:44, 2015-01-01 00:05:21.365, -0.169, 0.979, -0.067, 0.427, 0.183, -0.366, , , , , , , 93.917, 9.981, 8.498, 0.000, 0.000, 0.000, 26.1, 0.68207, 0.72232, 0.11304, -0.01373, 410, 100,
 11:50:27.023,d2:03:b8:43:8d:44, 2015-01-01 00:05:21.365, -0.177, 0.99, -0.075, -0.183, 0.305, -1.648, , , , , , , 93.922, 9.998, 8.498, 0.000, 0.000, 0.000, 26.1, 0.68207, 0.72232, 0.11304, -0.01373, 410, 100,
 11:50:27.023,d2:03:b8:43:8d:44, 2015-01-01 00:05:21.365, -0.191, 0.985, -0.066, -0.854, 0.916, -0.122, , , , , , , 93.917, 10.003, 8.503, 0.000, 0.000, 0.000, 26.1, 0.68207, 0.72232, 0.11304, -0.01373, 410, 100,
 11:50:27.024,d2:03:b8:43:8d:44, 2015-01-01 00:05:21.365, -0.165, 0.976, -0.057, 0.61, -0.732, 0.244, , , , , , , 93.917, 10.003, 8.503, 0.000, 0.000, 0.000, 26.1, 0.68207, 0.72232, 0.11304, -0.01373, 410, 100,
 11:50:27.024,d2:03:b8:43:8d:44, 2015-01-01 00:05:21.365, -0.165, 0.989, -0.072, 0.122, 0.122, 2.075, , , , , , , 93.917, 9.992, 8.498, 0.000, 0.000, 0.000, 26.1, 0.68207, 0.72232, 0.11304, -0.01373, 410, 100,
 11:50:27.025,d2:03:b8:43:8d:44, 2015-01-01 00:05:21.365, -0.172, 0.979, -0.066, 0.061, 0.305, -0.488, , , , , , , 93.917, 9.981, 8.498, 0.000, 0.000, 0.000, 26.1, 0.68207, 0.72232, 0.11304, -0.01373, 410, 100,
 11:50:27.026,d2:03:b8:43:8d:44, 2015-01-01 00:05:21.365, -0.179, 0.985, -0.069, 0.183, 0.183, -1.404, , , , , , , 93.922, 9.998, 8.498, 0.000, 0.000, 0.000, 26.1, 0.68207, 0.72232, 0.11304, -0.01373, 410, 100,
 11:50:27.026,d2:03:b8:43:8d:44, 2015-01-01 00:05:21.365, -0.185, 0.987, -0.069, -0.427, 0.488, -0.183, , , , , , , 93.922, 10.003, 8.503, 0.000, 0.000, 0.000, 26.1, 0.68207, 0.72232, 0.11304, -0.01373, 410, 100,
 11:50:27.027,d2:03:b8:43:8d:44, 2015-01-01 00:05:21.365, -0.168, 0.978, -0.061, 0.427, -0.366, 0.549, , , , , , , 93.917, 10.003, 8.503, 0.000, 0.000, 0.000, 26.1, 0.68207, 0.72232, 0.11304, -0.01373, 410, 100,
 11:50:27.027,d2:03:b8:43:8d:44, 2015-01-01 00:05:21.365, -0.166, 0.987, -0.071, 0.183, 0, 1.221, , , , , , , 93.922, 9.992, 8.498, 0.000, 0.000, 0.000, 26.1, 0.68207, 0.72232, 0.11304, -0.01373, 410, 100,
 11:50:27.028,d2:03:b8:43:8d:44, 2015-01-01 00:05:21.365, -0.173, 0.982, -0.069, -0.061, 0.305, -0.244, , , , , , , 93.922, 9.987, 8.498, 0.000, 0.000, 0.000, 26.1, 0.68207, 0.72232, 0.11304, -0.01373, 410, 100,
 11:50:27.028,d2:03:b8:43:8d:44, 2015-01-01 00:05:21.365, -0.179, 0.982, -0.065, 0.183, 0.122, -0.977, , , , , , , 93.922, 9.998, 8.498, 0.000, 0.000, 0.000, 26.1, 0.68207, 0.72232, 0.11304, -0.01373, 410, 100,
 11:50:27.028,d2:03:b8:43:8d:44, 2015-01-01 00:05:21.365, -0.174, 0.985, -0.068, 0.244, 0.244, 0.183, , , , , , , 93.928, 10.003, 8.503, 0.000, 0.000, 0.000, 26.1, 0.68207, 0.72232, 0.11304, -0.01373, 410, 100,
 11:50:27.029,d2:03:b8:43:8d:44, 2015-01-01 00:05:21.365, -0.17, 0.985, -0.07, 0, -0.061, 0.732, , , , , , , 93.928, 9.998, 8.498, 0.000, 0.000, 0.000, 26.1, 0.68207, 0.72232, 0.11304, -0.01373, 410, 100,
 11:50:27.029,d2:03:b8:43:8d:44, 2015-01-01 00:05:21.365, -0.171, 0.982, -0.068, 0, 0.183, 0, , , , , , , 93.922, 9.992, 8.498, 0.000, 0.000, 0.000, 26.1, 0.68207, 0.72232, 0.11304, -0.01373, 410, 100,
 11:50:27.029,d2:03:b8:43:8d:44, 2015-01-01 00:05:21.365, -0.174, 0.985, -0.069, -0.122, 0.183, 0, , , , , , , 93.922, 9.992, 8.498, 0.000, 0.000, 0.000, 26.1, 0.68207, 0.72232, 0.11304, -0.01373, 410, 100,
 11:50:27.030,d2:03:b8:43:8d:44, 2015-01-01 00:05:21.365, -0.179, 0.98, -0.064, 0.122, 0.244, -0.305, , , , , , , 93.922, 9.992, 8.498, 0.000, 0.000, 0.000, 26.1, 0.68207, 0.72232, 0.11304, -0.01373, 410, 100,
 11:50:27.030,d2:03:b8:43:8d:44, 2015-01-01 00:05:21.365, -0.168, 0.982, -0.064, 0.671, 0, 0.061, , , , , , , 93.928, 9.998, 8.498, 0.000, 0.000, 0.000, 26.1, 0.68207, 0.72232, 0.11304, -0.01373, 410, 100,
 11:50:27.052,d2:03:b8:43:8d:44, 2015-01-01 00:05:21.365, -0.172, 0.99, -0.073, -0.305, 0, 0.244, , , , , , , 93.928, 9.992, 8.498, 0.000, 0.000, 0.000, 26.1, 0.68207, 0.72232, 0.11304, -0.01373, 410, 100,
 11:50:27.052,d2:03:b8:43:8d:44, 2015-01-01 00:05:21.365, -0.179, 0.98, -0.065, -0.122, 0.488, -0.61, , , , , , , 93.928, 9.992, 8.498, 0.000, 0.000, 0.000, 26.1, 0.68207, 0.72232, 0.11304, -0.01373, 410, 100,
 11:50:27.053,d2:03:b8:43:8d:44, 2015-01-01 00:05:21.365, -0.172, 0.985, -0.065, 0, 0, 0.183, , , , , , , 93.928, 9.998, 8.498, 0.000, 0.000, 0.000, 26.1, 0.68207, 0.72232, 0.11304, -0.01373, 410, 100,
 11:50:27.053,d2:03:b8:43:8d:44, 2015-01-01 00:05:21.365, -0.176, 0.981, -0.064, 0.122, 0.183, 0.305, , , , , , , 93.928, 9.992, 8.498, 0.000, 0.000, 0.000, 26.1, 0.68207, 0.72232, 0.11304, -0.01373, 410, 100,
 11:50:27.084,d2:03:b8:43:8d:44, 2015-01-01 00:05:21.365, -0.168, 0.98, -0.063, 0.854, -0.061, -0.122, , , , , , , 93.933, 9.992, 8.498, 0.000, 0.000, 0.000, 26.1, 0.68207, 0.72232, 0.11304, -0.01373, 410, 100,
 11:50:27.085,d2:03:b8:43:8d:44, 2015-01-01 00:05:21.365, -0.17, 0.99, -0.075, 0, 0.122, 0.122, , , , , , , 93.933, 9.992, 8.498, 0.000, 0.000, 0.000, 26.1, 0.68207, 0.72232, 0.11304, -0.01373, 410, 100,
 11:50:27.085,d2:03:b8:43:8d:44, 2015-01-01 00:05:21.365, -0.184, 0.983, -0.068, -0.488, 0.671, -0.549, , , , , , , 93.928, 9.998, 8.498, 0.000, 0.000, 0.000, 26.1, 0.68207, 0.72232, 0.11304, -0.01373, 410, 100,
 11:50:27.085,d2:03:b8:43:8d:44, 2015-01-01 00:05:21.365, -0.173, 0.98, -0.062, 0.122, -0.061, 0, , , , , , , 93.928, 10.003, 8.503, 0.000, 0.000, 0.000, 26.1, 0.68207, 0.72232, 0.11304, -0.01373, 410, 100,
 11:50:27.086,d2:03:b8:43:8d:44, 2015-01-01 00:05:21.365, -0.169, 0.983, -0.067, 0.305, -0.061, 1.099, , , , , , , 93.933, 9.998, 8.498, 0.000, 0.000, 0.000, 26.1, 0.68207, 0.72232, 0.11304, -0.01373, 410, 100,
 11:50:27.087,d2:03:b8:43:8d:44, 2015-01-01 00:05:21.365, -0.17, 0.982, -0.068, 0.488, 0.122, 0.122, , , , , , , 93.933, 9.992, 8.498, 0.000, 0.000, 0.000, 26.1, 0.68207, 0.72232, 0.11304, -0.01373, 410, 100,
 11:50:27.087,d2:03:b8:43:8d:44, 2015-01-01 00:05:21.365, -0.17, 0.986, -0.072, 0.122, 0.183, -0.366, , , , , , , 93.939, 9.992, 8.498, 0.000, 0.000, 0.000, 26.1, 0.68207, 0.72232, 0.11304, -0.01373, 410, 100,
 11:50:27.088,d2:03:b8:43:8d:44, 2015-01-01 00:05:21.365, -0.184, 0.988, -0.073, -0.732, 0.427, -0.793, , , , , , , 93.933, 9.998, 8.498, 0.000, 0.000, 0.000, 26.1, 0.68207, 0.72232, 0.11304, -0.01373, 410, 100,
 11:50:27.088,d2:03:b8:43:8d:44, 2015-01-01 00:05:21.365, -0.174, 0.978, -0.06, 0, 0.183, 0, , , , , , , 93.928, 10.003, 8.503, 0.000, 0.000, 0.000, 26.1, 0.68207, 0.72232, 0.11304, -0.01373, 410, 100,
 11:50:27.089,d2:03:b8:43:8d:44, 2015-01-01 00:05:21.365, -0.159, 0.984, -0.066, 0.61, -0.427, 1.404, , , , , , , 93.933, 9.998, 8.492, 0.000, 0.000, 0.000, 26.1, 0.68207, 0.72232, 0.11304, -0.01373, 410, 100,
 11:50:27.089,d2:03:b8:43:8d:44, 2015-01-01 00:05:21.365, -0.173, 0.985, -0.072, 0, 0.549, 0.427, , , , , , , 93.939, 9.981, 8.492, 0.000, 0.000, 0.000, 26.1, 0.68207, 0.72232, 0.11304, -0.01373, 410, 100,
 11:50:27.089,d2:03:b8:43:8d:44, 2015-01-01 00:05:21.365, -0.174, 0.981, -0.066, 0.183, 0, -1.343, , , , , , , 93.939, 9.992, 8.498, 0.000, 0.000, 0.000, 26.1, 0.68207, 0.72232, 0.11304, -0.01373, 410, 100,
 11:50:27.090,d2:03:b8:43:8d:44, 2015-01-01 00:05:21.365, -0.183, 0.991, -0.072, -0.61, 0.427, -0.366, , , , , , , 93.933, 10.003, 8.498, 0.000, 0.000, 0.000, 26.1, 0.68207, 0.72232, 0.11304, -0.01373, 410, 100,
 11:50:27.090,d2:03:b8:43:8d:44, 2015-01-01 00:05:21.365, -0.18, 0.977, -0.059, 0, 0.305, 0.366, , , , , , , 93.933, 9.998, 8.503, 0.000, 0.000, 0.000, 26.1, 0.68207, 0.72232, 0.11304, -0.01373, 410, 100,
 11:50:27.091,d2:03:b8:43:8d:44, 2015-01-01 00:05:21.365, -0.157, 0.98, -0.063, 0.854, -0.732, 0.732, , , , , , , 93.933, 9.998, 8.498, 0.000, 0.000, 0.000, 26.1, 0.68207, 0.72232, 0.11304, -0.01373, 410, 100,
 11:50:27.091,d2:03:b8:43:8d:44, 2015-01-01 00:05:21.365, -0.177, 0.989, -0.073, -0.122, 0.732, 0.305, , , , , , , 93.939, 9.987, 8.492, 0.000, 0.000, 0.000, 26.1, 0.68207, 0.72232, 0.11304, -0.01373, 410, 100,
 11:50:27.092,d2:03:b8:43:8d:44, 2015-01-01 00:05:21.365, -0.177, 0.98, -0.064, 0.122, 0.061, -1.648, , , , , , , 93.939, 9.998, 8.498, 0.000, 0.000, 0.000, 26.1, 0.68207, 0.72232, 0.11304, -0.01373, 410, 100,
 11:50:27.092,d2:03:b8:43:8d:44, 2015-01-01 00:05:21.365, -0.177, 0.988, -0.07, -0.183, 0.244, 0.061, , , , , , , 93.939, 10.009, 8.498, 0.000, 0.000, 0.000, 26.1, 0.68207, 0.72232, 0.11304, -0.01373, 410, 100,
 11:50:27.092,d2:03:b8:43:8d:44, 2015-01-01 00:05:21.365, -0.176, 0.981, -0.064, -0.061, 0.305, 0.671, , , , , , , 93.933, 10.003, 8.498, 0.000, 0.000, 0.000, 26.1, 0.68207, 0.72232, 0.11304, -0.01373, 410, 100,
 11:50:27.092,d2:03:b8:43:8d:44, 2015-01-01 00:05:21.365, -0.16, 0.98, -0.063, 0.671, -0.488, 0.488, , , , , , , 93.939, 9.992, 8.498, 0.000, 0.000, 0.000, 26.1, 0.68207, 0.72232, 0.11304, -0.01373, 410, 100,
 11:50:27.092,d2:03:b8:43:8d:44, 2015-01-01 00:05:21.365, -0.174, 0.989, -0.075, 0, 0.61, 0.427, , , , , , , 93.944, 9.987, 8.492, 0.000, 0.000, 0.000, 26.1, 0.68207, 0.72232, 0.11304, -0.01373, 410, 100,
 11:50:27.093,d2:03:b8:43:8d:44, 2015-01-01 00:05:21.365, -0.179, 0.981, -0.067, -0.183, 0.244, -0.977, , , , , , , 93.939, 9.992, 8.498, 0.000, 0.000, 0.000, 26.1, 0.68207, 0.72232, 0.11304, -0.01373, 410, 100,
 11:50:27.093,d2:03:b8:43:8d:44, 2015-01-01 00:05:21.365, -0.177, 0.982, -0.067, 0.244, 0.061, 0, , , , , , , 93.939, 9.998, 8.498, 0.000, 0.000, 0.000, 26.1, 0.68207, 0.72232, 0.11304, -0.01373, 410, 100,
 11:50:27.093,d2:03:b8:43:8d:44, 2015-01-01 00:05:21.365, -0.171, 0.984, -0.07, 0.061, 0, 0.427, , , , , , , 93.944, 9.998, 8.498, 0.000, 0.000, 0.000, 26.1, 0.68207, 0.72232, 0.11304, -0.01373, 410, 100,
 11:50:27.093,d2:03:b8:43:8d:44, 2015-01-01 00:05:21.365, -0.168, 0.98, -0.066, 0.244, 0, 0.488, , , , , , , 93.944, 9.992, 8.498, 0.000, 0.000, 0.000, 26.1, 0.68207, 0.72232, 0.11304, -0.01373, 410, 100,
 11:50:27.093,d2:03:b8:43:8d:44, 2015-01-01 00:05:21.365, -0.172, 0.985, -0.07, 0, 0.244, -0.427, , , , , , , 93.944, 9.992, 8.498, 0.000, 0.000, 0.000, 26.1, 0.68207, 0.72232, 0.11304, -0.01373, 410, 100,
 11:50:27.094,d2:03:b8:43:8d:44, 2015-01-01 00:05:21.365, -0.177, 0.986, -0.068, -0.305, 0.305, -0.427, , , , , , , 93.939, 9.998, 8.498, 0.000, 0.000, 0.000, 26.1, 0.68207, 0.72232, 0.11304, -0.01373, 410, 100,
 11:50:27.094,d2:03:b8:43:8d:44, 2015-01-01 00:05:21.365, -0.173, 0.98, -0.062, 0.305, 0, 0.122, , , , , , , 93.939, 9.998, 8.498, 0.000, 0.000, 0.000, 26.1, 0.68207, 0.72232, 0.11304, -0.01373, 410, 100,
 11:50:27.095,d2:03:b8:43:8d:44, 2015-01-01 00:05:21.365, -0.165, 0.986, -0.069, 0.305, -0.122, 0.61, , , , , , , 93.944, 9.998, 8.498, 0.000, 0.000, 0.000, 26.1, 0.68207, 0.72232, 0.11304, -0.01373, 410, 100,
 11:50:27.095,d2:03:b8:43:8d:44, 2015-01-01 00:05:21.365, -0.177, 0.984, -0.069, -0.183, 0.427, 0.122, , , , , , , 93.944, 9.992, 8.498, 0.000, 0.000, 0.000, 26.1, 0.68207, 0.72232, 0.11304, -0.01373, 410, 100,
 11:50:27.096,d2:03:b8:43:8d:44, 2015-01-01 00:05:21.365, -0.175, 0.981, -0.066, 0.183, 0.061, -0.916, , , , , , , 93.944, 9.998, 8.498, 0.000, 0.000, 0.000, 26.1, 0.68207, 0.72232, 0.11304, -0.01373, 410, 100,
 11:50:27.096,d2:03:b8:43:8d:44, 2015-01-01 00:05:21.365, -0.175, 0.986, -0.069, -0.244, 0.244, 0.366, , , , , , , 93.944, 9.998, 8.498, 0.000, 0.000, 0.000, 26.1, 0.68207, 0.72232, 0.11304, -0.01373, 410, 100,
 11:50:27.096,d2:03:b8:43:8d:44, 2015-01-01 00:05:21.365, -0.173, 0.978, -0.062, 0.244, 0, 0.183, , , , , , , 93.944, 9.998, 8.498, 0.000, 0.000, 0.000, 26.1, 0.68207, 0.72232, 0.11304, -0.01373, 410, 100,
 11:50:27.097,d2:03:b8:43:8d:44, 2015-01-01 00:05:21.365, -0.168, 0.984, -0.068, 0.427, -0.122, -0.061, , , , , , , 93.95, 9.998, 8.498, 0.000, 0.000, 0.000, 26.1, 0.68207, 0.72232, 0.11304, -0.01373, 410, 100,
 11:50:27.097,d2:03:b8:43:8d:44, 2015-01-01 00:05:21.365, -0.175, 0.988, -0.072, -0.366, 0.305, 0, , , , , , , 93.944, 9.998, 8.492, 0.000, 0.000, 0.000, 26.1, 0.68207, 0.72232, 0.11304, -0.01373, 410, 100,
 11:50:27.097,d2:03:b8:43:8d:44, 2015-01-01 00:05:21.365, -0.177, 0.98, -0.064, 0, 0.305, -0.61, , , , , , , 93.944, 9.998, 8.498, 0.000, 0.000, 0.000, 26.1, 0.68207, 0.72232, 0.11304, -0.01373, 410, 100,
 11:50:27.098,d2:03:b8:43:8d:44, 2015-01-01 00:05:21.365, -0.172, 0.985, -0.067, 0.122, 0, 0.183, , , , , , , 93.944, 10.003, 8.498, 0.000, 0.000, 0.000, 26.1, 0.68207, 0.72232, 0.11304, -0.01373, 410, 100,
 11:50:27.098,d2:03:b8:43:8d:44, 2015-01-01 00:05:21.365, -0.171, 0.983, -0.067, 0.244, 0.122, 0.488, , , , , , , 93.95, 9.998, 8.498, 0.000, 0.000, 0.000, 26.1, 0.68207, 0.72232, 0.11304, -0.01373, 410, 100,
 11:50:27.099,d2:03:b8:43:8d:44, 2015-01-01 00:05:21.365, -0.171, 0.983, -0.068, 0.366, 0.122, 0, , , , , , , 93.95, 9.998, 8.498, 0.000, 0.000, 0.000, 26.1, 0.68207, 0.72232, 0.11304, -0.01373, 410, 100,
 11:50:27.099,d2:03:b8:43:8d:44, 2015-01-01 00:05:21.365, -0.174, 0.986, -0.072, -0.183, 0.244, -0.183, , , , , , , 93.95, 9.998, 8.498, 0.000, 0.000, 0.000, 26.1, 0.68207, 0.72232, 0.11304, -0.01373, 410, 100,
 11:50:27.128,d2:03:b8:43:8d:44, 2015-01-01 00:05:21.365, -0.183, 0.981, -0.065, -0.183, 0.549, 0, , , , , , , 93.95, 9.998, 8.498, 0.000, 0.000, 0.000, 26.1, 0.68207, 0.72232, 0.11304, -0.01373, 410, 100,
 11:50:27.128,d2:03:b8:43:8d:44, 2015-01-01 00:05:21.365, -0.168, 0.98, -0.064, 0.366, -0.244, 0.061, , , , , , , 93.95, 10.003, 8.498, 0.000, 0.000, 0.000, 26.1, 0.68213, 0.72226, 0.11301, -0.0137, 410, 100,
 11:50:27.129,d2:03:b8:43:8d:44, 2015-01-01 00:05:21.365, -0.167, 0.986, -0.071, 0.122, 0.122, 0.916, , , , , , , 93.95, 9.992, 8.498, 0.000, 0.000, 0.000, 26.1, 0.68213, 0.72226, 0.11301, -0.0137, 410, 100,
 11:50:27.129,d2:03:b8:43:8d:44, 2015-01-01 00:05:21.365, -0.176, 0.982, -0.067, 0.061, 0.366, -0.366, , , , , , , 93.95, 9.992, 8.498, 0.000, 0.000, 0.000, 26.1, 0.68213, 0.72226, 0.11301, -0.0137, 410, 100,
 11:50:27.129,d2:03:b8:43:8d:44, 2015-01-01 00:05:21.365, -0.173, 0.985, -0.07, 0.061, 0, -0.793, , , , , , , 93.955, 10.003, 8.498, 0.000, 0.000, 0.000, 26.1, 0.68213, 0.72226, 0.11301, -0.0137, 410, 100,
 11:50:27.130,d2:03:b8:43:8d:44, 2015-01-01 00:05:21.365, -0.181, 0.986, -0.069, -0.366, 0.549, 0.427, , , , , , , 93.95, 10.003, 8.498, 0.000, 0.000, 0.000, 26.1, 0.68213, 0.72226, 0.11301, -0.0137, 410, 100,
 11:50:27.130,d2:03:b8:43:8d:44, 2015-01-01 00:05:21.365, -0.169, 0.977, -0.061, 0.488, -0.183, 0.061, , , , , , , 93.95, 9.998, 8.498, 0.000, 0.000, 0.000, 26.1, 0.68213, 0.72226, 0.11301, -0.0137, 410, 100,
 11:50:27.131,d2:03:b8:43:8d:44, 2015-01-01 00:05:21.365, -0.167, 0.987, -0.072, 0.244, 0, 0.671, , , , , , , 93.955, 9.998, 8.492, 0.000, 0.000, 0.000, 26.1, 0.68213, 0.72226, 0.11301, -0.0137, 410, 100,
 11:50:27.131,d2:03:b8:43:8d:44, 2015-01-01 00:05:21.365, -0.18, 0.982, -0.068, -0.183, 0.61, -0.427, , , , , , , 93.955, 9.992, 8.498, 0.000, 0.000, 0.000, 26.1, 0.68213, 0.72226, 0.11301, -0.0137, 410, 100,
 11:50:27.131,d2:03:b8:43:8d:44, 2015-01-01 00:05:21.365, -0.174, 0.982, -0.064, 0.183, -0.122, -0.793, , , , , , , 93.955, 10.003, 8.498, 0.000, 0.000, 0.000, 26.1, 0.68213, 0.72226, 0.11301, -0.0137, 410, 100,
 11:50:27.132,d2:03:b8:43:8d:44, 2015-01-01 00:05:21.365, -0.177, 0.986, -0.069, -0.183, 0.305, 0.671, , , , , , , 93.955, 10.003, 8.498, 0.000, 0.000, 0.000, 26.1, 0.68213, 0.72226, 0.11301, -0.0137, 410, 100,
 11:50:27.132,d2:03:b8:43:8d:44, 2015-01-01 00:05:21.365, -0.17, 0.978, -0.062, 0.366, 0, 0.183, , , , , , , 93.955, 9.998, 8.498, 0.000, 0.000, 0.000, 26.1, 0.68213, 0.72226, 0.11301, -0.0137, 410, 100,
 11:50:27.132,d2:03:b8:43:8d:44, 2015-01-01 00:05:21.365, -0.168, 0.987, -0.07, 0.244, 0, 0.305, , , , , , , 93.955, 9.998, 8.498, 0.000, 0.000, 0.000, 26.1, 0.68213, 0.72226, 0.11301, -0.0137, 410, 100,
 11:50:27.132,d2:03:b8:43:8d:44, 2015-01-01 00:05:21.365, -0.178, 0.985, -0.07, -0.305, 0.488, -0.305, , , , , , , 93.955, 9.992, 8.498, 0.000, 0.000, 0.000, 26.1, 0.68213, 0.72226, 0.11301, -0.0137, 410, 100,
 11:50:27.132,d2:03:b8:43:8d:44, 2015-01-01 00:05:21.365, -0.176, 0.981, -0.064, 0.061, 0.061, -0.427, , , , , , , 93.955, 10.003, 8.498, 0.000, 0.000, 0.000, 26.1, 0.68213, 0.72226, 0.11301, -0.0137, 410, 100,
 11:50:27.133,d2:03:b8:43:8d:44, 2015-01-01 00:05:21.365, -0.172, 0.984, -0.068, 0.183, 0.122, 0.732, , , , , , , 93.955, 9.998, 8.498, 0.000, 0.000, 0.000, 26.1, 0.68213, 0.72226, 0.11301, -0.0137, 410, 100,
 11:50:27.133,d2:03:b8:43:8d:44, 2015-01-01 00:05:21.365, -0.169, 0.982, -0.067, 0.183, 0, 0.488, , , , , , , 93.955, 9.992, 8.498, 0.000, 0.000, 0.000, 26.1, 0.68213, 0.72226, 0.11301, -0.0137, 410, 100,
 11:50:27.133,d2:03:b8:43:8d:44, 2015-01-01 00:05:21.365, -0.172, 0.983, -0.068, 0.183, 0.183, -0.122, , , , , , , 93.961, 9.992, 8.498, 0.000, 0.000, 0.000, 26.1, 0.68213, 0.72226, 0.11301, -0.0137, 410, 100,
 11:50:27.134,d2:03:b8:43:8d:44, 2015-01-01 00:05:21.365, -0.177, 0.986, -0.07, -0.183, 0.305, -0.549, , , , , , , 93.961, 9.998, 8.498, 0.000, 0.000, 0.000, 26.1, 0.68213, 0.72226, 0.11301, -0.0137, 410, 100,
 11:50:27.134,d2:03:b8:43:8d:44, 2015-01-01 00:05:21.365, -0.178, 0.982, -0.065, -0.122, 0.183, -0.305, , , , , , , 93.955, 10.003, 8.498, 0.000, 0.000, 0.000, 26.1, 0.68213, 0.72226, 0.11301, -0.0137, 410, 100,
 11:50:27.134,d2:03:b8:43:8d:44, 2015-01-01 00:05:21.365, -0.168, 0.981, -0.064, 0.488, -0.061, 0.488, , , , , , , 93.955, 9.998, 8.498, 0.000, 0.000, 0.000, 26.1, 0.68213, 0.72226, 0.11301, -0.0137, 410, 100,
 11:50:27.135,d2:03:b8:43:8d:44, 2015-01-01 00:05:21.365, -0.168, 0.987, -0.071, 0, 0, 0.427, , , , , , , 93.961, 9.992, 8.498, 0.000, 0.000, 0.000, 26.1, 0.68213, 0.72226, 0.11301, -0.0137, 410, 100,
 11:50:27.135,d2:03:b8:43:8d:44, 2015-01-01 00:05:21.365, -0.178, 0.982, -0.066, 0, 0.427, -0.488, , , , , , , 93.961, 9.998, 8.498, 0.000, 0.000, 0.000, 26.1, 0.68213, 0.72226, 0.11301, -0.0137, 410, 100,
 11:50:27.136,d2:03:b8:43:8d:44, 2015-01-01 00:05:21.365, -0.174, 0.985, -0.068, 0, 0, -0.488, , , , , , , 93.961, 10.003, 8.498, 0.000, 0.000, 0.000, 26.1, 0.68213, 0.72226, 0.11301, -0.0137, 410, 100,
 11:50:27.136,d2:03:b8:43:8d:44, 2015-01-01 00:05:21.365, -0.177, 0.985, -0.067, -0.183, 0.183, 0.305, , , , , , , 93.955, 10.003, 8.498, 0.000, 0.000, 0.000, 26.1, 0.68213, 0.72226, 0.11301, -0.0137, 410, 100,
 11:50:27.136,d2:03:b8:43:8d:44, 2015-01-01 00:05:21.365, -0.17, 0.979, -0.062, 0.61, 0, 0.244, , , , , , , 93.961, 10.003, 8.498, 0.000, 0.000, 0.000, 26.1, 0.68213, 0.72226, 0.11301, -0.0137, 410, 100,
 11:50:27.136,d2:03:b8:43:8d:44, 2015-01-01 00:05:21.365, -0.17, 0.987, -0.072, 0.122, 0, 0.366, , , , , , , 93.961, 9.998, 8.492, 0.000, 0.000, 0.000, 26.1, 0.68213, 0.72226, 0.11301, -0.0137, 410, 100,
 11:50:27.136,d2:03:b8:43:8d:44, 2015-01-01 00:05:21.365, -0.181, 0.982, -0.068, -0.244, 0.427, -0.427, , , , , , , 93.961, 9.998, 8.498, 0.000, 0.000, 0.000, 26.1, 0.68213, 0.72226, 0.11301, -0.0137, 410, 100,
 11:50:27.137,d2:03:b8:43:8d:44, 2015-01-01 00:05:21.365, -0.174, 0.981, -0.065, 0.122, 0, -0.305, , , , , , , 93.961, 10.003, 8.498, 0.000, 0.000, 0.000, 26.1, 0.68213, 0.72226, 0.11301, -0.0137, 410, 100,
 11:50:27.137,d2:03:b8:43:8d:44, 2015-01-01 00:05:21.365, -0.173, 0.985, -0.068, -0.061, 0.061, 0.549, , , , , , , 93.961, 10.003, 8.498, 0.000, 0.000, 0.000, 26.1, 0.68213, 0.72226, 0.11301, -0.0137, 410, 100,
 11:50:27.137,d2:03:b8:43:8d:44, 2015-01-01 00:05:21.365, -0.17, 0.98, -0.064, 0.305, 0.122, 0.244, , , , , , , 93.961, 9.998, 8.498, 0.000, 0.000, 0.000, 26.1, 0.68213, 0.72226, 0.11301, -0.0137, 410, 100,
 11:50:27.137,d2:03:b8:43:8d:44, 2015-01-01 00:05:21.365, -0.169, 0.985, -0.07, 0.244, 0.061, 0.061, , , , , , , 93.966, 9.998, 8.492, 0.000, 0.000, 0.000, 26.1, 0.68213, 0.72226, 0.11301, -0.0137, 410, 100,
 11:50:27.137,d2:03:b8:43:8d:44, 2015-01-01 00:05:21.365, -0.179, 0.987, -0.071, -0.366, 0.366, -0.366, , , , , , , 93.961, 9.998, 8.498, 0.000, 0.000, 0.000, 26.1, 0.68213, 0.72226, 0.11301, -0.0137, 410, 100,
 11:50:27.137,d2:03:b8:43:8d:44, 2015-01-01 00:05:21.365, -0.177, 0.98, -0.063, 0.061, 0.244, -0.061, , , , , , , 93.961, 10.003, 8.498, 0.000, 0.000, 0.000, 26.1, 0.68213, 0.72226, 0.11301, -0.0137, 410, 100,
 11:50:27.138,d2:03:b8:43:8d:44, 2015-01-01 00:05:21.365, -0.168, 0.983, -0.067, 0.305, -0.183, 0.488, , , , , , , 93.961, 10.003, 8.498, 0.000, 0.000, 0.000, 26.1, 0.68213, 0.72226, 0.11301, -0.0137, 410, 100,
 11:50:27.138,d2:03:b8:43:8d:44, 2015-01-01 00:05:21.365, -0.174, 0.984, -0.069, 0, 0.305, 0.366, , , , , , , 93.966, 9.992, 8.498, 0.000, 0.000, 0.000, 26.1, 0.68213, 0.72226, 0.11301, -0.0137, 410, 100,
 11:50:27.138,d2:03:b8:43:8d:44, 2015-01-01 00:05:21.365, -0.173, 0.981, -0.064, 0.244, 0.122, -0.549, , , , , , , 93.966, 9.998, 8.498, 0.000, 0.000, 0.000, 26.1, 0.68213, 0.72226, 0.11301, -0.0137, 410, 100,
 11:50:27.138,d2:03:b8:43:8d:44, 2015-01-01 00:05:21.365, -0.175, 0.988, -0.07, -0.183, 0.122, -0.183, , , , , , , 93.966, 10.003, 8.498, 0.000, 0.000, 0.000, 26.1, 0.68213, 0.72226, 0.11301, -0.0137, 410, 100,
 11:50:27.138,d2:03:b8:43:8d:44, 2015-01-01 00:05:21.365, -0.178, 0.981, -0.063, -0.122, 0.366, 0.183, , , , , , , 93.961, 10.003, 8.498, 0.000, 0.000, 0.000, 26.1, 0.68213, 0.72226, 0.11301, -0.0137, 410, 100,
 11:50:27.138,d2:03:b8:43:8d:44, 2015-01-01 00:05:21.365, -0.164, 0.981, -0.063, 0.549, -0.366, 0.061, , , , , , , 93.966, 10.003, 8.498, 0.000, 0.000, 0.000, 26.1, 0.68213, 0.72226, 0.11301, -0.0137, 410, 100,
 11:50:27.139,d2:03:b8:43:8d:44, 2015-01-01 00:05:21.365, -0.174, 0.989, -0.072, -0.122, 0.427, 0.549, , , , , , , 93.966, 9.998, 8.492, 0.000, 0.000, 0.000, 26.1, 0.68213, 0.72226, 0.11301, -0.0137, 410, 100,
 11:50:27.139,d2:03:b8:43:8d:44, 2015-01-01 00:05:21.365, -0.174, 0.98, -0.065, 0.122, 0.183, -0.61, , , , , , , 93.966, 9.998, 8.498, 0.000, 0.000, 0.000, 26.1, 0.68213, 0.72226, 0.11301, -0.0137, 410, 100,
 11:50:27.139,d2:03:b8:43:8d:44, 2015-01-01 00:05:21.365, -0.173, 0.987, -0.071, 0.061, 0.061, 0.183, , , , , , , 93.966, 10.003, 8.498, 0.000, 0.000, 0.000, 26.1, 0.68213, 0.72226, 0.11301, -0.0137, 410, 100,
 11:50:27.139,d2:03:b8:43:8d:44, 2015-01-01 00:05:21.365, -0.178, 0.982, -0.068, -0.061, 0.366, 0.427, , , , , , , 93.966, 9.998, 8.498, 0.000, 0.000, 0.000, 26.1, 0.68213, 0.72226, 0.11301, -0.0137, 410, 100,
 11:50:27.139,d2:03:b8:43:8d:44, 2015-01-01 00:05:21.365, -0.167, 0.98, -0.066, 0.488, -0.305, -0.122, , , , , , , 93.966, 9.998, 8.498, 0.000, 0.000, 0.000, 26.1, 0.68213, 0.72226, 0.11301, -0.0137, 410, 100,
 11:50:27.140,d2:03:b8:43:8d:44, 2015-01-01 00:05:21.365, -0.175, 0.988, -0.074, -0.122, 0.488, 0.183, , , , , , , 93.972, 9.998, 8.498, 0.000, 0.000, 0.000, 26.1, 0.68213, 0.72226, 0.11301, -0.0137, 410, 100,
 11:50:27.140,d2:03:b8:43:8d:44, 2015-01-01 00:05:21.365, -0.177, 0.981, -0.067, -0.122, 0.183, -0.732, , , , , , , 93.966, 9.998, 8.498, 0.000, 0.000, 0.000, 26.1, 0.68213, 0.72226, 0.11301, -0.0137, 410, 100,
 11:50:27.141,d2:03:b8:43:8d:44, 2015-01-01 00:05:21.365, -0.172, 0.984, -0.066, 0.183, 0, 0, , , , , , , 93.966, 10.003, 8.498, 0.000, 0.000, 0.000, 26.1, 0.68213, 0.72226, 0.11301, -0.0137, 410, 100,
 11:50:27.141,d2:03:b8:43:8d:44, 2015-01-01 00:05:21.365, -0.171, 0.985, -0.066, 0, 0.183, 0.549, , , , , , , 93.966, 9.998, 8.498, 0.000, 0.000, 0.000, 26.1, 0.68213, 0.72226, 0.11301, -0.0137, 410, 100,
 11:50:27.142,d2:03:b8:43:8d:44, 2015-01-01 00:05:21.365, -0.17, 0.981, -0.063, 0.122, 0, 0.061, , , , , , , 93.966, 9.998, 8.498, 0.000, 0.000, 0.000, 26.1, 0.68213, 0.72226, 0.11301, -0.0137, 410, 100,
 11:50:27.142,d2:03:b8:43:8d:44, 2015-01-01 00:05:21.365, -0.174, 0.985, -0.067, 0, 0.244, -0.183, , , , , , , 93.966, 9.998, 8.498, 0.000, 0.000, 0.000, 26.1, 0.68213, 0.72226, 0.11301, -0.0137, 410, 100,
 11:50:27.143,d2:03:b8:43:8d:44, 2015-01-01 00:05:21.365, -0.178, 0.985, -0.065, -0.183, 0.244, -0.061, , , , , , , 93.966, 10.003, 8.498, 0.000, 0.000, 0.000, 26.1, 0.68213, 0.72226, 0.11301, -0.0137, 410, 100,
 11:50:27.143,d2:03:b8:43:8d:44, 2015-01-01 00:05:21.365, -0.175, 0.98, -0.061, 0.244, 0.061, 0.183, , , , , , , 93.966, 10.003, 8.498, 0.000, 0.000, 0.000, 26.1, 0.68213, 0.72226, 0.11301, -0.0137, 410, 100,
 11:50:27.143,d2:03:b8:43:8d:44, 2015-01-01 00:05:21.365, -0.169, 0.984, -0.066, 0.305, 0, 0.488, , , , , , , 93.972, 9.998, 8.498, 0.000, 0.000, 0.000, 26.1, 0.68213, 0.72226, 0.11301, -0.0137, 410, 100,
 11:50:27.144,d2:03:b8:43:8d:44, 2015-01-01 00:05:21.365, -0.174, 0.984, -0.069, -0.061, 0.183, 0.061, , , , , , , 93.972, 9.992, 8.498, 0.000, 0.000, 0.000, 26.1, 0.68213, 0.72226, 0.11301, -0.0137, 410, 100,
 11:50:27.144,d2:03:b8:43:8d:44, 2015-01-01 00:05:21.365, -0.175, 0.981, -0.066, 0.244, 0.183, -0.732, , , , , , , 93.972, 9.998, 8.498, 0.000, 0.000, 0.000, 26.1, 0.68213, 0.72226, 0.11301, -0.0137, 410, 100,
 11:50:27.145,d2:03:b8:43:8d:44, 2015-01-01 00:05:21.365, -0.174, 0.986, -0.069, -0.061, 0.183, 0.183, , , , , , , 93.972, 10.003, 8.498, 0.000, 0.000, 0.000, 26.1, 0.68213, 0.72226, 0.11301, -0.0137, 410, 100,
 11:50:27.145,d2:03:b8:43:8d:44, 2015-01-01 00:05:21.365, -0.173, 0.981, -0.066, 0.183, 0.122, 0.244, , , , , , , 93.972, 9.998, 8.498, 0.000, 0.000, 0.000, 26.1, 0.68213, 0.72226, 0.11301, -0.0137, 410, 100,
 11:50:27.145,d2:03:b8:43:8d:44, 2015-01-01 00:05:21.365, -0.167, 0.983, -0.069, 0.488, -0.061, 0.244, , , , , , , 93.977, 9.998, 8.498, 0.000, 0.000, 0.000, 26.1, 0.68213, 0.72226, 0.11301, -0.0137, 410, 100,
 11:50:27.145,d2:03:b8:43:8d:44, 2015-01-01 00:05:21.365, -0.174, 0.987, -0.073, -0.183, 0.305, 0.122, , , , , , , 93.977, 9.992, 8.492, 0.000, 0.000, 0.000, 26.1, 0.68213, 0.72226, 0.11301, -0.0137, 410, 100,
 11:50:27.145,d2:03:b8:43:8d:44, 2015-01-01 00:05:21.365, -0.178, 0.981, -0.068, 0, 0.244, -0.61, , , , , , , 93.972, 9.998, 8.498, 0.000, 0.000, 0.000, 26.1, 0.68213, 0.72226, 0.11301, -0.0137, 410, 100,
 11:50:27.146,d2:03:b8:43:8d:44, 2015-01-01 00:05:21.365, -0.173, 0.984, -0.07, 0, 0, 0.183, , , , , , , 93.977, 10.003, 8.498, 0.000, 0.000, 0.000, 26.1, 0.68213, 0.72226, 0.11301, -0.0137, 410, 100,
 11:50:27.146,d2:03:b8:43:8d:44, 2015-01-01 00:05:21.365, -0.173, 0.982, -0.067, 0, 0.122, 0.488, , , , , , , 93.972, 9.998, 8.498, 0.000, 0.000, 0.000, 26.1, 0.68213, 0.72226, 0.11301, -0.0137, 410, 100,
 11:50:27.146,d2:03:b8:43:8d:44, 2015-01-01 00:05:21.365, -0.171, 0.982, -0.067, 0.305, 0.061, 0, , , , , , , 93.977, 9.992, 8.498, 0.000, 0.000, 0.000, 26.1, 0.68213, 0.72226, 0.11301, -0.0137, 410, 100,
 11:50:27.147,d2:03:b8:43:8d:44, 2015-01-01 00:05:21.365, -0.172, 0.987, -0.07, -0.122, 0.122, -0.183, , , , , , , 93.977, 9.998, 8.498, 0.000, 0.000, 0.000, 26.1, 0.68213, 0.72226, 0.11301, -0.0137, 410, 100,
 11:50:27.147,d2:03:b8:43:8d:44, 2015-01-01 00:05:21.365, -0.18, 0.983, -0.066, -0.305, 0.366, -0.427, , , , , , , 93.972, 9.998, 8.498, 0.000, 0.000, 0.000, 26.1, 0.68213, 0.72226, 0.11301, -0.0137, 410, 100,
 11:50:27.148,d2:03:b8:43:8d:44, 2015-01-01 00:05:21.365, -0.172, 0.981, -0.062, 0.183, -0.061, -0.061, , , , , , , 93.972, 10.003, 8.498, 0.000, 0.000, 0.000, 26.1, 0.68213, 0.72226, 0.11301, -0.0137, 410, 100,
 11:50:27.148,d2:03:b8:43:8d:44, 2015-01-01 00:05:21.365, -0.169, 0.985, -0.066, 0.183, 0, 0.61, , , , , , , 93.972, 9.998, 8.492, 0.000, 0.000, 0.000, 26.1, 0.68213, 0.72226, 0.11301, -0.0137, 410, 100,
 11:50:27.148,d2:03:b8:43:8d:44, 2015-01-01 00:05:21.365, -0.174, 0.983, -0.065, 0.122, 0.305, 0.061, , , , , , , 93.977, 9.998, 8.498, 0.000, 0.000, 0.000, 26.1, 0.68213, 0.72226, 0.11301, -0.0137, 410, 100,
 11:50:27.148,d2:03:b8:43:8d:44, 2015-01-01 00:05:21.365, -0.171, 0.983, -0.066, 0.183, -0.061, -0.366, , , , , , , 93.977, 9.998, 8.498, 0.000, 0.000, 0.000, 26.1, 0.68213, 0.72226, 0.11301, -0.0137, 410, 100,
 11:50:27.148,d2:03:b8:43:8d:44, 2015-01-01 00:05:21.365, -0.18, 0.986, -0.069, -0.122, 0.305, 0.122, , , , , , , 93.977, 9.998, 8.498, 0.000, 0.000, 0.000, 26.1, 0.68213, 0.72226, 0.11301, -0.0137, 410, 100,
 11:50:27.149,d2:03:b8:43:8d:44, 2015-01-01 00:05:21.365, -0.174, 0.979, -0.063, 0.427, 0, 0.061, , , , , , , 93.977, 9.998, 8.498, 0.000, 0.000, 0.000, 26.1, 0.68213, 0.72226, 0.11301, -0.0137, 410, 100,
 11:50:27.149,d2:03:b8:43:8d:44, 2015-01-01 00:05:21.365, -0.167, 0.986, -0.071, 0.305, -0.061, 0.549, , , , , , , 93.977, 9.998, 8.492, 0.000, 0.000, 0.000, 26.1, 0.68213, 0.72226, 0.11301, -0.0137, 410, 100,
 11:50:27.149,d2:03:b8:43:8d:44, 2015-01-01 00:05:21.365, -0.177, 0.984, -0.071, -0.061, 0.549, 0, , , , , , , 93.983, 9.992, 8.492, 0.000, 0.000, 0.000, 26.1, 0.68213, 0.72226, 0.11301, -0.0137, 410, 100,
 11:50:27.149,d2:03:b8:43:8d:44, 2015-01-01 00:05:21.365, -0.171, 0.982, -0.068, 0.244, -0.061, -0.671, , , , , , , 93.983, 9.998, 8.498, 0.000, 0.000, 0.000, 26.1, 0.68213, 0.72226, 0.11301, -0.0137, 410, 100,
 11:50:27.149,d2:03:b8:43:8d:44, 2015-01-01 00:05:21.365, -0.175, 0.987, -0.073, -0.183, 0.244, 0.244, , , , , , , 93.983, 9.998, 8.492, 0.000, 0.000, 0.000, 26.1, 0.68213, 0.72226, 0.11301, -0.0137, 410, 100,
 11:50:27.150,d2:03:b8:43:8d:44, 2015-01-01 00:05:21.365, -0.173, 0.98, -0.065, 0.061, 0.122, 0, , , , , , , 93.977, 9.998, 8.498, 0.000, 0.000, 0.000, 26.1, 0.68213, 0.72226, 0.11301, -0.0137, 410, 100,
 11:50:27.151,d2:03:b8:43:8d:44, 2015-01-01 00:05:21.365, -0.167, 0.985, -0.069, 0.305, -0.122, 0.122, , , , , , , 94.032, 10.02, 8.438, 0.000, 0.000, 0.000, 26.1, 0.68213, 0.72226, 0.11301, -0.0137, 410, 100,
 11:50:27.152,d2:03:b8:43:8d:44, 2015-01-01 00:05:21.365, -0.178, 0.985, -0.069, -0.244, 0.549, 0.122, , , , , , , 94.032, 10.02, 8.438, 0.000, 0.000, 0.000, 26.1, 0.68213, 0.72226, 0.11301, -0.0137, 410, 100,
 11:50:27.152,d2:03:b8:43:8d:44, 2015-01-01 00:05:21.365, -0.175, 0.98, -0.063, 0.061, 0, -0.427, , , , , , , 94.032, 10.02, 8.438, 0.000, 0.000, 0.000, 26.1, 0.68213, 0.72226, 0.11301, -0.0137, 410, 100,
 11:50:27.152,d2:03:b8:43:8d:44, 2015-01-01 00:05:21.365, -0.174, 0.984, -0.066, 0.061, 0.061, 0.366, , , , , , , 94.032, 10.02, 8.438, 0.000, 0.000, 0.000, 26.1, 0.68213, 0.72226, 0.11301, -0.0137, 410, 100,
 11:50:27.152,d2:03:b8:43:8d:44, 2015-01-01 00:05:21.365, -0.176, 0.982, -0.065, 0, 0.122, 0, , , , , , , 94.032, 10.02, 8.438, 0.000, 0.000, 0.000, 26.1, 0.68213, 0.72226, 0.11301, -0.0137, 410, 100,
 11:50:27.152,d2:03:b8:43:8d:44, 2015-01-01 00:05:21.365, -0.172, 0.983, -0.065, 0.244, 0, -0.122, , , , , , , 94.032, 10.02, 8.438, 0.000, 0.000, 0.000, 26.1, 0.68213, 0.72226, 0.11301, -0.0137, 410, 100,
 11:50:27.153,d2:03:b8:43:8d:44, 2015-01-01 00:05:21.365, -0.174, 0.985, -0.067, -0.061, 0.244, 0.122, , , , , , , 94.032, 10.02, 8.438, 0.000, 0.000, 0.000, 26.1, 0.68213, 0.72226, 0.11301, -0.0137, 410, 100,
 11:50:27.153,d2:03:b8:43:8d:44, 2015-01-01 00:05:21.365, -0.174, 0.982, -0.064, 0, 0.183, -0.122, , , , , , , 94.032, 10.02, 8.438, 0.000, 0.000, 0.000, 26.1, 0.68213, 0.72226, 0.11301, -0.0137, 410, 100,
 11:50:27.153,d2:03:b8:43:8d:44, 2015-01-01 00:05:21.365, -0.171, 0.983, -0.064, 0.366, 0, 0.061, , , , , , , 94.032, 10.02, 8.438, 0.000, 0.000, 0.000, 26.1, 0.68213, 0.72226, 0.11301, -0.0137, 410, 100,
 11:50:27.153,d2:03:b8:43:8d:44, 2015-01-01 00:05:21.365, -0.17, 0.986, -0.069, 0.061, 0.061, 0.427, , , , , , , 94.032, 10.02, 8.438, 0.000, 0.000, 0.000, 26.1, 0.68213, 0.72226, 0.11301, -0.0137, 410, 100,
 11:50:27.153,d2:03:b8:43:8d:44, 2015-01-01 00:05:21.365, -0.174, 0.981, -0.067, 0.122, 0.305, 0.122, , , , , , , 94.032, 10.02, 8.438, 0.000, 0.000, 0.000, 26.1, 0.68213, 0.72226, 0.11301, -0.0137, 410, 100,
 11:50:27.153,d2:03:b8:43:8d:44, 2015-01-01 00:05:21.365, -0.175, 0.984, -0.07, 0.183, 0.061, -0.305, , , , , , , 94.032, 10.02, 8.438, 0.000, 0.000, 0.000, 26.1, 0.68213, 0.72226, 0.11301, -0.0137, 410, 100,
 11:50:27.153,d2:03:b8:43:8d:44, 2015-01-01 00:05:21.365, -0.176, 0.985, -0.071, -0.061, 0.183, 0.183, , , , , , , 94.032, 10.02, 8.438, 0.000, 0.000, 0.000, 26.1, 0.68213, 0.72226, 0.11301, -0.0137, 410, 100,
 11:50:27.153,d2:03:b8:43:8d:44, 2015-01-01 00:05:21.365, -0.171, 0.979, -0.067, 0.366, 0, 0.244, , , , , , , 94.032, 10.02, 8.438, 0.000, 0.000, 0.000, 26.1, 0.68213, 0.72226, 0.11301, -0.0137, 410, 100,
 11:50:27.153,d2:03:b8:43:8d:44, 2015-01-01 00:05:21.365, -0.169, 0.985, -0.074, 0.122, 0, 0.122, , , , , , , 94.032, 10.02, 8.438, 0.000, 0.000, 0.000, 26.1, 0.68213, 0.72226, 0.11301, -0.0137, 410, 100,
 11:50:27.153,d2:03:b8:43:8d:44, 2015-01-01 00:05:21.365, -0.178, 0.983, -0.07, -0.183, 0.366, -0.488, , , , , , , 94.032, 10.02, 8.438, 0.000, 0.000, 0.000, 26.1, 0.68213, 0.72226, 0.11301, -0.0137, 410, 100,
 11:50:27.153,d2:03:b8:43:8d:44, 2015-01-01 00:05:21.365, -0.173, 0.982, -0.066, 0.061, 0.061, -0.366, , , , , , , 94.032, 10.02, 8.438, 0.000, 0.000, 0.000, 26.1, 0.68213, 0.72226, 0.11301, -0.0137, 410, 100,
 11:50:27.155,d2:03:b8:43:8d:44, 2015-01-01 00:05:21.365, -0.171, 0.985, -0.068, -0.061, 0.061, 0.488, , , , , , , 94.032, 10.02, 8.438, 0.000, 0.000, 0.000, 26.1, 0.68213, 0.72226, 0.11301, -0.0137, 410, 100,
 11:50:27.155,d2:03:b8:43:8d:44, 2015-01-01 00:05:21.365, -0.171, 0.981, -0.064, 0.244, 0.061, 0.183, , , , , , , 94.032, 10.02, 8.438, 0.000, 0.000, 0.000, 26.1, 0.68213, 0.72226, 0.11301, -0.0137, 410, 100,
 11:50:27.155,d2:03:b8:43:8d:44, 2015-01-01 00:05:21.365, -0.171, 0.985, -0.066, 0.183, 0.061, 0, , , , , , , 94.032, 10.02, 8.438, 0.000, 0.000, 0.000, 26.1, 0.68213, 0.72226, 0.11301, -0.0137, 410, 100,
 11:50:27.155,d2:03:b8:43:8d:44, 2015-01-01 00:05:21.365, -0.177, 0.986, -0.068, -0.183, 0.305, -0.061, , , , , , , 94.032, 10.02, 8.438, 0.000, 0.000, 0.000, 26.1, 0.68213, 0.72226, 0.11301, -0.0137, 410, 100,
 11:50:27.157,d2:03:b8:43:8d:44, 2015-01-01 00:05:21.365, -0.178, 0.98, -0.062, 0.061, 0.244, 0, , , , , , , 94.032, 10.02, 8.438, 0.000, 0.000, 0.000, 26.1, 0.68213, 0.72226, 0.11301, -0.0137, 410, 100,
 11:50:27.157,d2:03:b8:43:8d:44, 2015-01-01 00:05:21.365, -0.172, 0.983, -0.065, 0.244, -0.061, 0.244, , , , , , , 94.026, 10.02, 8.438, 0.000, 0.000, 0.000, 26.1, 0.68213, 0.72226, 0.11301, -0.0137, 410, 100,
 11:50:27.157,d2:03:b8:43:8d:44, 2015-01-01 00:05:21.365, -0.173, 0.983, -0.067, 0.122, 0.244, 0.183, , , , , , , 94.026, 10.02, 8.438, 0.000, 0.000, 0.000, 26.1, 0.68213, 0.72226, 0.11301, -0.0137, 410, 100,
 11:50:27.157,d2:03:b8:43:8d:44, 2015-01-01 00:05:21.365, -0.174, 0.981, -0.066, 0.244, 0.122, -0.366, , , , , , , 94.026, 10.02, 8.438, 0.000, 0.000, 0.000, 26.1, 0.68213, 0.72226, 0.11301, -0.0137, 410, 100,
 11:50:27.157,d2:03:b8:43:8d:44, 2015-01-01 00:05:21.365, -0.173, 0.986, -0.071, -0.061, 0.122, -0.244, , , , , , , 94.026, 10.02, 8.438, 0.000, 0.000, 0.000, 26.1, 0.68213, 0.72226, 0.11301, -0.0137, 410, 100,
 11:50:27.157,d2:03:b8:43:8d:44, 2015-01-01 00:05:21.365, -0.176, 0.983, -0.067, 0, 0.305, 0, , , , , , , 94.026, 10.02, 8.438, 0.000, 0.000, 0.000, 26.1, 0.68213, 0.72226, 0.11301, -0.0137, 410, 100,
 11:50:27.158,d2:03:b8:43:8d:44, 2015-01-01 00:05:21.365, -0.167, 0.982, -0.067, 0.488, -0.183, 0.183, , , , , , , 94.026, 10.02, 8.438, 0.000, 0.000, 0.000, 26.1, 0.68213, 0.72226, 0.11301, -0.0137, 410, 100,
 11:50:27.158,d2:03:b8:43:8d:44, 2015-01-01 00:05:21.365, -0.17, 0.987, -0.073, 0, 0.244, 0.671, , , , , , , 94.026, 10.02, 8.438, 0.000, 0.000, 0.000, 26.1, 0.68213, 0.72226, 0.11301, -0.0137, 410, 100,
 11:50:27.158,d2:03:b8:43:8d:44, 2015-01-01 00:05:21.365, -0.175, 0.981, -0.067, 0, 0.305, -0.183, , , , , , , 94.026, 10.02, 8.438, 0.000, 0.000, 0.000, 26.1, 0.68213, 0.72226, 0.11301, -0.0137, 410, 100,
 11:50:27.158,d2:03:b8:43:8d:44, 2015-01-01 00:05:21.365, -0.173, 0.985, -0.07, 0, 0, -0.061, , , , , , , 94.026, 10.02, 8.438, 0.000, 0.000, 0.000, 26.1, 0.68213, 0.72226, 0.11301, -0.0137, 410, 100,
 11:50:27.159,d2:03:b8:43:8d:44, 2015-01-01 00:05:21.365, -0.179, 0.984, -0.068, -0.244, 0.366, 0.427, , , , , , , 94.026, 10.02, 8.438, 0.000, 0.000, 0.000, 26.1, 0.68213, 0.72226, 0.11301, -0.0137, 410, 100,
 11:50:27.159,d2:03:b8:43:8d:44, 2015-01-01 00:05:21.365, -0.171, 0.979, -0.062, 0.305, -0.122, 0, , , , , , , 94.026, 10.02, 8.438, 0.000, 0.000, 0.000, 26.1, 0.68213, 0.72226, 0.11301, -0.0137, 410, 100,
 11:50:27.160,d2:03:b8:43:8d:44, 2015-01-01 00:05:21.365, -0.173, 0.986, -0.069, 0, 0.183, 0.183, , , , , , , 94.026, 10.02, 8.438, 0.000, 0.000, 0.000, 26.1, 0.68213, 0.72226, 0.11301, -0.0137, 410, 100,
 11:50:27.161,d2:03:b8:43:8d:44, 2015-01-01 00:05:21.365, -0.177, 0.982, -0.064, -0.061, 0.244, -0.549, , , , , , , 94.026, 10.02, 8.438, 0.000, 0.000, 0.000, 26.1, 0.68213, 0.72226, 0.11301, -0.0137, 410, 100,
 11:50:27.161,d2:03:b8:43:8d:44, 2015-01-01 00:05:21.365, -0.171, 0.983, -0.063, 0.183, 0, -0.427, , , , , , , 94.026, 10.02, 8.438, 0.000, 0.000, 0.000, 26.1, 0.68213, 0.72226, 0.11301, -0.0137, 410, 100,
 11:50:27.161,d2:03:b8:43:8d:44, 2015-01-01 00:05:21.365, -0.174, 0.986, -0.067, -0.061, 0.183, 0.244, , , , , , , 94.026, 10.02, 8.438, 0.000, 0.000, 0.000, 26.1, 0.68213, 0.72226, 0.11301, -0.0137, 410, 100,
 11:50:27.161,d2:03:b8:43:8d:44, 2015-01-01 00:05:21.365, -0.17, 0.981, -0.063, 0.183, 0, 0.061, , , , , , , 94.026, 10.02, 8.438, 0.000, 0.000, 0.000, 26.1, 0.68213, 0.72226, 0.11301, -0.0137, 410, 100,
 11:50:27.161,d2:03:b8:43:8d:44, 2015-01-01 00:05:21.365, -0.171, 0.985, -0.067, 0.244, 0.183, 0.366, , , , , , , 94.021, 10.02, 8.438, 0.000, 0.000, 0.000, 26.1, 0.68213, 0.72226, 0.11301, -0.0137, 410, 100,
 11:50:27.161,d2:03:b8:43:8d:44, 2015-01-01 00:05:21.365, -0.178, 0.984, -0.069, 0, 0.305, -0.061, , , , , , , 94.021, 10.02, 8.438, 0.000, 0.000, 0.000, 26.1, 0.68213, 0.72226, 0.11301, -0.0137, 410, 100,
 11:50:27.161,d2:03:b8:43:8d:44, 2015-01-01 00:05:21.365, -0.177, 0.982, -0.067, 0.305, 0.061, -0.122, , , , , , , 94.021, 10.02, 8.438, 0.000, 0.000, 0.000, 26.1, 0.68213, 0.72226, 0.11301, -0.0137, 410, 100,
 11:50:27.162,d2:03:b8:43:8d:44, 2015-01-01 00:05:21.365, -0.172, 0.983, -0.07, 0.183, 0.061, 0.488, , , , , , , 94.021, 10.02, 8.438, 0.000, 0.000, 0.000, 26.1, 0.68213, 0.72226, 0.11301, -0.0137, 410, 100,
 11:50:27.163,d2:03:b8:43:8d:44, 2015-01-01 00:05:21.365, -0.173, 0.983, -0.071, -0.061, 0.122, 0.183, , , , , , , 94.021, 10.02, 8.438, 0.000, 0.000, 0.000, 26.1, 0.68213, 0.72226, 0.11301, -0.0137, 410, 100,
 11:50:27.163,d2:03:b8:43:8d:44, 2015-01-01 00:05:21.365, -0.173, 0.981, -0.068, 0.061, 0.122, -0.427, , , , , , , 94.021, 10.02, 8.438, 0.000, 0.000, 0.000, 26.1, 0.68213, 0.72226, 0.11301, -0.0137, 410, 100,
 11:50:27.163,d2:03:b8:43:8d:44, 2015-01-01 00:05:21.365, -0.173, 0.986, -0.07, -0.061, 0.061, -0.122, , , , , , , 94.021, 10.02, 8.438, 0.000, 0.000, 0.000, 26.1, 0.68213, 0.72226, 0.11301, -0.0137, 410, 100,
 11:50:27.163,d2:03:b8:43:8d:44, 2015-01-01 00:05:21.365, -0.173, 0.982, -0.065, 0, 0.061, 0.122, , , , , , , 94.021, 10.02, 8.438, 0.000, 0.000, 0.000, 26.1, 0.68213, 0.72226, 0.11301, -0.0137, 410, 100,
 11:50:27.163,d2:03:b8:43:8d:44, 2015-01-01 00:05:21.365, -0.167, 0.982, -0.066, 0.366, 0, 0.244, , , , , , , 94.021, 10.02, 8.438, 0.000, 0.000, 0.000, 26.1, 0.68213, 0.72226, 0.11301, -0.0137, 410, 100,
 11:50:27.163,d2:03:b8:43:8d:44, 2015-01-01 00:05:21.365, -0.173, 0.988, -0.071, -0.061, 0.244, 0.122, , , , , , , 94.021, 10.02, 8.438, 0.000, 0.000, 0.000, 26.1, 0.68213, 0.72226, 0.11301, -0.0137, 410, 100,
 11:50:27.173,d2:03:b8:43:8d:44, 2015-01-01 00:05:21.365, -0.176, 0.982, -0.066, 0.061, 0.244, -0.305, , , , , , , 94.021, 10.02, 8.438, 0.000, 0.000, 0.000, 26.1, 0.68213, 0.72226, 0.11301, -0.0137, 410, 100,
 11:50:27.439,d2:03:b8:43:8d:44, 2015-01-01 00:05:21.365, -0.173, 0.983, -0.067, 0.061, 0, 0.244, , , , , , , 94.021, 10.02, 8.438, 0.000, 0.000, 0.000, 26.1, 0.68213, 0.72226, 0.11301, -0.0137, 410, 100,
 11:50:27.527,d2:03:b8:43:8d:44, 2015-01-01 00:05:21.785, -0.176, 0.982, -0.068, 0, 0.122, 0.305, , , , , , , 94.021, 10.02, 8.438, 0.000, 0.000, 0.000, 26.1, 0.68213, 0.72226, 0.11301, -0.0137, 410, 100,
 11:50:27.527,d2:03:b8:43:8d:44, 2015-01-01 00:05:21.785, -0.173, 0.98, -0.065, 0.244, 0.061, -0.244, , , , , , , 94.021, 10.02, 8.438, 0.000, 0.000, 0.000, 26.1, 0.68213, 0.72226, 0.11301, -0.0137, 410, 100,
 11:50:27.528,d2:03:b8:43:8d:44, 2015-01-01 00:05:21.785, -0.174, 0.985, -0.07, -0.061, 0.122, -0.122, , , , , , , 94.021, 10.02, 8.438, 0.000, 0.000, 0.000, 26.1, 0.68213, 0.72226, 0.11301, -0.0137, 410, 100,
 11:50:27.529,d2:03:b8:43:8d:44, 2015-01-01 00:05:21.785, -0.176, 0.983, -0.066, 0, 0.244, -0.427, , , , , , , 94.021, 10.02, 8.438, 0.000, 0.000, 0.000, 26.1, 0.68213, 0.72226, 0.11301, -0.0137, 410, 100,
 11:50:27.529,d2:03:b8:43:8d:44, 2015-01-01 00:05:21.785, -0.169, 0.983, -0.065, 0.244, 0, 0.061, , , , , , , 94.021, 10.02, 8.438, 0.000, 0.000, 0.000, 26.1, 0.68213, 0.72226, 0.11301, -0.0137, 410, 100,
 11:50:27.529,d2:03:b8:43:8d:44, 2015-01-01 00:05:21.785, -0.17, 0.985, -0.068, 0, 0.061, 0.366, , , , , , , 94.021, 10.02, 8.438, 0.000, 0.000, 0.000, 26.1, 0.68213, 0.72226, 0.11301, -0.0137, 410, 100,
 11:50:27.530,d2:03:b8:43:8d:44, 2015-01-01 00:05:21.785, -0.176, 0.983, -0.065, 0, 0.183, -0.061, , , , , , , 94.016, 10.02, 8.438, 0.000, 0.000, 0.000, 26.1, 0.68213, 0.72226, 0.11301, -0.0137, 410, 100,
 11:50:27.530,d2:03:b8:43:8d:44, 2015-01-01 00:05:21.785, -0.174, 0.983, -0.066, 0.122, 0, -0.061, , , , , , , 94.016, 10.02, 8.438, 0.000, 0.000, 0.000, 26.1, 0.68213, 0.72226, 0.11301, -0.0137, 410, 100,
 11:50:27.530,d2:03:b8:43:8d:44, 2015-01-01 00:05:21.785, -0.178, 0.984, -0.068, -0.122, 0.244, 0.183, , , , , , , 94.016, 10.02, 8.438, 0.000, 0.000, 0.000, 26.1, 0.68213, 0.72226, 0.11301, -0.0137, 410, 100,
 11:50:27.531,d2:03:b8:43:8d:44, 2015-01-01 00:05:21.785, -0.176, 0.978, -0.063, 0.244, 0.183, 0.061, , , , , , , 94.016, 10.02, 8.438, 0.000, 0.000, 0.000, 26.1, 0.68213, 0.72226, 0.11301, -0.0137, 410, 100,
 11:50:27.531,d2:03:b8:43:8d:44, 2015-01-01 00:05:21.785, -0.17, 0.983, -0.068, 0.366, -0.122, 0.061, , , , , , , 94.016, 10.02, 8.438, 0.000, 0.000, 0.000, 26.1, 0.68213, 0.72226, 0.11301, -0.0137, 410, 100,
 11:50:27.531,d2:03:b8:43:8d:44, 2015-01-01 00:05:21.785, -0.177, 0.985, -0.069, 0, 0.366, 0.061, , , , , , , 94.016, 10.02, 8.438, 0.000, 0.000, 0.000, 26.1, 0.68213, 0.72226, 0.11301, -0.0137, 410, 100,
 11:50:27.532,d2:03:b8:43:8d:44, 2015-01-01 00:05:21.785, -0.171, 0.981, -0.066, 0.183, 0, -0.305, , , , , , , 94.016, 10.02, 8.438, 0.000, 0.000, 0.000, 26.1, 0.68213, 0.72226, 0.11301, -0.0137, 410, 100,
 11:50:27.551,d2:03:b8:43:8d:44, 2015-01-01 00:05:21.785, -0.173, 0.988, -0.07, -0.061, 0.122, 0, , , , , , , 94.016, 10.02, 8.438, 0.000, 0.000, 0.000, 26.1, 0.68213, 0.72226, 0.11301, -0.0137, 410, 100,
 11:50:27.552,d2:03:b8:43:8d:44, 2015-01-01 00:05:21.785, -0.171, 0.984, -0.065, 0, 0.183, 0.366, , , , , , , 94.016, 10.02, 8.438, 0.000, 0.000, 0.000, 26.1, 0.68219, 0.7222, 0.11301, -0.0137, 410, 100,
 11:50:27.552,d2:03:b8:43:8d:44, 2015-01-01 00:05:21.785, -0.161, 0.984, -0.066, 0.366, -0.122, 0.793, , , , , , , 94.016, 10.02, 8.438, 0.000, 0.000, 0.000, 26.1, 0.68219, 0.7222, 0.11301, -0.0137, 410, 100,
 11:50:27.553,d2:03:b8:43:8d:44, 2015-01-01 00:05:21.785, -0.175, 0.986, -0.071, -0.061, 0.488, 0.427, , , , , , , 94.016, 10.02, 8.438, 0.000, 0.000, 0.000, 26.1, 0.68219, 0.7222, 0.11301, -0.0137, 410, 100,
 11:50:27.553,d2:03:b8:43:8d:44, 2015-01-01 00:05:21.785, -0.178, 0.982, -0.067, 0.183, 0.122, -0.671, , , , , , , 94.016, 10.02, 8.438, 0.000, 0.000, 0.000, 26.1, 0.68219, 0.7222, 0.11301, -0.0137, 410, 100,
 11:50:27.553,d2:03:b8:43:8d:44, 2015-01-01 00:05:21.785, -0.177, 0.986, -0.07, 0.061, 0.122, 0.244, , , , , , , 94.016, 10.02, 8.438, 0.000, 0.000, 0.000, 26.1, 0.68219, 0.7222, 0.11301, -0.0137, 410, 100,
 11:50:27.554,d2:03:b8:43:8d:44, 2015-01-01 00:05:21.785, -0.176, 0.979, -0.067, 0, 0.244, 0.183, , , , , , , 94.016, 10.02, 8.438, 0.000, 0.000, 0.000, 26.1, 0.68219, 0.7222, 0.11301, -0.0137, 410, 100,
 11:50:27.554,d2:03:b8:43:8d:44, 2015-01-01 00:05:21.785, -0.172, 0.98, -0.067, 0.305, 0, -0.671, , , , , , , 94.016, 10.02, 8.438, 0.000, 0.000, 0.000, 26.1, 0.68219, 0.7222, 0.11301, -0.0137, 410, 100,
 11:50:27.554,d2:03:b8:43:8d:44, 2015-01-01 00:05:21.785, -0.175, 0.988, -0.071, -0.061, 0.305, -0.732, , , , , , , 94.016, 10.02, 8.438, 0.000, 0.000, 0.000, 26.1, 0.68219, 0.7222, 0.11301, -0.0137, 410, 100,
 11:50:27.555,d2:03:b8:43:8d:44, 2015-01-01 00:05:21.785, -0.172, 0.983, -0.066, -0.183, 0.061, -0.244, , , , , , , 94.016, 10.02, 8.438, 0.000, 0.000, 0.000, 26.1, 0.68219, 0.7222, 0.11301, -0.0137, 410, 100,
 11:50:27.555,d2:03:b8:43:8d:44, 2015-01-01 00:05:21.785, -0.168, 0.982, -0.065, 0.122, 0, 0.183, , , , , , , 94.016, 10.02, 8.438, 0.000, 0.000, 0.000, 26.1, 0.68219, 0.7222, 0.11301, -0.0137, 410, 100,
 11:50:27.555,d2:03:b8:43:8d:44, 2015-01-01 00:05:21.785, -0.173, 0.985, -0.067, 0.061, 0.122, 0.244, , , , , , , 94.016, 10.02, 8.438, 0.000, 0.000, 0.000, 26.1, 0.68219, 0.7222, 0.11301, -0.0137, 410, 100,
 11:50:27.572,d2:03:b8:43:8d:44, 2015-01-01 00:05:21.785, -0.177, 0.983, -0.066, 0.244, 0.183, 0.122, , , , , , , 94.016, 10.02, 8.438, 0.000, 0.000, 0.000, 26.1, 0.68219, 0.7222, 0.11301, -0.0137, 410, 100,
 11:50:27.572,d2:03:b8:43:8d:44, 2015-01-01 00:05:21.785, -0.173, 0.982, -0.067, 0.183, 0.061, 0.549, , , , , , , 94.01, 10.02, 8.438, 0.000, 0.000, 0.000, 26.1, 0.68219, 0.7222, 0.11301, -0.0137, 410, 100,
 11:50:27.572,d2:03:b8:43:8d:44, 2015-01-01 00:05:21.785, -0.179, 0.983, -0.068, -0.061, 0.244, 0.366, , , , , , , 94.01, 10.02, 8.438, 0.000, 0.000, 0.000, 26.1, 0.68219, 0.7222, 0.11301, -0.0137, 410, 100,
 11:50:27.572,d2:03:b8:43:8d:44, 2015-01-01 00:05:21.785, -0.177, 0.98, -0.066, 0.122, 0.061, -0.183, , , , , , , 94.01, 10.02, 8.438, 0.000, 0.000, 0.000, 26.1, 0.68219, 0.7222, 0.11301, -0.0137, 410, 100,
 11:50:27.595,d2:03:b8:43:8d:44, 2015-01-01 00:05:21.785, -0.173, 0.985, -0.069, 0, 0, 0.061, , , , , , , 94.01, 10.02, 8.438, 0.000, 0.000, 0.000, 26.1, 0.68219, 0.7222, 0.11301, -0.0137, 410, 100,
 11:50:27.595,d2:03:b8:43:8d:44, 2015-01-01 00:05:21.785, -0.172, 0.982, -0.067, -0.122, 0.183, 0.061, , , , , , , 94.01, 10.02, 8.438, 0.000, 0.000, 0.000, 26.1, 0.68219, 0.7222, 0.11301, -0.0137, 410, 100,
 11:50:27.596,d2:03:b8:43:8d:44, 2015-01-01 00:05:21.785, -0.17, 0.982, -0.064, 0.122, 0, -0.671, , , , , , , 94.01, 10.02, 8.438, 0.000, 0.000, 0.000, 26.1, 0.68219, 0.7222, 0.11301, -0.0137, 410, 100,
 11:50:27.596,d2:03:b8:43:8d:44, 2015-01-01 00:05:21.785, -0.172, 0.987, -0.067, -0.061, 0.122, 0, , , , , , , 94.01, 10.02, 8.438, 0.000, 0.000, 0.000, 26.1, 0.68219, 0.7222, 0.11301, -0.0137, 410, 100,
 11:50:27.597,d2:03:b8:43:8d:44, 2015-01-01 00:05:21.785, -0.17, 0.981, -0.064, 0.244, 0.061, 0.183, , , , , , , 94.01, 10.02, 8.438, 0.000, 0.000, 0.000, 26.1, 0.68219, 0.7222, 0.11301, -0.0137, 410, 100,
 11:50:27.597,d2:03:b8:43:8d:44, 2015-01-01 00:05:21.785, -0.173, 0.986, -0.068, 0.366, 0.061, 0.244, , , , , , , 94.01, 10.02, 8.438, 0.000, 0.000, 0.000, 26.1, 0.68219, 0.7222, 0.11301, -0.0137, 410, 100,
 11:50:27.598,d2:03:b8:43:8d:44, 2015-01-01 00:05:21.785, -0.175, 0.985, -0.07, 0, 0.244, 0.244, , , , , , , 94.01, 10.02, 8.438, 0.000, 0.000, 0.000, 26.1, 0.68219, 0.7222, 0.11301, -0.0137, 410, 100,
 11:50:27.598,d2:03:b8:43:8d:44, 2015-01-01 00:05:21.785, -0.178, 0.98, -0.068, 0.183, 0.122, 0, , , , , , , 94.01, 10.02, 8.438, 0.000, 0.000, 0.000, 26.1, 0.68219, 0.7222, 0.11301, -0.0137, 410, 100,
 11:50:27.598,d2:03:b8:43:8d:44, 2015-01-01 00:05:21.785, -0.175, 0.984, -0.07, 0.061, 0.061, 0, , , , , , , 94.01, 10.02, 8.438, 0.000, 0.000, 0.000, 26.1, 0.68219, 0.7222, 0.11301, -0.0137, 410, 100,
 11:50:27.598,d2:03:b8:43:8d:44, 2015-01-01 00:05:21.785, -0.174, 0.983, -0.07, 0, 0.122, 0, , , , , , , 94.01, 10.02, 8.438, 0.000, 0.000, 0.000, 26.1, 0.68219, 0.7222, 0.11301, -0.0137, 410, 100,
 11:50:27.599,d2:03:b8:43:8d:44, 2015-01-01 00:05:21.785, -0.17, 0.981, -0.067, 0.061, 0.061, -0.061, , , , , , , 94.01, 10.02, 8.438, 0.000, 0.000, 0.000, 26.1, 0.68219, 0.7222, 0.11301, -0.0137, 410, 100,
 11:50:27.599,d2:03:b8:43:8d:44, 2015-01-01 00:05:21.785, -0.171, 0.985, -0.068, -0.061, 0.061, -0.366, , , , , , , 94.01, 10.02, 8.438, 0.000, 0.000, 0.000, 26.1, 0.68219, 0.7222, 0.11301, -0.0137, 410, 100,
 11:50:27.600,d2:03:b8:43:8d:44, 2015-01-01 00:05:21.785, -0.173, 0.984, -0.066, -0.122, 0.244, -0.061, , , , , , , 94.01, 10.02, 8.438, 0.000, 0.000, 0.000, 26.1, 0.68219, 0.7222, 0.11301, -0.0137, 410, 100,
 11:50:27.600,d2:03:b8:43:8d:44, 2015-01-01 00:05:21.785, -0.17, 0.983, -0.064, 0.244, 0, 0.122, , , , , , , 94.01, 10.02, 8.438, 0.000, 0.000, 0.000, 26.1, 0.68219, 0.7222, 0.11301, -0.0137, 410, 100,
 11:50:27.601,d2:03:b8:43:8d:44, 2015-01-01 00:05:21.785, -0.171, 0.985, -0.069, 0.061, 0.061, 0.488, , , , , , , 94.01, 10.02, 8.438, 0.000, 0.000, 0.000, 26.1, 0.68219, 0.7222, 0.11301, -0.0137, 410, 100,
 11:50:27.601,d2:03:b8:43:8d:44, 2015-01-01 00:05:21.785, -0.178, 0.981, -0.065, 0.061, 0.366, 0.061, , , , , , , 94.01, 10.02, 8.438, 0.000, 0.000, 0.000, 26.1, 0.68219, 0.7222, 0.11301, -0.0137, 410, 100,
 11:50:27.601,d2:03:b8:43:8d:44, 2015-01-01 00:05:21.785, -0.175, 0.983, -0.067, 0.183, 0, -0.061, , , , , , , 94.01, 10.02, 8.438, 0.000, 0.000, 0.000, 26.1, 0.68219, 0.7222, 0.11301, -0.0137, 410, 100,
 11:50:27.602,d2:03:b8:43:8d:44, 2015-01-01 00:05:21.785, -0.18, 0.983, -0.068, -0.061, 0.366, 0.305, , , , , , , 94.01, 10.02, 8.438, 0.000, 0.000, 0.000, 26.1, 0.68219, 0.7222, 0.11301, -0.0137, 410, 100,
 11:50:27.602,d2:03:b8:43:8d:44, 2015-01-01 00:05:21.785, -0.172, 0.979, -0.065, 0.305, -0.061, -0.122, , , , , , , 94.01, 10.02, 8.438, 0.000, 0.000, 0.000, 26.1, 0.68219, 0.7222, 0.11301, -0.0137, 410, 100,
 11:50:27.603,d2:03:b8:43:8d:44, 2015-01-01 00:05:21.785, -0.17, 0.985, -0.071, 0.061, 0.122, 0.122, , , , , , , 94.005, 10.02, 8.438, 0.000, 0.000, 0.000, 26.1, 0.68219, 0.7222, 0.11301, -0.0137, 410, 100,
 11:50:27.603,d2:03:b8:43:8d:44, 2015-01-01 00:05:21.785, -0.175, 0.984, -0.067, -0.061, 0.244, -0.488, , , , , , , 94.005, 10.02, 8.438, 0.000, 0.000, 0.000, 26.1, 0.68219, 0.7222, 0.11301, -0.0137, 410, 100,
 11:50:27.603,d2:03:b8:43:8d:44, 2015-01-01 00:05:21.785, -0.169, 0.983, -0.065, 0.122, -0.061, -0.061, , , , , , , 94.005, 10.02, 8.438, 0.000, 0.000, 0.000, 26.1, 0.68219, 0.7222, 0.11301, -0.0137, 410, 100,
 11:50:27.604,d2:03:b8:43:8d:44, 2015-01-01 00:05:22.200, -0.172, 0.986, -0.068, -0.061, 0.305, 0.549, , , , , , , 94.005, 10.02, 8.438, 0.000, 0.000, 0.000, 26.1, 0.68219, 0.7222, 0.11301, -0.0137, 410, 100,
 11:50:27.604,d2:03:b8:43:8d:44, 2015-01-01 00:05:22.200, -0.171, 0.981, -0.065, 0.183, 0.061, 0.305, , , , , , , 94.005, 10.02, 8.438, 0.000, 0.000, 0.000, 26.1, 0.68219, 0.7222, 0.11301, -0.0137, 410, 100,
 11:50:27.604,d2:03:b8:43:8d:44, 2015-01-01 00:05:22.200, -0.173, 0.985, -0.068, 0.244, 0.122, 0.122, , , , , , , 94.005, 10.02, 8.438, 0.000, 0.000, 0.000, 26.1, 0.68219, 0.7222, 0.11301, -0.0137, 410, 100,
 11:50:27.695,d2:03:b8:43:8d:44, 2015-01-01 00:05:22.200, -0.18, 0.984, -0.069, -0.061, 0.305, -0.122, , , , , , , 94.005, 10.02, 8.438, 0.000, 0.000, 0.000, 26.1, 0.68219, 0.7222, 0.11301, -0.0137, 410, 100,
 11:50:27.869,d2:03:b8:43:8d:44, 2015-01-01 00:05:22.200, -0.174, 0.981, -0.065, 0.122, 0.061, -0.061, , , , , , , 94.005, 10.02, 8.438, 0.000, 0.000, 0.000, 26.1, 0.68219, 0.7222, 0.11301, -0.0137, 410, 100,
 11:50:27.869,d2:03:b8:43:8d:44, 2015-01-01 00:05:22.200, -0.174, 0.983, -0.069, 0.122, 0.061, 0.183, , , , , , , 94.005, 10.02, 8.438, 0.000, 0.000, 0.000, 26.1, 0.68219, 0.7222, 0.11301, -0.0137, 410, 100,
 11:50:27.869,d2:03:b8:43:8d:44, 2015-01-01 00:05:22.200, -0.173, 0.982, -0.068, 0, 0.061, -0.305, , , , , , , 94.005, 10.02, 8.438, 0.000, 0.000, 0.000, 26.1, 0.68219, 0.7222, 0.11301, -0.0137, 410, 100,
 11:50:27.870,d2:03:b8:43:8d:44, 2015-01-01 00:05:22.200, -0.173, 0.984, -0.068, 0.183, 0.061, -0.427, , , , , , , 94.005, 10.02, 8.438, 0.000, 0.000, 0.000, 26.1, 0.68219, 0.7222, 0.11301, -0.0137, 410, 100,
 11:50:27.870,d2:03:b8:43:8d:44, 2015-01-01 00:05:22.200, -0.17, 0.985, -0.069, 0, 0.061, 0.061, , , , , , , 94.005, 10.02, 8.438, 0.000, 0.000, 0.000, 26.1, 0.68219, 0.7222, 0.11301, -0.0137, 410, 100,
 11:50:27.871,d2:03:b8:43:8d:44, 2015-01-01 00:05:22.200, -0.175, 0.983, -0.066, 0, 0.244, 0, , , , , , , 94.005, 10.02, 8.438, 0.000, 0.000, 0.000, 26.1, 0.68219, 0.7222, 0.11301, -0.0137, 410, 100,
 11:50:27.871,d2:03:b8:43:8d:44, 2015-01-01 00:05:22.200, -0.171, 0.983, -0.066, 0.244, 0, 0.183, , , , , , , 94.005, 10.02, 8.438, 0.000, 0.000, 0.000, 26.1, 0.68219, 0.7222, 0.11301, -0.0137, 410, 100,
 11:50:27.871,d2:03:b8:43:8d:44, 2015-01-01 00:05:22.200, -0.175, 0.985, -0.069, 0, 0.244, 0.427, , , , , , , 94.005, 10.02, 8.438, 0.000, 0.000, 0.000, 26.1, 0.68219, 0.7222, 0.11301, -0.0137, 410, 100,
 11:50:27.872,d2:03:b8:43:8d:44, 2015-01-01 00:05:22.200, -0.175, 0.98, -0.066, 0.061, 0.061, 0.061, , , , , , , 94.005, 10.02, 8.438, 0.000, 0.000, 0.000, 26.1, 0.68219, 0.7222, 0.11301, -0.0137, 410, 100,
 11:50:27.872,d2:03:b8:43:8d:44, 2015-01-01 00:05:22.200, -0.176, 0.984, -0.067, 0.122, 0.183, -0.061, , , , , , , 94.005, 10.02, 8.438, 0.000, 0.000, 0.000, 26.1, 0.68219, 0.7222, 0.11301, -0.0137, 410, 100,
 11:50:27.872,d2:03:b8:43:8d:44, 2015-01-01 00:05:22.200, -0.177, 0.983, -0.068, -0.122, 0.122, -0.061, , , , , , , 94.005, 10.02, 8.438, 0.000, 0.000, 0.000, 26.1, 0.68219, 0.7222, 0.11301, -0.0137, 410, 100,
 11:50:27.872,d2:03:b8:43:8d:44, 2015-01-01 00:05:22.200, -0.17, 0.981, -0.064, 0.244, 0.061, -0.061, , , , , , , 94.005, 10.02, 8.438, 0.000, 0.000, 0.000, 26.1, 0.68219, 0.7222, 0.11301, -0.0137, 410, 100,
 11:50:27.873,d2:03:b8:43:8d:44, 2015-01-01 00:05:22.200, -0.17, 0.986, -0.069, 0.122, 0, 0.061, , , , , , , 94.005, 10.02, 8.438, 0.000, 0.000, 0.000, 26.1, 0.68219, 0.7222, 0.11301, -0.0137, 410, 100,
 11:50:27.873,d2:03:b8:43:8d:44, 2015-01-01 00:05:22.200, -0.173, 0.983, -0.068, 0, 0.183, -0.244, , , , , , , 94.005, 10.02, 8.438, 0.000, 0.000, 0.000, 26.1, 0.68219, 0.7222, 0.11301, -0.0137, 410, 100,
 11:50:27.873,d2:03:b8:43:8d:44, 2015-01-01 00:05:22.200, -0.173, 0.983, -0.067, 0.183, 0.061, -0.061, , , , , , , 94.005, 10.02, 8.438, 0.000, 0.000, 0.000, 26.1, 0.68219, 0.7222, 0.11301, -0.0137, 410, 100,
 11:50:27.874,d2:03:b8:43:8d:44, 2015-01-01 00:05:22.200, -0.173, 0.984, -0.069, 0, 0.061, 0.366, , , , , , , 94.005, 10.02, 8.438, 0.000, 0.000, 0.000, 26.1, 0.68219, 0.7222, 0.11301, -0.0137, 410, 100,
 11:50:27.875,d2:03:b8:43:8d:44, 2015-01-01 00:05:22.200, -0.177, 0.982, -0.068, 0.183, 0.183, 0, , , , , , , 94.005, 10.02, 8.438, 0.000, 0.000, 0.000, 26.1, 0.68219, 0.7222, 0.11301, -0.0137, 410, 100,
 11:50:27.875,d2:03:b8:43:8d:44, 2015-01-01 00:05:22.200, -0.172, 0.983, -0.07, 0.244, 0, 0.183, , , , , , , 93.999, 10.02, 8.438, 0.000, 0.000, 0.000, 26.1, 0.68219, 0.7222, 0.11301, -0.0137, 410, 100,
 11:50:27.937,d2:03:b8:43:8d:44, 2015-01-01 00:05:22.200, -0.176, 0.984, -0.07, 0, 0.244, 0.122, , , , , , , 93.999, 10.02, 8.438, 0.000, 0.000, 0.000, 26.1, 0.68219, 0.7222, 0.11301, -0.0137, 410, 100,
 11:50:28.173,d2:03:b8:43:8d:44, 2015-01-01 00:05:22.200, -0.173, 0.981, -0.068, 0, 0.122, 0, , , , , , , 93.999, 10.02, 8.438, 0.000, 0.000, 0.000, 26.1, 0.68219, 0.7222, 0.11301, -0.0137, 410, 100,
 11:50:28.191,d2:03:b8:43:8d:44, 2015-01-01 00:05:22.615, -0.169, 0.985, -0.068, 0, 0, 0, , , , , , , 93.999, 10.02, 8.438, 0.000, 0.000, 0.000, 26.1, 0.68222, 0.72214, 0.11301, -0.01367, 410, 100,
 11:50:28.191,d2:03:b8:43:8d:44, 2015-01-01 00:05:22.615, -0.173, 0.985, -0.067, -0.244, 0.244, 0.183, , , , , , , 93.999, 10.02, 8.438, 0.000, 0.000, 0.000, 26.1, 0.68222, 0.72214, 0.11301, -0.01367, 410, 100,
 11:50:28.192,d2:03:b8:43:8d:44, 2015-01-01 00:05:22.615, -0.172, 0.982, -0.063, 0.061, 0.061, -0.305, , , , , , , 93.999, 10.02, 8.438, 0.000, 0.000, 0.000, 26.1, 0.68222, 0.72214, 0.11301, -0.01367, 410, 100,
 11:50:28.192,d2:03:b8:43:8d:44, 2015-01-01 00:05:22.615, -0.175, 0.986, -0.066, 0, 0.122, 0, , , , , , , 93.999, 10.02, 8.438, 0.000, 0.000, 0.000, 26.1, 0.68222, 0.72214, 0.11301, -0.01367, 410, 100,
 11:50:28.192,d2:03:b8:43:8d:44, 2015-01-01 00:05:22.615, -0.176, 0.981, -0.063, 0.061, 0.244, -0.061, , , , , , , 93.999, 10.02, 8.438, 0.000, 0.000, 0.000, 26.1, 0.68222, 0.72214, 0.11301, -0.01367, 410, 100,
 11:50:28.192,d2:03:b8:43:8d:44, 2015-01-01 00:05:22.615, -0.171, 0.982, -0.064, 0.427, 0, -0.061, , , , , , , 93.999, 10.02, 8.438, 0.000, 0.000, 0.000, 26.1, 0.68222, 0.72214, 0.11301, -0.01367, 410, 100,
 11:50:28.192,d2:03:b8:43:8d:44, 2015-01-01 00:05:22.615, -0.174, 0.986, -0.07, 0, 0.305, 0.122, , , , , , , 93.999, 10.02, 8.438, 0.000, 0.000, 0.000, 26.1, 0.68222, 0.72214, 0.11301, -0.01367, 410, 100,
 11:50:28.193,d2:03:b8:43:8d:44, 2015-01-01 00:05:22.615, -0.174, 0.98, -0.065, 0.061, 0.122, -0.122, , , , , , , 93.999, 10.02, 8.438, 0.000, 0.000, 0.000, 26.1, 0.68222, 0.72214, 0.11301, -0.01367, 410, 100,
 11:50:28.193,d2:03:b8:43:8d:44, 2015-01-01 00:05:22.615, -0.171, 0.983, -0.07, 0.061, 0, 0.061, , , , , , , 93.999, 10.02, 8.438, 0.000, 0.000, 0.000, 26.1, 0.68222, 0.72214, 0.11301, -0.01367, 410, 100,
 11:50:28.193,d2:03:b8:43:8d:44, 2015-01-01 00:05:22.615, -0.18, 0.985, -0.069, 0, 0.366, -0.122, , , , , , , 93.999, 10.02, 8.438, 0.000, 0.000, 0.000, 26.1, 0.68222, 0.72214, 0.11301, -0.01367, 410, 100,
 11:50:28.193,d2:03:b8:43:8d:44, 2015-01-01 00:05:22.615, -0.173, 0.983, -0.068, 0.244, -0.061, 0, , , , , , , 93.999, 10.02, 8.438, 0.000, 0.000, 0.000, 26.1, 0.68222, 0.72214, 0.11301, -0.01367, 410, 100,
 11:50:28.193,d2:03:b8:43:8d:44, 2015-01-01 00:05:22.615, -0.175, 0.985, -0.071, 0, 0.244, 0.061, , , , , , , 93.999, 10.02, 8.438, 0.000, 0.000, 0.000, 26.1, 0.68222, 0.72214, 0.11301, -0.01367, 410, 100,
 11:50:28.193,d2:03:b8:43:8d:44, 2015-01-01 00:05:22.615, -0.177, 0.982, -0.068, 0, 0.122, -0.061, , , , , , , 93.999, 10.02, 8.438, 0.000, 0.000, 0.000, 26.1, 0.68222, 0.72214, 0.11301, -0.01367, 410, 100,
 11:50:28.194,d2:03:b8:43:8d:44, 2015-01-01 00:05:22.615, -0.17, 0.982, -0.067, 0.122, 0, 0, , , , , , , 93.999, 10.02, 8.438, 0.000, 0.000, 0.000, 26.1, 0.68222, 0.72214, 0.11301, -0.01367, 410, 100,
 11:50:28.194,d2:03:b8:43:8d:44, 2015-01-01 00:05:22.615, -0.17, 0.985, -0.068, 0, 0.122, 0.427, , , , , , , 93.999, 10.02, 8.438, 0.000, 0.000, 0.000, 26.1, 0.68222, 0.72214, 0.11301, -0.01367, 410, 100,
 11:50:28.194,d2:03:b8:43:8d:44, 2015-01-01 00:05:22.615, -0.168, 0.983, -0.066, 0, 0.061, 0, , , , , , , 93.999, 10.02, 8.438, 0.000, 0.000, 0.000, 26.1, 0.68222, 0.72214, 0.11301, -0.01367, 410, 100,
 11:50:28.195,d2:03:b8:43:8d:44, 2015-01-01 00:05:22.615, -0.171, 0.985, -0.067, 0, 0.244, 0.244, , , , , , , 93.999, 10.02, 8.438, 0.000, 0.000, 0.000, 26.1, 0.68222, 0.72214, 0.11301, -0.01367, 410, 100,
 11:50:28.195,d2:03:b8:43:8d:44, 2015-01-01 00:05:22.615, -0.174, 0.984, -0.067, 0, 0.122, 0.122, , , , , , , 93.999, 10.02, 8.438, 0.000, 0.000, 0.000, 26.1, 0.68222, 0.72214, 0.11301, -0.01367, 410, 100,
 11:50:28.195,d2:03:b8:43:8d:44, 2015-01-01 00:05:22.615, -0.177, 0.982, -0.065, 0.244, 0.183, 0, , , , , , , 93.999, 10.02, 8.438, 0.000, 0.000, 0.000, 26.1, 0.68222, 0.72214, 0.11301, -0.01367, 410, 100,
 11:50:28.195,d2:03:b8:43:8d:44, 2015-01-01 00:05:22.615, -0.172, 0.983, -0.068, 0.122, 0, 0.122, , , , , , , 93.999, 10.02, 8.438, 0.000, 0.000, 0.000, 26.1, 0.68222, 0.72214, 0.11301, -0.01367, 410, 100,
 11:50:28.195,d2:03:b8:43:8d:44, 2015-01-01 00:05:22.615, -0.177, 0.982, -0.068, 0, 0.244, -0.183, , , , , , , 93.999, 10.02, 8.438, 0.000, 0.000, 0.000, 26.1, 0.68222, 0.72214, 0.11301, -0.01367, 410, 100,
 11:50:28.196,d2:03:b8:43:8d:44, 2015-01-01 00:05:22.615, -0.175, 0.982, -0.067, 0.122, 0.061, -0.732, , , , , , , 93.999, 10.02, 8.438, 0.000, 0.000, 0.000, 26.1, 0.68222, 0.72214, 0.11301, -0.01367, 410, 100,
 11:50:28.196,d2:03:b8:43:8d:44, 2015-01-01 00:05:22.615, -0.172, 0.985, -0.069, 0, 0.122, -0.183, , , , , , , 93.999, 10.02, 8.438, 0.000, 0.000, 0.000, 26.1, 0.68222, 0.72214, 0.11301, -0.01367, 410, 100,
 11:50:28.196,d2:03:b8:43:8d:44, 2015-01-01 00:05:22.615, -0.175, 0.982, -0.066, 0, 0.122, -0.061, , , , , , , 93.999, 10.02, 8.438, 0.000, 0.000, 0.000, 26.1, 0.68222, 0.72214, 0.11301, -0.01367, 410, 100,
 11:50:28.197,d2:03:b8:43:8d:44, 2015-01-01 00:05:22.615, -0.169, 0.983, -0.067, 0.244, 0, -0.061, , , , , , , 93.999, 10.02, 8.438, 0.000, 0.000, 0.000, 26.1, 0.68222, 0.72214, 0.11301, -0.01367, 410, 100,
 11:50:28.197,d2:03:b8:43:8d:44, 2015-01-01 00:05:22.615, -0.175, 0.986, -0.07, -0.061, 0.244, 0.183, , , , , , , 93.999, 10.02, 8.438, 0.000, 0.000, 0.000, 26.1, 0.68222, 0.72214, 0.11301, -0.01367, 410, 100,
 11:50:28.197,d2:03:b8:43:8d:44, 2015-01-01 00:05:22.615, -0.174, 0.981, -0.066, 0.061, 0.183, 0.122, , , , , , , 93.999, 10.02, 8.438, 0.000, 0.000, 0.000, 26.1, 0.68222, 0.72214, 0.11301, -0.01367, 410, 100,
 11:50:28.197,d2:03:b8:43:8d:44, 2015-01-01 00:05:22.615, -0.176, 0.985, -0.067, 0.061, 0.122, 0.366, , , , , , , 93.994, 10.02, 8.438, 0.000, 0.000, 0.000, 26.1, 0.68222, 0.72214, 0.11301, -0.01367, 410, 100,
 11:50:28.198,d2:03:b8:43:8d:44, 2015-01-01 00:05:22.615, -0.175, 0.983, -0.068, 0, 0.061, 0.488, , , , , , , 93.994, 10.02, 8.438, 0.000, 0.000, 0.000, 26.1, 0.68222, 0.72214, 0.11301, -0.01367, 410, 100,
 11:50:28.198,d2:03:b8:43:8d:44, 2015-01-01 00:05:22.615, -0.174, 0.982, -0.066, 0.122, 0.183, 0, , , , , , , 93.994, 10.02, 8.438, 0.000, 0.000, 0.000, 26.1, 0.68222, 0.72214, 0.11301, -0.01367, 410, 100,
 11:50:28.214,d2:03:b8:43:8d:44, 2015-01-01 00:05:22.615, -0.174, 0.982, -0.069, 0, 0.061, -0.061, , , , , , , 93.994, 10.02, 8.438, 0.000, 0.000, 0.000, 26.1, 0.68222, 0.72214, 0.11301, -0.01367, 410, 100,
 11:50:28.214,d2:03:b8:43:8d:44, 2015-01-01 00:05:22.615, -0.175, 0.982, -0.067, 0, 0.244, -0.427, , , , , , , 93.994, 10.02, 8.438, 0.000, 0.000, 0.000, 26.1, 0.68222, 0.72214, 0.11301, -0.01367, 410, 100,
 11:50:28.215,d2:03:b8:43:8d:44, 2015-01-01 00:05:22.615, -0.171, 0.983, -0.066, 0.183, 0, -0.061, , , , , , , 93.994, 10.02, 8.438, 0.000, 0.000, 0.000, 26.1, 0.68222, 0.72214, 0.11301, -0.01367, 410, 100,
 11:50:28.215,d2:03:b8:43:8d:44, 2015-01-01 00:05:22.615, -0.169, 0.985, -0.069, 0, 0.061, 0.061, , , , , , , 93.994, 10.02, 8.438, 0.000, 0.000, 0.000, 26.1, 0.68222, 0.72214, 0.11301, -0.01367, 410, 100,
 11:50:28.216,d2:03:b8:43:8d:44, 2015-01-01 00:05:22.615, -0.176, 0.983, -0.067, 0, 0.244, -0.061, , , , , , , 93.994, 10.02, 8.438, 0.000, 0.000, 0.000, 26.1, 0.68222, 0.72214, 0.11301, -0.01367, 410, 100,
 11:50:28.216,d2:03:b8:43:8d:44, 2015-01-01 00:05:22.615, -0.171, 0.984, -0.067, 0.122, 0, -0.122, , , , , , , 93.994, 10.02, 8.438, 0.000, 0.000, 0.000, 26.1, 0.68222, 0.72214, 0.11301, -0.01367, 410, 100,
 11:50:28.217,d2:03:b8:43:8d:44, 2015-01-01 00:05:22.615, -0.177, 0.984, -0.068, -0.061, 0.305, 0.366, , , , , , , 93.994, 10.02, 8.438, 0.000, 0.000, 0.000, 26.1, 0.68222, 0.72214, 0.11301, -0.01367, 410, 100,
 11:50:28.217,d2:03:b8:43:8d:44, 2015-01-01 00:05:22.615, -0.172, 0.98, -0.065, 0.183, 0.061, 0.061, , , , , , , 93.994, 10.02, 8.438, 0.000, 0.000, 0.000, 26.1, 0.68222, 0.72214, 0.11301, -0.01367, 410, 100,
 11:50:28.217,d2:03:b8:43:8d:44, 2015-01-01 00:05:22.615, -0.174, 0.985, -0.069, 0.183, 0.122, 0.122, , , , , , , 93.994, 10.02, 8.438, 0.000, 0.000, 0.000, 26.1, 0.68222, 0.72214, 0.11301, -0.01367, 410, 100,
 11:50:28.218,d2:03:b8:43:8d:44, 2015-01-01 00:05:22.615, -0.175, 0.983, -0.069, -0.122, 0.244, 0.183, , , , , , , 93.994, 10.02, 8.438, 0.000, 0.000, 0.000, 26.1, 0.68222, 0.72214, 0.11301, -0.01367, 410, 100,
 11:50:28.218,d2:03:b8:43:8d:44, 2015-01-01 00:05:22.615, -0.172, 0.981, -0.066, 0.183, 0, -0.061, , , , , , , 93.994, 10.02, 8.438, 0.000, 0.000, 0.000, 26.1, 0.68222, 0.72214, 0.11301, -0.01367, 410, 100,
 11:50:28.219,d2:03:b8:43:8d:44, 2015-01-01 00:05:22.615, -0.173, 0.985, -0.07, 0, 0.122, 0.122, , , , , , , 93.994, 10.02, 8.438, 0.000, 0.000, 0.000, 26.1, 0.68222, 0.72214, 0.11301, -0.01367, 410, 100,
 11:50:28.219,d2:03:b8:43:8d:44, 2015-01-01 00:05:22.615, -0.173, 0.981, -0.066, 0.122, 0.183, -0.305, , , , , , , 93.994, 10.02, 8.438, 0.000, 0.000, 0.000, 26.1, 0.68222, 0.72214, 0.11301, -0.01367, 410, 100,
 11:50:28.220,d2:03:b8:43:8d:44, 2015-01-01 00:05:22.615, -0.172, 0.984, -0.069, 0.122, 0, 0.183, , , , , , , 93.994, 10.02, 8.438, 0.000, 0.000, 0.000, 26.1, 0.68222, 0.72214, 0.11301, -0.01367, 410, 100,
 11:50:28.220,d2:03:b8:43:8d:44, 2015-01-01 00:05:22.615, -0.173, 0.982, -0.069, -0.122, 0.244, 0.122, , , , , , , 93.994, 10.02, 8.438, 0.000, 0.000, 0.000, 26.1, 0.68222, 0.72214, 0.11301, -0.01367, 410, 100,
 11:50:28.221,d2:03:b8:43:8d:44, 2015-01-01 00:05:22.615, -0.177, 0.98, -0.067, 0.122, 0.122, -0.183, , , , , , , 93.994, 10.02, 8.438, 0.000, 0.000, 0.000, 26.1, 0.68222, 0.72214, 0.11301, -0.01367, 410, 100,
 11:50:28.221,d2:03:b8:43:8d:44, 2015-01-01 00:05:22.615, -0.179, 0.986, -0.069, 0.122, 0.061, -0.488, , , , , , , 93.994, 10.02, 8.438, 0.000, 0.000, 0.000, 26.1, 0.68222, 0.72214, 0.11301, -0.01367, 410, 100,
 11:50:28.221,d2:03:b8:43:8d:44, 2015-01-01 00:05:22.615, -0.175, 0.983, -0.067, 0, 0.183, 0.366, , , , , , , 93.994, 10.02, 8.438, 0.000, 0.000, 0.000, 26.1, 0.68222, 0.72214, 0.11301, -0.01367, 410, 100,
 11:50:28.221,d2:03:b8:43:8d:44, 2015-01-01 00:05:22.615, -0.169, 0.98, -0.066, 0, 0, 0.366, , , , , , , 93.994, 10.02, 8.438, 0.000, 0.000, 0.000, 26.1, 0.68222, 0.72214, 0.11301, -0.01367, 410, 100,
 11:50:28.222,d2:03:b8:43:8d:44, 2015-01-01 00:05:22.615, -0.175, 0.984, -0.067, -0.061, 0.244, -0.366, , , , , , , 93.994, 10.02, 8.438, 0.000, 0.000, 0.000, 26.1, 0.68222, 0.72214, 0.11301, -0.01367, 410, 100,
 11:50:28.222,d2:03:b8:43:8d:44, 2015-01-01 00:05:22.615, -0.174, 0.985, -0.064, -0.061, 0.061, -0.183, , , , , , , 93.994, 10.02, 8.438, 0.000, 0.000, 0.000, 26.1, 0.68222, 0.72214, 0.11301, -0.01367, 410, 100,
 11:50:28.222,d2:03:b8:43:8d:44, 2015-01-01 00:05:22.615, -0.167, 0.984, -0.063, 0.244, 0, 0.732, , , , , , , 93.994, 10.02, 8.438, 0.000, 0.000, 0.000, 26.1, 0.68222, 0.72214, 0.11301, -0.01367, 410, 100,
 11:50:28.222,d2:03:b8:43:8d:44, 2015-01-01 00:05:22.615, -0.17, 0.984, -0.068, 0.183, 0.122, 0.488, , , , , , , 93.994, 10.02, 8.438, 0.000, 0.000, 0.000, 26.1, 0.68222, 0.72214, 0.11301, -0.01367, 410, 100,
 11:50:28.222,d2:03:b8:43:8d:44, 2015-01-01 00:05:22.615, -0.175, 0.982, -0.067, 0.244, 0.244, -0.366, , , , , , , 93.994, 10.02, 8.438, 0.000, 0.000, 0.000, 26.1, 0.68222, 0.72214, 0.11301, -0.01367, 410, 100,
 11:50:28.222,d2:03:b8:43:8d:44, 2015-01-01 00:05:22.615, -0.173, 0.985, -0.069, 0.122, 0.061, 0.122, , , , , , , 93.994, 10.02, 8.438, 0.000, 0.000, 0.000, 26.1, 0.68222, 0.72214, 0.11301, -0.01367, 410, 100,
 11:50:28.223,d2:03:b8:43:8d:44, 2015-01-01 00:05:22.615, -0.172, 0.983, -0.071, 0, 0.122, 0.305, , , , , , , 93.994, 10.02, 8.438, 0.000, 0.000, 0.000, 26.1, 0.68222, 0.72214, 0.11301, -0.01367, 410, 100,
 11:50:28.223,d2:03:b8:43:8d:44, 2015-01-01 00:05:22.615, -0.176, 0.98, -0.067, 0.122, 0.122, -0.122, , , , , , , 93.994, 10.02, 8.438, 0.000, 0.000, 0.000, 26.1, 0.68222, 0.72214, 0.11301, -0.01367, 410, 100,
 11:50:28.223,d2:03:b8:43:8d:44, 2015-01-01 00:05:22.615, -0.177, 0.984, -0.071, 0, 0, -0.488, , , , , , , 93.994, 10.014, 8.438, 0.000, 0.000, 0.000, 26.1, 0.68222, 0.72214, 0.11301, -0.01367, 410, 100,
 11:50:28.223,d2:03:b8:43:8d:44, 2015-01-01 00:05:22.615, -0.179, 0.981, -0.067, -0.061, 0.244, -0.366, , , , , , , 93.994, 10.014, 8.438, 0.000, 0.000, 0.000, 26.1, 0.68222, 0.72214, 0.11301, -0.01367, 410, 100,
 11:50:28.223,d2:03:b8:43:8d:44, 2015-01-01 00:05:22.615, -0.175, 0.981, -0.067, 0.183, 0, -0.549, , , , , , , 93.994, 10.02, 8.438, 0.000, 0.000, 0.000, 26.1, 0.68222, 0.72214, 0.11301, -0.01367, 410, 100,
 11:50:28.224,d2:03:b8:43:8d:44, 2015-01-01 00:05:22.615, -0.174, 0.986, -0.068, 0, 0.122, -0.183, , , , , , , 93.994, 10.02, 8.438, 0.000, 0.000, 0.000, 26.1, 0.68222, 0.72214, 0.11301, -0.01367, 410, 100,
 11:50:28.224,d2:03:b8:43:8d:44, 2015-01-01 00:05:22.615, -0.169, 0.984, -0.065, 0, 0, 0.427, , , , , , , 93.994, 10.02, 8.438, 0.000, 0.000, 0.000, 26.1, 0.68222, 0.72214, 0.11301, -0.01367, 410, 100,
 11:50:28.240,d2:03:b8:43:8d:44, 2015-01-01 00:05:22.615, -0.167, 0.984, -0.064, 0.061, 0.122, 0.61, , , , , , , 93.994, 10.02, 8.438, 0.000, 0.000, 0.000, 26.1, 0.68222, 0.72214, 0.11301, -0.01367, 410, 100,
 11:50:28.241,d2:03:b8:43:8d:44, 2015-01-01 00:05:22.615, -0.174, 0.985, -0.066, -0.122, 0.183, 0.427, , , , , , , 93.988, 10.02, 8.438, 0.000, 0.000, 0.000, 26.1, 0.68222, 0.72214, 0.11301, -0.01367, 410, 100,
 11:50:28.242,d2:03:b8:43:8d:44, 2015-01-01 00:05:22.615, -0.174, 0.983, -0.065, 0.061, 0.183, 0.366, , , , , , , 93.988, 10.02, 8.438, 0.000, 0.000, 0.000, 26.1, 0.68222, 0.72214, 0.11301, -0.01367, 410, 100,
 11:50:28.242,d2:03:b8:43:8d:44, 2015-01-01 00:05:22.615, -0.174, 0.982, -0.067, 0.183, 0.183, 0.854, , , , , , , 93.988, 10.014, 8.438, 0.000, 0.000, 0.000, 26.1, 0.68222, 0.72214, 0.11301, -0.01367, 410, 100,
 11:50:28.448,d2:03:b8:43:8d:44, 2015-01-01 00:05:22.615, -0.176, 0.981, -0.07, 0.183, 0.122, 0.061, , , , , , , 93.988, 10.014, 8.438, 0.000, 0.000, 0.000, 26.1, 0.68222, 0.72214, 0.11301, -0.01367, 410, 100,
 11:50:28.534,d2:03:b8:43:8d:44, 2015-01-01 00:05:22.615, -0.179, 0.982, -0.07, 0.366, 0.183, -0.671, , , , , , , 93.988, 10.014, 8.438, 0.000, 0.000, 0.000, 26.1, 0.68228, 0.72211, 0.11301, -0.01367, 410, 100,
 11:50:28.534,d2:03:b8:43:8d:44, 2015-01-01 00:05:23.065, -0.171, 0.984, -0.073, 0.061, 0, -0.488, , , , , , , 93.988, 10.014, 8.438, 0.000, 0.000, 0.000, 26.1, 0.68228, 0.72211, 0.11301, -0.01367, 410, 100,
 11:50:28.534,d2:03:b8:43:8d:44, 2015-01-01 00:05:23.065, -0.172, 0.983, -0.071, -0.061, 0.244, -0.305, , , , , , , 93.988, 10.014, 8.438, 0.000, 0.000, 0.000, 26.1, 0.68228, 0.72211, 0.11301, -0.01367, 410, 100,
 11:50:28.578,d2:03:b8:43:8d:44, 2015-01-01 00:05:23.065, -0.167, 0.983, -0.069, 0, -0.061, -0.366, , , , , , , 93.988, 10.014, 8.438, 0.000, 0.000, 0.000, 26.1, 0.68228, 0.72211, 0.11301, -0.01367, 410, 100,
 11:50:28.579,d2:03:b8:43:8d:44, 2015-01-01 00:05:23.065, -0.172, 0.987, -0.071, -0.122, 0.244, 0, , , , , , , 93.988, 10.014, 8.438, 0.000, 0.000, 0.000, 26.1, 0.68228, 0.72211, 0.11301, -0.01367, 410, 100,
 11:50:28.579,d2:03:b8:43:8d:44, 2015-01-01 00:05:23.065, -0.174, 0.983, -0.066, 0.061, 0.122, 0.244, , , , , , , 93.988, 10.014, 8.438, 0.000, 0.000, 0.000, 26.1, 0.68228, 0.72211, 0.11301, -0.01367, 410, 100,
 11:50:28.580,d2:03:b8:43:8d:44, 2015-01-01 00:05:23.065, -0.173, 0.984, -0.068, 0.122, 0.061, 0.427, , , , , , , 93.988, 10.014, 8.438, 0.000, 0.000, 0.000, 26.1, 0.68228, 0.72211, 0.11301, -0.01367, 410, 100,
 11:50:28.580,d2:03:b8:43:8d:44, 2015-01-01 00:05:23.065, -0.183, 0.983, -0.066, 0, 0.366, 0.366, , , , , , , 93.988, 10.014, 8.438, 0.000, 0.000, 0.000, 26.1, 0.68228, 0.72211, 0.11301, -0.01367, 410, 100,
 11:50:28.581,d2:03:b8:43:8d:44, 2015-01-01 00:05:23.065, -0.176, 0.98, -0.064, 0.183, 0, 0, , , , , , , 93.988, 10.014, 8.438, 0.000, 0.000, 0.000, 26.1, 0.68228, 0.72211, 0.11301, -0.01367, 410, 100,
 11:50:28.581,d2:03:b8:43:8d:44, 2015-01-01 00:05:23.065, -0.177, 0.984, -0.067, 0, 0.244, 0.366, , , , , , , 93.988, 10.014, 8.438, 0.000, 0.000, 0.000, 26.1, 0.68228, 0.72211, 0.11301, -0.01367, 410, 100,
 11:50:28.581,d2:03:b8:43:8d:44, 2015-01-01 00:05:23.065, -0.174, 0.981, -0.064, -0.061, 0, -0.366, , , , , , , 93.988, 10.014, 8.438, 0.000, 0.000, 0.000, 26.1, 0.68228, 0.72211, 0.11301, -0.01367, 410, 100,
 11:50:28.581,d2:03:b8:43:8d:44, 2015-01-01 00:05:23.065, -0.173, 0.983, -0.064, 0.122, 0.061, -0.488, , , , , , , 93.988, 10.014, 8.438, 0.000, 0.000, 0.000, 26.1, 0.68228, 0.72211, 0.11301, -0.01367, 410, 100,
 11:50:28.581,d2:03:b8:43:8d:44, 2015-01-01 00:05:23.065, -0.169, 0.984, -0.066, 0, 0, 0, , , , , , , 93.988, 10.014, 8.438, 0.000, 0.000, 0.000, 26.1, 0.68228, 0.72211, 0.11301, -0.01367, 410, 100,
 11:50:28.582,d2:03:b8:43:8d:44, 2015-01-01 00:05:23.065, -0.17, 0.982, -0.065, 0.244, 0.183, 0, , , , , , , 93.988, 10.014, 8.438, 0.000, 0.000, 0.000, 26.1, 0.68228, 0.72211, 0.11301, -0.01367, 410, 100,
 11:50:28.582,d2:03:b8:43:8d:44, 2015-01-01 00:05:23.065, -0.171, 0.984, -0.068, 0.244, 0, 0, , , , , , , 93.988, 10.014, 8.438, 0.000, 0.000, 0.000, 26.1, 0.68228, 0.72211, 0.11301, -0.01367, 410, 100,
 11:50:28.583,d2:03:b8:43:8d:44, 2015-01-01 00:05:23.065, -0.175, 0.986, -0.071, 0.122, 0.244, 0.305, , , , , , , 93.988, 10.014, 8.438, 0.000, 0.000, 0.000, 26.1, 0.68228, 0.72211, 0.11301, -0.01367, 410, 100,
 11:50:28.583,d2:03:b8:43:8d:44, 2015-01-01 00:05:23.065, -0.176, 0.982, -0.07, 0.122, 0.061, 0.427, , , , , , , 93.988, 10.014, 8.438, 0.000, 0.000, 0.000, 26.1, 0.68228, 0.72211, 0.11301, -0.01367, 410, 100,
 11:50:28.583,d2:03:b8:43:8d:44, 2015-01-01 00:05:23.065, -0.175, 0.982, -0.071, 0.061, 0.122, 0.305, , , , , , , 93.988, 10.014, 8.438, 0.000, 0.000, 0.000, 26.1, 0.68228, 0.72211, 0.11301, -0.01367, 410, 100,
 11:50:28.583,d2:03:b8:43:8d:44, 2015-01-01 00:05:23.065, -0.179, 0.983, -0.071, -0.061, 0.183, 0, , , , , , , 93.988, 10.014, 8.438, 0.000, 0.000, 0.000, 26.1, 0.68228, 0.72211, 0.11301, -0.01367, 410, 100,
 11:50:28.583,d2:03:b8:43:8d:44, 2015-01-01 00:05:23.065, -0.171, 0.982, -0.068, 0, 0.061, -0.244, , , , , , , 93.988, 10.014, 8.438, 0.000, 0.000, 0.000, 26.1, 0.68228, 0.72211, 0.11301, -0.01367, 410, 100,
 11:50:28.583,d2:03:b8:43:8d:44, 2015-01-01 00:05:23.065, -0.171, 0.985, -0.069, -0.061, 0.122, 0.061, , , , , , , 93.988, 10.014, 8.438, 0.000, 0.000, 0.000, 26.1, 0.68228, 0.72211, 0.11301, -0.01367, 410, 100,
 11:50:28.612,d2:03:b8:43:8d:44, 2015-01-01 00:05:23.065, -0.17, 0.983, -0.066, 0, 0, -0.366, , , , , , , 93.988, 10.014, 8.438, 0.000, 0.000, 0.000, 26.1, 0.68228, 0.72211, 0.11301, -0.01367, 410, 100,
 11:50:28.612,d2:03:b8:43:8d:44, 2015-01-01 00:05:23.065, -0.171, 0.986, -0.064, 0.122, 0.061, -0.244, , , , , , , 93.988, 10.014, 8.438, 0.000, 0.000, 0.000, 26.1, 0.68228, 0.72211, 0.11301, -0.01367, 410, 100,
 11:50:28.613,d2:03:b8:43:8d:44, 2015-01-01 00:05:23.065, -0.172, 0.985, -0.066, -0.122, 0.122, 0.305, , , , , , , 93.988, 10.014, 8.438, 0.000, 0.000, 0.000, 26.1, 0.68228, 0.72211, 0.11301, -0.01367, 410, 100,
 11:50:28.613,d2:03:b8:43:8d:44, 2015-01-01 00:05:23.065, -0.176, 0.982, -0.063, 0.122, 0.183, 0, , , , , , , 93.988, 10.014, 8.438, 0.000, 0.000, 0.000, 26.1, 0.68228, 0.72211, 0.11301, -0.01367, 410, 100,
 11:50:28.614,d2:03:b8:43:8d:44, 2015-01-01 00:05:23.065, -0.177, 0.983, -0.066, 0.183, 0.061, 0.122, , , , , , , 93.988, 10.014, 8.438, 0.000, 0.000, 0.000, 26.1, 0.68228, 0.72211, 0.11301, -0.01367, 410, 100,
 11:50:28.614,d2:03:b8:43:8d:44, 2015-01-01 00:05:23.065, -0.178, 0.982, -0.067, 0.061, 0.244, 0.061, , , , , , , 93.988, 10.014, 8.438, 0.000, 0.000, 0.000, 26.1, 0.68228, 0.72211, 0.11301, -0.01367, 410, 100,
 11:50:28.643,d2:03:b8:43:8d:44, 2015-01-01 00:05:23.065, -0.177, 0.981, -0.066, 0.244, 0.061, 0, , , , , , , 93.988, 10.014, 8.438, 0.000, 0.000, 0.000, 26.1, 0.68228, 0.72211, 0.11301, -0.01367, 410, 100,
 11:50:28.643,d2:03:b8:43:8d:44, 2015-01-01 00:05:23.065, -0.173, 0.983, -0.069, 0.061, 0.061, -0.122, , , , , , , 93.988, 10.014, 8.438, 0.000, 0.000, 0.000, 26.1, 0.68228, 0.72211, 0.11301, -0.01367, 410, 100,
 11:50:28.644,d2:03:b8:43:8d:44, 2015-01-01 00:05:23.065, -0.177, 0.984, -0.069, 0, 0.244, -0.183, , , , , , , 93.988, 10.014, 8.438, 0.000, 0.000, 0.000, 26.1, 0.68228, 0.72211, 0.11301, -0.01367, 410, 100,
 11:50:28.644,d2:03:b8:43:8d:44, 2015-01-01 00:05:23.065, -0.169, 0.983, -0.068, 0.061, 0, 0, , , , , , , 93.988, 10.014, 8.438, 0.000, 0.000, 0.000, 26.1, 0.68228, 0.72211, 0.11301, -0.01367, 410, 100,
 11:50:28.644,d2:03:b8:43:8d:44, 2015-01-01 00:05:23.065, -0.171, 0.985, -0.068, 0, 0.183, 0.366, , , , , , , 93.988, 10.014, 8.438, 0.000, 0.000, 0.000, 26.1, 0.68228, 0.72211, 0.11301, -0.01367, 410, 100,
 11:50:28.644,d2:03:b8:43:8d:44, 2015-01-01 00:05:23.065, -0.171, 0.982, -0.067, 0.061, 0.122, 0.244, , , , , , , 93.988, 10.014, 8.438, 0.000, 0.000, 0.000, 26.1, 0.68228, 0.72211, 0.11301, -0.01367, 410, 100,
 11:50:28.644,d2:03:b8:43:8d:44, 2015-01-01 00:05:23.065, -0.172, 0.983, -0.067, 0.183, 0.183, 0.244, , , , , , , 93.988, 10.014, 8.438, 0.000, 0.000, 0.000, 26.1, 0.68228, 0.72211, 0.11301, -0.01367, 410, 100,
 11:50:28.644,d2:03:b8:43:8d:44, 2015-01-01 00:05:23.065, -0.177, 0.984, -0.07, 0, 0.244, 0.183, , , , , , , 93.983, 10.014, 8.438, 0.000, 0.000, 0.000, 26.1, 0.68228, 0.72211, 0.11301, -0.01367, 410, 100,
 11:50:28.679,d2:03:b8:43:8d:44, 2015-01-01 00:05:23.065, -0.174, 0.981, -0.067, 0.122, 0.122, 0.122, , , , , , , 93.983, 10.014, 8.438, 0.000, 0.000, 0.000, 26.1, 0.68228, 0.72211, 0.11301, -0.01367, 410, 100,
 11:50:28.680,d2:03:b8:43:8d:44, 2015-01-01 00:05:23.065, -0.174, 0.984, -0.069, 0.061, 0, 0.122, , , , , , , 93.983, 10.014, 8.438, 0.000, 0.000, 0.000, 26.1, 0.68228, 0.72211, 0.11301, -0.01367, 410, 100,
 11:50:28.680,d2:03:b8:43:8d:44, 2015-01-01 00:05:23.065, -0.176, 0.982, -0.068, 0, 0.244, -0.305, , , , , , , 93.983, 10.014, 8.438, 0.000, 0.000, 0.000, 26.1, 0.68228, 0.72211, 0.11301, -0.01367, 410, 100,
 11:50:28.680,d2:03:b8:43:8d:44, 2015-01-01 00:05:23.065, -0.173, 0.983, -0.066, 0.061, 0.061, -0.488, , , , , , , 93.983, 10.014, 8.438, 0.000, 0.000, 0.000, 26.1, 0.68228, 0.72211, 0.11301, -0.01367, 410, 100,
 11:50:28.720,d2:03:b8:43:8d:44, 2015-01-01 00:05:23.065, -0.171, 0.985, -0.069, -0.061, 0.061, -0.061, , , , , , , 93.983, 10.014, 8.438, 0.000, 0.000, 0.000, 26.1, 0.68228, 0.72211, 0.11301, -0.01367, 410, 100,
 11:50:28.720,d2:03:b8:43:8d:44, 2015-01-01 00:05:23.065, -0.175, 0.983, -0.064, 0, 0.183, -0.061, , , , , , , 93.983, 10.014, 8.438, 0.000, 0.000, 0.000, 26.1, 0.68228, 0.72211, 0.11301, -0.01367, 410, 100,
 11:50:28.720,d2:03:b8:43:8d:44, 2015-01-01 00:05:23.065, -0.17, 0.984, -0.065, 0.183, -0.061, -0.061, , , , , , , 93.983, 10.014, 8.438, 0.000, 0.000, 0.000, 26.1, 0.68228, 0.72211, 0.11301, -0.01367, 410, 100,
 11:50:28.721,d2:03:b8:43:8d:44, 2015-01-01 00:05:23.065, -0.178, 0.985, -0.067, 0, 0.366, 0.244, , , , , , , 93.983, 10.014, 8.438, 0.000, 0.000, 0.000, 26.1, 0.68228, 0.72211, 0.11301, -0.01367, 410, 100,
 11:50:28.737,d2:03:b8:43:8d:44, 2015-01-01 00:05:23.065, -0.175, 0.98, -0.065, 0.122, 0, 0, , , , , , , 93.983, 10.014, 8.438, 0.000, 0.000, 0.000, 26.1, 0.68228, 0.72211, 0.11301, -0.01367, 410, 100,
 11:50:28.737,d2:03:b8:43:8d:44, 2015-01-01 00:05:23.065, -0.177, 0.984, -0.067, 0.122, 0.183, 0.122, , , , , , , 93.983, 10.014, 8.438, 0.000, 0.000, 0.000, 26.1, 0.68228, 0.72211, 0.11301, -0.01367, 410, 100,
 11:50:28.738,d2:03:b8:43:8d:44, 2015-01-01 00:05:23.065, -0.177, 0.982, -0.068, 0, 0.183, 0.122, , , , , , , 93.983, 10.014, 8.438, 0.000, 0.000, 0.000, 26.1, 0.68228, 0.72211, 0.11301, -0.01367, 410, 100,
 11:50:28.738,d2:03:b8:43:8d:44, 2015-01-01 00:05:23.065, -0.172, 0.981, -0.068, 0.183, 0.061, 0, , , , , , , 93.983, 10.014, 8.438, 0.000, 0.000, 0.000, 26.1, 0.68228, 0.72211, 0.11301, -0.01367, 410, 100,
 11:50:28.829,d2:03:b8:43:8d:44, 2015-01-01 00:05:23.065, -0.174, 0.984, -0.07, 0, 0.122, 0, , , , , , , 93.983, 10.014, 8.438, 0.000, 0.000, 0.000, 26.1, 0.68228, 0.72211, 0.11301, -0.01367, 410, 100,
 11:50:28.829,d2:03:b8:43:8d:44, 2015-01-01 00:05:23.065, -0.169, 0.983, -0.069, 0.061, 0.122, -0.061, , , , , , , 93.983, 10.014, 8.438, 0.000, 0.000, 0.000, 26.1, 0.68228, 0.72211, 0.11301, -0.01367, 410, 100,
 11:50:28.865,d2:03:b8:43:8d:44, 2015-01-01 00:05:23.065, -0.171, 0.984, -0.068, 0.122, 0.183, 0.183, , , , , , , 93.983, 10.014, 8.438, 0.000, 0.000, 0.000, 26.1, 0.68228, 0.72211, 0.11301, -0.01367, 410, 100,
 11:50:28.967,d2:03:b8:43:8d:44, 2015-01-01 00:05:23.065, -0.17, 0.985, -0.07, 0, 0.122, 0.122, , , , , , , 93.983, 10.014, 8.438, 0.000, 0.000, 0.000, 26.1, 0.68231, 0.72208, 0.11301, -0.01364, 410, 100,
 11:50:29.075,d2:03:b8:43:8d:44, 2015-01-01 00:05:23.480, -0.175, 0.983, -0.068, 0.061, 0.244, 0.061, , , , , , , 93.983, 10.014, 8.438, 0.000, 0.000, 0.000, 26.1, 0.68231, 0.72208, 0.11301, -0.01364, 410, 100,
 11:50:29.106,d2:03:b8:43:8d:44, 2015-01-01 00:05:23.480, -0.174, 0.984, -0.068, 0, 0, 0.122, , , , , , , 93.983, 10.014, 8.438, 0.000, 0.000, 0.000, 26.1, 0.68231, 0.72208, 0.11301, -0.01364, 410, 100,
 11:50:29.107,d2:03:b8:43:8d:44, 2015-01-01 00:05:23.480, -0.177, 0.983, -0.067, -0.061, 0.305, 0.122, , , , , , , 93.983, 10.014, 8.438, 0.000, 0.000, 0.000, 26.1, 0.68231, 0.72208, 0.11301, -0.01364, 410, 100,
 11:50:29.107,d2:03:b8:43:8d:44, 2015-01-01 00:05:23.480, -0.176, 0.981, -0.064, 0.122, 0, -0.183, , , , , , , 93.983, 10.014, 8.438, 0.000, 0.000, 0.000, 26.1, 0.68231, 0.72208, 0.11301, -0.01364, 410, 100,
 11:50:29.107,d2:03:b8:43:8d:44, 2015-01-01 00:05:23.480, -0.173, 0.984, -0.066, 0.061, 0.122, -0.183, , , , , , , 93.983, 10.014, 8.438, 0.000, 0.000, 0.000, 26.1, 0.68231, 0.72208, 0.11301, -0.01364, 410, 100,
 11:50:29.144,d2:03:b8:43:8d:44, 2015-01-01 00:05:23.480, -0.175, 0.984, -0.066, 0, 0.122, -0.183, , , , , , , 93.983, 10.014, 8.438, 0.000, 0.000, 0.000, 26.1, 0.68231, 0.72208, 0.11301, -0.01364, 410, 100,
 11:50:29.144,d2:03:b8:43:8d:44, 2015-01-01 00:05:23.480, -0.17, 0.982, -0.065, 0.183, 0.061, -0.183, , , , , , , 93.983, 10.014, 8.438, 0.000, 0.000, 0.000, 26.1, 0.68231, 0.72208, 0.11301, -0.01364, 410, 100,
 11:50:29.144,d2:03:b8:43:8d:44, 2015-01-01 00:05:23.480, -0.174, 0.985, -0.068, 0.061, 0.122, 0.061, , , , , , , 93.983, 10.014, 8.438, 0.000, 0.000, 0.000, 26.1, 0.68231, 0.72208, 0.11301, -0.01364, 410, 100,
 11:50:29.145,d2:03:b8:43:8d:44, 2015-01-01 00:05:23.480, -0.172, 0.981, -0.066, 0.183, 0, 0, , , , , , , 93.983, 10.014, 8.438, 0.000, 0.000, 0.000, 26.1, 0.68231, 0.72208, 0.11301, -0.01364, 410, 100,
 11:50:29.145,d2:03:b8:43:8d:44, 2015-01-01 00:05:23.480, -0.175, 0.983, -0.069, 0.305, 0.183, 0.305, , , , , , , 93.983, 10.014, 8.438, 0.000, 0.000, 0.000, 26.1, 0.68231, 0.72208, 0.11301, -0.01364, 410, 100,
 11:50:29.145,d2:03:b8:43:8d:44, 2015-01-01 00:05:23.480, -0.174, 0.983, -0.072, 0, 0.061, 0.244, , , , , , , 93.983, 10.014, 8.438, 0.000, 0.000, 0.000, 26.1, 0.68231, 0.72208, 0.11301, -0.01364, 410, 100,
 11:50:29.146,d2:03:b8:43:8d:44, 2015-01-01 00:05:23.480, -0.177, 0.981, -0.069, 0.122, 0.244, 0.122, , , , , , , 93.983, 10.014, 8.438, 0.000, 0.000, 0.000, 26.1, 0.68231, 0.72208, 0.11301, -0.01364, 410, 100,
 11:50:29.146,d2:03:b8:43:8d:44, 2015-01-01 00:05:23.480, -0.174, 0.983, -0.071, 0, 0, 0.061, , , , , , , 93.983, 10.014, 8.438, 0.000, 0.000, 0.000, 26.1, 0.68231, 0.72208, 0.11301, -0.01364, 410, 100,
 11:50:29.147,d2:03:b8:43:8d:44, 2015-01-01 00:05:23.480, -0.173, 0.983, -0.071, 0, 0.244, 0, , , , , , , 93.983, 10.014, 8.438, 0.000, 0.000, 0.000, 26.1, 0.68231, 0.72208, 0.11301, -0.01364, 410, 100,
 11:50:29.147,d2:03:b8:43:8d:44, 2015-01-01 00:05:23.480, -0.171, 0.984, -0.069, 0.061, 0, -0.061, , , , , , , 93.983, 10.014, 8.438, 0.000, 0.000, 0.000, 26.1, 0.68231, 0.72208, 0.11301, -0.01364, 410, 100,
 11:50:29.147,d2:03:b8:43:8d:44, 2015-01-01 00:05:23.480, -0.167, 0.985, -0.068, -0.061, 0.061, 0.183, , , , , , , 93.983, 10.014, 8.438, 0.000, 0.000, 0.000, 26.1, 0.68231, 0.72208, 0.11301, -0.01364, 410, 100,
 11:50:29.148,d2:03:b8:43:8d:44, 2015-01-01 00:05:23.480, -0.173, 0.985, -0.066, -0.122, 0.183, 0.061, , , , , , , 93.983, 10.014, 8.438, 0.000, 0.000, 0.000, 26.1, 0.68231, 0.72208, 0.11301, -0.01364, 410, 100,
 11:50:29.148,d2:03:b8:43:8d:44, 2015-01-01 00:05:23.480, -0.17, 0.984, -0.063, 0, 0, -0.061, , , , , , , 93.983, 10.014, 8.438, 0.000, 0.000, 0.000, 26.1, 0.68231, 0.72208, 0.11301, -0.01364, 410, 100,
 11:50:29.149,d2:03:b8:43:8d:44, 2015-01-01 00:05:23.480, -0.175, 0.986, -0.064, 0, 0.183, 0.366, , , , , , , 93.983, 10.014, 8.438, 0.000, 0.000, 0.000, 26.1, 0.68231, 0.72208, 0.11301, -0.01364, 410, 100,
 11:50:29.149,d2:03:b8:43:8d:44, 2015-01-01 00:05:23.480, -0.176, 0.981, -0.062, 0, 0.122, -0.061, , , , , , , 93.983, 10.014, 8.438, 0.000, 0.000, 0.000, 26.1, 0.68231, 0.72208, 0.11301, -0.01364, 410, 100,
 11:50:29.166,d2:03:b8:43:8d:44, 2015-01-01 00:05:23.480, -0.178, 0.981, -0.062, 0.183, 0.122, -0.244, , , , , , , 93.983, 10.014, 8.438, 0.000, 0.000, 0.000, 26.1, 0.68231, 0.72208, 0.11301, -0.01364, 410, 100,
 11:50:29.166,d2:03:b8:43:8d:44, 2015-01-01 00:05:23.480, -0.178, 0.981, -0.063, 0, 0.122, -0.122, , , , , , , 93.983, 10.014, 8.438, 0.000, 0.000, 0.000, 26.1, 0.68231, 0.72208, 0.11301, -0.01364, 410, 100,
 11:50:29.166,d2:03:b8:43:8d:44, 2015-01-01 00:05:23.480, -0.174, 0.98, -0.063, 0.244, 0.122, -0.366, , , , , , , 93.983, 10.014, 8.438, 0.000, 0.000, 0.000, 26.1, 0.68231, 0.72208, 0.11301, -0.01364, 410, 100,
 11:50:29.167,d2:03:b8:43:8d:44, 2015-01-01 00:05:23.480, -0.172, 0.984, -0.069, 0.183, 0, -0.183, , , , , , , 93.977, 10.014, 8.438, 0.000, 0.000, 0.000, 26.1, 0.68231, 0.72208, 0.11301, -0.01364, 410, 100,
 11:50:29.167,d2:03:b8:43:8d:44, 2015-01-01 00:05:23.480, -0.176, 0.984, -0.07, 0.244, 0.244, -0.427, , , , , , , 93.977, 10.014, 8.438, 0.000, 0.000, 0.000, 26.1, 0.68231, 0.72208, 0.11301, -0.01364, 410, 100,
 11:50:29.167,d2:03:b8:43:8d:44, 2015-01-01 00:05:23.480, -0.176, 0.986, -0.072, 0.366, 0, -0.305, , , , , , , 93.977, 10.014, 8.438, 0.000, 0.000, 0.000, 26.1, 0.68231, 0.72208, 0.11301, -0.01364, 410, 100,
 11:50:29.168,d2:03:b8:43:8d:44, 2015-01-01 00:05:23.480, -0.169, 0.985, -0.074, 0, 0.183, 0.977, , , , , , , 93.977, 10.014, 8.438, 0.000, 0.000, 0.000, 26.1, 0.68231, 0.72208, 0.11301, -0.01364, 410, 100,
 11:50:29.168,d2:03:b8:43:8d:44, 2015-01-01 00:05:23.480, -0.171, 0.98, -0.071, 0, 0.183, 0.671, , , , , , , 93.977, 10.014, 8.438, 0.000, 0.000, 0.000, 26.1, 0.68231, 0.72208, 0.11301, -0.01364, 410, 100,
 11:50:29.168,d2:03:b8:43:8d:44, 2015-01-01 00:05:23.480, -0.171, 0.985, -0.073, 0, 0.061, -0.122, , , , , , , 93.977, 10.014, 8.438, 0.000, 0.000, 0.000, 26.1, 0.68231, 0.72208, 0.11301, -0.01364, 410, 100,
 11:50:29.169,d2:03:b8:43:8d:44, 2015-01-01 00:05:23.480, -0.173, 0.987, -0.07, -0.244, 0.366, 0.61, , , , , , , 93.977, 10.014, 8.438, 0.000, 0.000, 0.000, 26.1, 0.68231, 0.72208, 0.11301, -0.01364, 410, 100,
 11:50:29.169,d2:03:b8:43:8d:44, 2015-01-01 00:05:23.480, -0.169, 0.981, -0.066, -0.122, 0, 0.732, , , , , , , 93.977, 10.014, 8.438, 0.000, 0.000, 0.000, 26.1, 0.68231, 0.72208, 0.11301, -0.01364, 410, 100,
 11:50:29.169,d2:03:b8:43:8d:44, 2015-01-01 00:05:23.480, -0.176, 0.981, -0.065, 0.061, 0.244, -0.122, , , , , , , 93.983, 10.014, 8.438, 0.000, 0.000, 0.000, 26.1, 0.68231, 0.72208, 0.11301, -0.01364, 410, 100,
 11:50:29.170,d2:03:b8:43:8d:44, 2015-01-01 00:05:23.480, -0.179, 0.984, -0.065, 0.061, 0.122, -0.793, , , , , , , 93.983, 10.014, 8.438, 0.000, 0.000, 0.000, 26.1, 0.68231, 0.72208, 0.11301, -0.01364, 410, 100,
 11:50:29.170,d2:03:b8:43:8d:44, 2015-01-01 00:05:23.480, -0.172, 0.983, -0.062, 0.183, 0.122, -0.183, , , , , , , 93.977, 10.014, 8.438, 0.000, 0.000, 0.000, 26.1, 0.68231, 0.72208, 0.11301, -0.01364, 410, 100,
 11:50:29.170,d2:03:b8:43:8d:44, 2015-01-01 00:05:23.480, -0.171, 0.983, -0.065, 0, 0.061, -0.183, , , , , , , 93.977, 10.014, 8.438, 0.000, 0.000, 0.000, 26.1, 0.68231, 0.72208, 0.11301, -0.01364, 410, 100,
 11:50:29.171,d2:03:b8:43:8d:44, 2015-01-01 00:05:23.480, -0.175, 0.984, -0.065, 0.061, 0.183, -0.732, , , , , , , 93.977, 10.014, 8.438, 0.000, 0.000, 0.000, 26.1, 0.68231, 0.72208, 0.11301, -0.01364, 410, 100,
 11:50:29.171,d2:03:b8:43:8d:44, 2015-01-01 00:05:23.480, -0.175, 0.985, -0.066, 0.122, 0, -0.305, , , , , , , 93.977, 10.014, 8.438, 0.000, 0.000, 0.000, 26.1, 0.68231, 0.72208, 0.11301, -0.01364, 410, 100,
 11:50:29.171,d2:03:b8:43:8d:44, 2015-01-01 00:05:23.480, -0.172, 0.983, -0.068, 0, 0.061, 0.549, , , , , , , 93.977, 10.014, 8.438, 0.000, 0.000, 0.000, 26.1, 0.68231, 0.72208, 0.11301, -0.01364, 410, 100,
 11:50:29.172,d2:03:b8:43:8d:44, 2015-01-01 00:05:23.480, -0.176, 0.979, -0.067, 0.244, 0.183, 0.244, , , , , , , 93.977, 10.014, 8.438, 0.000, 0.000, 0.000, 26.1, 0.68231, 0.72208, 0.11301, -0.01364, 410, 100,
 11:50:29.172,d2:03:b8:43:8d:44, 2015-01-01 00:05:23.480, -0.174, 0.983, -0.071, 0.183, 0.061, -0.061, , , , , , , 93.977, 10.014, 8.438, 0.000, 0.000, 0.000, 26.1, 0.68231, 0.72208, 0.11301, -0.01364, 410, 100,
